SolidWorks IGES file using analytic representation for surfaces         S      1
1H,,1H;,15HSensorPh.SLDPRT,45HD:\Dropbox\STEAM\KASS\Modelos 3D\SensorPh.G      1
IGS,15HSolidWorks 2025,15HSolidWorks 2025,32,308,15,308,15,15HSensorPh.SG      2
LDPRT,1.,2,2HMM,50,0.125,13H260305.112744,1E-08,499990.,5Hlupus,,11,0,  G      3
13H260305.112744;                                                       G      4
     314       1       0       0       0                        00000200D      1
     314       0       4       1       0                               0D      2
     128       2       0       0       0                        01010000D      3
     128       0       0     160       0                               0D      4
     126     162       0       0       0                        01010500D      5
     126       0       0       2       0                               0D      6
     124     164       0       0       0                        00000000D      7
     124       0       0       4       0                               0D      8
     100     168       0       0       0               7        01010000D      9
     100       0       0       2       0                               0D     10
     126     170       0       0       0                        01010500D     11
     126       0       0       2       0                               0D     12
     126     172       0       0       0                        01010000D     13
     126       0       0       5       0                               0D     14
     126     177       0       0       0                        01010500D     15
     126       0       0       2       0                               0D     16
     126     179       0       0       0                        01010000D     17
     126       0       0       9       0                               0D     18
     126     188       0       0       0                        01010500D     19
     126       0       0       2       0                               0D     20
     124     190       0       0       0                        00000000D     21
     124       0       0       4       0                               0D     22
     100     194       0       0       0              21        01010000D     23
     100       0       0       2       0                               0D     24
     126     196       0       0       0                        01010500D     25
     126       0       0       2       0                               0D     26
     126     198       0       0       0                        01010000D     27
     126       0       0       7       0                               0D     28
     102     205       0       0       0                        01010500D     29
     102       0       0       1       0                               0D     30
     102     206       0       0       0                        01010000D     31
     102       0       0       1       0                               0D     32
     142     207       0       0       0                        00010500D     33
     142       0       0       1       0                               0D     34
     144     208       0       0       0                        00000000D     35
     144       0      -1       1       0                               0D     36
     128     209       0       0       0                        01010000D     37
     128       0       0      16       0                               0D     38
     126     225       0       0       0                        01010500D     39
     126       0       0       2       0                               0D     40
     124     227       0       0       0                        00000000D     41
     124       0       0       4       0                               0D     42
     100     231       0       0       0              41        01010000D     43
     100       0       0       2       0                               0D     44
     126     233       0       0       0                        01010500D     45
     126       0       0       2       0                               0D     46
     124     235       0       0       0                        00000000D     47
     124       0       0       5       0                               0D     48
     100     240       0       0       0              47        01010000D     49
     100       0       0       1       0                               0D     50
     126     241       0       0       0                        01010500D     51
     126       0       0       2       0                               0D     52
     124     243       0       0       0                        00000000D     53
     124       0       0       4       0                               0D     54
     100     247       0       0       0              53        01010000D     55
     100       0       0       2       0                               0D     56
     126     249       0       0       0                        01010500D     57
     126       0       0       2       0                               0D     58
     100     251       0       0       0                        01010000D     59
     100       0       0       1       0                               0D     60
     102     252       0       0       0                        01010500D     61
     102       0       0       1       0                               0D     62
     102     253       0       0       0                        01010000D     63
     102       0       0       1       0                               0D     64
     142     254       0       0       0                        00010500D     65
     142       0       0       1       0                               0D     66
     144     255       0       0       0                        00000000D     67
     144       0      -1       1       0                               0D     68
     128     256       0       0       0                        01010000D     69
     128       0       0      16       0                               0D     70
     126     272       0       0       0                        01010500D     71
     126       0       0       2       0                               0D     72
     100     274       0       0       0                        01010000D     73
     100       0       0       1       0                               0D     74
     126     275       0       0       0                        01010500D     75
     126       0       0       2       0                               0D     76
     124     277       0       0       0                        00000000D     77
     124       0       0       3       0                               0D     78
     100     280       0       0       0              77        01010000D     79
     100       0       0       1       0                               0D     80
     126     281       0       0       0                        01010500D     81
     126       0       0       2       0                               0D     82
     124     283       0       0       0                        00000000D     83
     124       0       0       4       0                               0D     84
     100     287       0       0       0              83        01010000D     85
     100       0       0       1       0                               0D     86
     126     288       0       0       0                        01010500D     87
     126       0       0       2       0                               0D     88
     124     290       0       0       0                        00000000D     89
     124       0       0       2       0                               0D     90
     100     292       0       0       0              89        01010000D     91
     100       0       0       1       0                               0D     92
     102     293       0       0       0                        01010500D     93
     102       0       0       1       0                               0D     94
     102     294       0       0       0                        01010000D     95
     102       0       0       1       0                               0D     96
     142     295       0       0       0                        00010500D     97
     142       0       0       1       0                               0D     98
     144     296       0       0       0                        00000000D     99
     144       0      -1       1       0                               0D    100
     128     297       0       0       0                        01010000D    101
     128       0       0      15       0                               0D    102
     126     312       0       0       0                        01010500D    103
     126       0       0       2       0                               0D    104
     100     314       0       0       0                        01010000D    105
     100       0       0       1       0                               0D    106
     126     315       0       0       0                        01010500D    107
     126       0       0       2       0                               0D    108
     124     317       0       0       0                        00000000D    109
     124       0       0       3       0                               0D    110
     100     320       0       0       0             109        01010000D    111
     100       0       0       1       0                               0D    112
     126     321       0       0       0                        01010500D    113
     126       0       0       2       0                               0D    114
     124     323       0       0       0                        00000000D    115
     124       0       0       4       0                               0D    116
     100     327       0       0       0             115        01010000D    117
     100       0       0       1       0                               0D    118
     126     328       0       0       0                        01010500D    119
     126       0       0       2       0                               0D    120
     124     330       0       0       0                        00000000D    121
     124       0       0       3       0                               0D    122
     100     333       0       0       0             121        01010000D    123
     100       0       0       1       0                               0D    124
     102     334       0       0       0                        01010500D    125
     102       0       0       1       0                               0D    126
     102     335       0       0       0                        01010000D    127
     102       0       0       1       0                               0D    128
     142     336       0       0       0                        00010500D    129
     142       0       0       1       0                               0D    130
     144     337       0       0       0                        00000000D    131
     144       0      -1       1       0                               0D    132
     314     338       0       0       0                        00000200D    133
     314       0       1       1       0                               0D    134
     128     339       0       0       0                        01010000D    135
     128       0       0     122       0                               0D    136
     126     461       0       0       0                        01010500D    137
     126       0       0      20       0                               0D    138
     126     481       0       0       0                        01010000D    139
     126       0       0       9       0                               0D    140
     126     490       0       0       0                        01010500D    141
     126       0       0       3       0                               0D    142
     126     493       0       0       0                        01010000D    143
     126       0       0       6       0                               0D    144
     126     499       0       0       0                        01010500D    145
     126       0       0       2       0                               0D    146
     126     501       0       0       0                        01010000D    147
     126       0       0      37       0                               0D    148
     126     538       0       0       0                        01010500D    149
     126       0       0       2       0                               0D    150
     124     540       0       0       0                        00000000D    151
     124       0       0       4       0                               0D    152
     100     544       0       0       0             151        01010000D    153
     100       0       0       2       0                               0D    154
     126     546       0       0       0                        01010500D    155
     126       0       0       2       0                               0D    156
     126     548       0       0       0                        01010000D    157
     126       0       0      36       0                               0D    158
     102     584       0       0       0                        01010500D    159
     102       0       0       1       0                               0D    160
     102     585       0       0       0                        01010000D    161
     102       0       0       1       0                               0D    162
     142     586       0       0       0                        00010500D    163
     142       0       0       1       0                               0D    164
     144     587       0       0       0                        00000000D    165
     144       0    -133       1       0                               0D    166
     314     588       0       0       0                        00000200D    167
     314       0       1       1       0                               0D    168
     110     589       0       0       0                        01010000D    169
     110       0       0       1       0                               0D    170
     110     590       0       0       0                        01010000D    171
     110       0       0       1       0                               0D    172
     120     591       0       0       0                        01010000D    173
     120       0       0       1       0                               0D    174
     126     592       0       0       0                        01010500D    175
     126       0       0       2       0                               0D    176
     100     594       0       0       0                        01010000D    177
     100       0       0       1       0                               0D    178
     126     595       0       0       0                        01010500D    179
     126       0       0       2       0                               0D    180
     110     597       0       0       0                        01010000D    181
     110       0       0       1       0                               0D    182
     126     598       0       0       0                        01010500D    183
     126       0       0       2       0                               0D    184
     124     600       0       0       0                        00000000D    185
     124       0       0       4       0                               0D    186
     100     604       0       0       0             185        01010000D    187
     100       0       0       1       0                               0D    188
     126     605       0       0       0                        01010500D    189
     126       0       0       4       0                               0D    190
     126     609       0       0       0                        01010000D    191
     126       0       0       5       0                               0D    192
     126     614       0       0       0                        01010500D    193
     126       0       0      12       0                               0D    194
     126     626       0       0       0                        01010000D    195
     126       0       0       5       0                               0D    196
     126     631       0       0       0                        01010500D    197
     126       0       0       2       0                               0D    198
     110     633       0       0       0                        01010000D    199
     110       0       0       1       0                               0D    200
     126     634       0       0       0                        01010500D    201
     126       0       0       2       0                               0D    202
     124     636       0       0       0                        00000000D    203
     124       0       0       3       0                               0D    204
     100     639       0       0       0             203        01010000D    205
     100       0       0       1       0                               0D    206
     126     640       0       0       0                        01010500D    207
     126       0       0       2       0                               0D    208
     110     642       0       0       0                        01010000D    209
     110       0       0       1       0                               0D    210
     126     643       0       0       0                        01010500D    211
     126       0       0      11       0                               0D    212
     126     654       0       0       0                        01010000D    213
     126       0       0       5       0                               0D    214
     126     659       0       0       0                        01010500D    215
     126       0       0       4       0                               0D    216
     126     663       0       0       0                        01010000D    217
     126       0       0       4       0                               0D    218
     126     667       0       0       0                        01010500D    219
     126       0       0       2       0                               0D    220
     124     669       0       0       0                        00000000D    221
     124       0       0       4       0                               0D    222
     100     673       0       0       0             221        01010000D    223
     100       0       0       1       0                               0D    224
     126     674       0       0       0                        01010500D    225
     126       0       0       2       0                               0D    226
     110     676       0       0       0                        01010000D    227
     110       0       0       1       0                               0D    228
     102     677       0       0       0                        01010500D    229
     102       0       0       1       0                               0D    230
     102     678       0       0       0                        01010000D    231
     102       0       0       1       0                               0D    232
     142     679       0       0       0                        00010500D    233
     142       0       0       1       0                               0D    234
     126     680       0       0       0                        01010500D    235
     126       0       0       2       0                               0D    236
     124     682       0       0       0                        00000000D    237
     124       0       0       4       0                               0D    238
     100     686       0       0       0             237        01010000D    239
     100       0       0       1       0                               0D    240
     126     687       0       0       0                        01010500D    241
     126       0       0       4       0                               0D    242
     126     691       0       0       0                        01010000D    243
     126       0       0       4       0                               0D    244
     126     695       0       0       0                        01010500D    245
     126       0       0      12       0                               0D    246
     126     707       0       0       0                        01010000D    247
     126       0       0       5       0                               0D    248
     126     712       0       0       0                        01010500D    249
     126       0       0      11       0                               0D    250
     126     723       0       0       0                        01010000D    251
     126       0       0       5       0                               0D    252
     126     728       0       0       0                        01010500D    253
     126       0       0       4       0                               0D    254
     126     732       0       0       0                        01010000D    255
     126       0       0       5       0                               0D    256
     102     737       0       0       0                        01010500D    257
     102       0       0       1       0                               0D    258
     102     738       0       0       0                        01010000D    259
     102       0       0       1       0                               0D    260
     142     739       0       0       0                        00010500D    261
     142       0       0       1       0                               0D    262
     144     740       0       0       0                        00000000D    263
     144       0    -167       1       0                               0D    264
     110     741       0       0       0                        01010000D    265
     110       0       0       1       0                               0D    266
     110     742       0       0       0                        01010000D    267
     110       0       0       1       0                               0D    268
     120     743       0       0       0                        01010000D    269
     120       0       0       1       0                               0D    270
     126     744       0       0       0                        01010500D    271
     126       0       0       2       0                               0D    272
     110     746       0       0       0                        01010000D    273
     110       0       0       1       0                               0D    274
     126     747       0       0       0                        01010500D    275
     126       0       0      11       0                               0D    276
     126     758       0       0       0                        01010000D    277
     126       0       0       5       0                               0D    278
     126     763       0       0       0                        01010500D    279
     126       0       0       2       0                               0D    280
     110     765       0       0       0                        01010000D    281
     110       0       0       1       0                               0D    282
     126     766       0       0       0                        01010500D    283
     126       0       0      12       0                               0D    284
     126     778       0       0       0                        01010000D    285
     126       0       0       5       0                               0D    286
     102     783       0       0       0                        01010500D    287
     102       0       0       1       0                               0D    288
     102     784       0       0       0                        01010000D    289
     102       0       0       1       0                               0D    290
     142     785       0       0       0                        00010500D    291
     142       0       0       1       0                               0D    292
     144     786       0       0       0                        00000000D    293
     144       0      -1       1       0                               0D    294
     110     787       0       0       0                        01010000D    295
     110       0       0       1       0                               0D    296
     110     788       0       0       0                        01010000D    297
     110       0       0       1       0                               0D    298
     120     789       0       0       0                        01010000D    299
     120       0       0       1       0                               0D    300
     126     790       0       0       0                        01010500D    301
     126       0       0       2       0                               0D    302
     110     792       0       0       0                        01010000D    303
     110       0       0       1       0                               0D    304
     126     793       0       0       0                        01010500D    305
     126       0       0      11       0                               0D    306
     126     804       0       0       0                        01010000D    307
     126       0       0       5       0                               0D    308
     126     809       0       0       0                        01010500D    309
     126       0       0       2       0                               0D    310
     110     811       0       0       0                        01010000D    311
     110       0       0       1       0                               0D    312
     126     812       0       0       0                        01010500D    313
     126       0       0      12       0                               0D    314
     126     824       0       0       0                        01010000D    315
     126       0       0       5       0                               0D    316
     102     829       0       0       0                        01010500D    317
     102       0       0       1       0                               0D    318
     102     830       0       0       0                        01010000D    319
     102       0       0       1       0                               0D    320
     142     831       0       0       0                        00010500D    321
     142       0       0       1       0                               0D    322
     144     832       0       0       0                        00000000D    323
     144       0      -1       1       0                               0D    324
     314     833       0       0       0                        00000200D    325
     314       0       1       1       0                               0D    326
     110     834       0       0       0                        01010000D    327
     110       0       0       1       0                               0D    328
     110     835       0       0       0                        01010000D    329
     110       0       0       1       0                               0D    330
     120     836       0       0       0                        01010000D    331
     120       0       0       1       0                               0D    332
     126     837       0       0       0                        01010500D    333
     126       0       0       2       0                               0D    334
     110     839       0       0       0                        01010000D    335
     110       0       0       1       0                               0D    336
     126     840       0       0       0                        01010500D    337
     126       0       0       2       0                               0D    338
     124     842       0       0       0                        00000000D    339
     124       0       0       4       0                               0D    340
     100     846       0       0       0             339        01010000D    341
     100       0       0       1       0                               0D    342
     126     847       0       0       0                        01010500D    343
     126       0       0       4       0                               0D    344
     126     851       0       0       0                        01010000D    345
     126       0       0       5       0                               0D    346
     126     856       0       0       0                        01010500D    347
     126       0       0      12       0                               0D    348
     126     868       0       0       0                        01010000D    349
     126       0       0       5       0                               0D    350
     126     873       0       0       0                        01010500D    351
     126       0       0       2       0                               0D    352
     110     875       0       0       0                        01010000D    353
     110       0       0       1       0                               0D    354
     126     876       0       0       0                        01010500D    355
     126       0       0       2       0                               0D    356
     124     878       0       0       0                        00000000D    357
     124       0       0       4       0                               0D    358
     100     882       0       0       0             357        01010000D    359
     100       0       0       1       0                               0D    360
     126     883       0       0       0                        01010500D    361
     126       0       0       2       0                               0D    362
     110     885       0       0       0                        01010000D    363
     110       0       0       1       0                               0D    364
     126     886       0       0       0                        01010500D    365
     126       0       0      11       0                               0D    366
     126     897       0       0       0                        01010000D    367
     126       0       0       5       0                               0D    368
     126     902       0       0       0                        01010500D    369
     126       0       0       4       0                               0D    370
     126     906       0       0       0                        01010000D    371
     126       0       0       5       0                               0D    372
     126     911       0       0       0                        01010500D    373
     126       0       0       2       0                               0D    374
     124     913       0       0       0                        00000000D    375
     124       0       0       4       0                               0D    376
     100     917       0       0       0             375        01010000D    377
     100       0       0       1       0                               0D    378
     126     918       0       0       0                        01010500D    379
     126       0       0       2       0                               0D    380
     110     920       0       0       0                        01010000D    381
     110       0       0       1       0                               0D    382
     126     921       0       0       0                        01010500D    383
     126       0       0       2       0                               0D    384
     100     923       0       0       0                        01010000D    385
     100       0       0       1       0                               0D    386
     102     924       0       0       0                        01010500D    387
     102       0       0       1       0                               0D    388
     102     925       0       0       0                        01010000D    389
     102       0       0       1       0                               0D    390
     142     926       0       0       0                        00010500D    391
     142       0       0       1       0                               0D    392
     126     927       0       0       0                        01010500D    393
     126       0       0       2       0                               0D    394
     124     929       0       0       0                        00000000D    395
     124       0       0       4       0                               0D    396
     100     933       0       0       0             395        01010000D    397
     100       0       0       1       0                               0D    398
     126     934       0       0       0                        01010500D    399
     126       0       0       4       0                               0D    400
     126     938       0       0       0                        01010000D    401
     126       0       0       5       0                               0D    402
     126     943       0       0       0                        01010500D    403
     126       0       0      12       0                               0D    404
     126     955       0       0       0                        01010000D    405
     126       0       0       5       0                               0D    406
     126     960       0       0       0                        01010500D    407
     126       0       0      11       0                               0D    408
     126     971       0       0       0                        01010000D    409
     126       0       0       5       0                               0D    410
     126     976       0       0       0                        01010500D    411
     126       0       0       4       0                               0D    412
     126     980       0       0       0                        01010000D    413
     126       0       0       5       0                               0D    414
     102     985       0       0       0                        01010500D    415
     102       0       0       1       0                               0D    416
     102     986       0       0       0                        01010000D    417
     102       0       0       1       0                               0D    418
     142     987       0       0       0                        00010500D    419
     142       0       0       1       0                               0D    420
     144     988       0       0       0                        00000000D    421
     144       0    -325       1       0                               0D    422
     314     989       0       0       0                        00000200D    423
     314       0       8       1       0                               0D    424
     110     990       0       0       0                        01010000D    425
     110       0       0       1       0                               0D    426
     110     991       0       0       0                        01010000D    427
     110       0       0       1       0                               0D    428
     120     992       0       0       0                        01010000D    429
     120       0       0       1       0                               0D    430
     126     993       0       0       0                        01010500D    431
     126       0       0       2       0                               0D    432
     126     995       0       0       0                        01010000D    433
     126       0       0       5       0                               0D    434
     126    1000       0       0       0                        01010500D    435
     126       0       0       2       0                               0D    436
     110    1002       0       0       0                        01010000D    437
     110       0       0       1       0                               0D    438
     126    1003       0       0       0                        01010500D    439
     126       0       0       2       0                               0D    440
     124    1005       0       0       0                        00000000D    441
     124       0       0       3       0                               0D    442
     100    1008       0       0       0             441        01010000D    443
     100       0       0       1       0                               0D    444
     126    1009       0       0       0                        01010500D    445
     126       0       0       2       0                               0D    446
     110    1011       0       0       0                        01010000D    447
     110       0       0       1       0                               0D    448
     126    1012       0       0       0                        01010500D    449
     126       0       0       2       0                               0D    450
     126    1014       0       0       0                        01010000D    451
     126       0       0       5       0                               0D    452
     126    1019       0       0       0                        01010500D    453
     126       0       0       7       0                               0D    454
     126    1026       0       0       0                        01010000D    455
     126       0       0       9       0                               0D    456
     102    1035       0       0       0                        01010500D    457
     102       0       0       1       0                               0D    458
     102    1036       0       0       0                        01010000D    459
     102       0       0       1       0                               0D    460
     142    1037       0       0       0                        00010500D    461
     142       0       0       1       0                               0D    462
     144    1038       0       0       0                        00000000D    463
     144       0    -423       1       0                               0D    464
     314    1039       0       0       0                        00000200D    465
     314       0       8       1       0                               0D    466
     128    1040       0       0       0                        01010000D    467
     128       0       0      16       0                               0D    468
     126    1056       0       0       0                        01010500D    469
     126       0       0       2       0                               0D    470
     124    1058       0       0       0                        00000000D    471
     124       0       0       4       0                               0D    472
     100    1062       0       0       0             471        01010000D    473
     100       0       0       2       0                               0D    474
     126    1064       0       0       0                        01010500D    475
     126       0       0       2       0                               0D    476
     126    1066       0       0       0                        01010500D    477
     126       0       0       2       0                               0D    478
     124    1068       0       0       0                        00000000D    479
     124       0       0       4       0                               0D    480
     100    1072       0       0       0             479        01010000D    481
     100       0       0       2       0                               0D    482
     126    1074       0       0       0                        01010500D    483
     126       0       0       9       0                               0D    484
     126    1083       0       0       0                        01010000D    485
     126       0       0       9       0                               0D    486
     102    1092       0       0       0                        01010500D    487
     102       0       0       1       0                               0D    488
     102    1093       0       0       0                        01010000D    489
     102       0       0       1       0                               0D    490
     142    1094       0       0       0                        00010500D    491
     142       0       0       1       0                               0D    492
     144    1095       0       0       0                        00000000D    493
     144       0    -465       1       0                               0D    494
     314    1096       0       0       0                        00000200D    495
     314       0       8       1       0                               0D    496
     110    1097       0       0       0                        01010000D    497
     110       0       0       1       0                               0D    498
     110    1098       0       0       0                        01010000D    499
     110       0       0       1       0                               0D    500
     120    1099       0       0       0                        01010000D    501
     120       0       0       1       0                               0D    502
     126    1100       0       0       0                        01010500D    503
     126       0       0       2       0                               0D    504
     110    1102       0       0       0                        01010000D    505
     110       0       0       1       0                               0D    506
     126    1103       0       0       0                        01010500D    507
     126       0       0       2       0                               0D    508
     100    1105       0       0       0                        01010000D    509
     100       0       0       2       0                               0D    510
     126    1107       0       0       0                        01010500D    511
     126       0       0       2       0                               0D    512
     110    1109       0       0       0                        01010000D    513
     110       0       0       1       0                               0D    514
     126    1110       0       0       0                        01010500D    515
     126       0       0       2       0                               0D    516
     124    1112       0       0       0                        00000000D    517
     124       0       0       4       0                               0D    518
     100    1116       0       0       0             517        01010000D    519
     100       0       0       2       0                               0D    520
     102    1118       0       0       0                        01010500D    521
     102       0       0       1       0                               0D    522
     102    1119       0       0       0                        01010000D    523
     102       0       0       1       0                               0D    524
     142    1120       0       0       0                        00010500D    525
     142       0       0       1       0                               0D    526
     144    1121       0       0       0                        00000000D    527
     144       0    -495       1       0                               0D    528
     110    1122       0       0       0                        01010000D    529
     110       0       0       1       0                               0D    530
     110    1123       0       0       0                        01010000D    531
     110       0       0       1       0                               0D    532
     120    1124       0       0       0                        01010000D    533
     120       0       0       1       0                               0D    534
     126    1125       0       0       0                        01010500D    535
     126       0       0       2       0                               0D    536
     124    1127       0       0       0                        00000000D    537
     124       0       0       4       0                               0D    538
     100    1131       0       0       0             537        01010000D    539
     100       0       0       1       0                               0D    540
     126    1132       0       0       0                        01010500D    541
     126       0       0       2       0                               0D    542
     110    1134       0       0       0                        01010000D    543
     110       0       0       1       0                               0D    544
     126    1135       0       0       0                        01010500D    545
     126       0       0       2       0                               0D    546
     100    1137       0       0       0                        01010000D    547
     100       0       0       1       0                               0D    548
     126    1138       0       0       0                        01010500D    549
     126       0       0       2       0                               0D    550
     110    1140       0       0       0                        01010000D    551
     110       0       0       1       0                               0D    552
     102    1141       0       0       0                        01010500D    553
     102       0       0       1       0                               0D    554
     102    1142       0       0       0                        01010000D    555
     102       0       0       1       0                               0D    556
     142    1143       0       0       0                        00010500D    557
     142       0       0       1       0                               0D    558
     144    1144       0       0       0                        00000000D    559
     144       0      -1       1       0                               0D    560
     110    1145       0       0       0                        01010000D    561
     110       0       0       1       0                               0D    562
     110    1146       0       0       0                        01010000D    563
     110       0       0       1       0                               0D    564
     120    1147       0       0       0                        01010000D    565
     120       0       0       1       0                               0D    566
     126    1148       0       0       0                        01010500D    567
     126       0       0       2       0                               0D    568
     124    1150       0       0       0                        00000000D    569
     124       0       0       5       0                               0D    570
     100    1155       0       0       0             569        01010000D    571
     100       0       0       1       0                               0D    572
     126    1156       0       0       0                        01010500D    573
     126       0       0       2       0                               0D    574
     110    1158       0       0       0                        01010000D    575
     110       0       0       1       0                               0D    576
     126    1159       0       0       0                        01010500D    577
     126       0       0       2       0                               0D    578
     100    1161       0       0       0                        01010000D    579
     100       0       0       1       0                               0D    580
     126    1162       0       0       0                        01010500D    581
     126       0       0       2       0                               0D    582
     110    1164       0       0       0                        01010000D    583
     110       0       0       1       0                               0D    584
     102    1165       0       0       0                        01010500D    585
     102       0       0       1       0                               0D    586
     102    1166       0       0       0                        01010000D    587
     102       0       0       1       0                               0D    588
     142    1167       0       0       0                        00010500D    589
     142       0       0       1       0                               0D    590
     144    1168       0       0       0                        00000000D    591
     144       0      -1       1       0                               0D    592
     314    1169       0       0       0                        00000200D    593
     314       0       8       1       0                               0D    594
     110    1170       0       0       0                        01010000D    595
     110       0       0       1       0                               0D    596
     110    1171       0       0       0                        01010000D    597
     110       0       0       1       0                               0D    598
     120    1172       0       0       0                        01010000D    599
     120       0       0       1       0                               0D    600
     126    1173       0       0       0                        01010500D    601
     126       0       0       2       0                               0D    602
     124    1175       0       0       0                        00000000D    603
     124       0       0       4       0                               0D    604
     100    1179       0       0       0             603        01010000D    605
     100       0       0       1       0                               0D    606
     126    1180       0       0       0                        01010500D    607
     126       0       0       2       0                               0D    608
     110    1182       0       0       0                        01010000D    609
     110       0       0       1       0                               0D    610
     126    1183       0       0       0                        01010500D    611
     126       0       0       2       0                               0D    612
     100    1185       0       0       0                        01010000D    613
     100       0       0       1       0                               0D    614
     126    1186       0       0       0                        01010500D    615
     126       0       0       2       0                               0D    616
     110    1188       0       0       0                        01010000D    617
     110       0       0       1       0                               0D    618
     102    1189       0       0       0                        01010500D    619
     102       0       0       1       0                               0D    620
     102    1190       0       0       0                        01010000D    621
     102       0       0       1       0                               0D    622
     142    1191       0       0       0                        00010500D    623
     142       0       0       1       0                               0D    624
     144    1192       0       0       0                        00000000D    625
     144       0    -593       1       0                               0D    626
     314    1193       0       0       0                        00000200D    627
     314       0       1       1       0                               0D    628
     110    1194       0       0       0                        01010000D    629
     110       0       0       1       0                               0D    630
     110    1195       0       0       0                        01010000D    631
     110       0       0       1       0                               0D    632
     120    1196       0       0       0                        01010000D    633
     120       0       0       1       0                               0D    634
     126    1197       0       0       0                        01010500D    635
     126       0       0       2       0                               0D    636
     124    1199       0       0       0                        00000000D    637
     124       0       0       4       0                               0D    638
     100    1203       0       0       0             637        01010000D    639
     100       0       0       1       0                               0D    640
     126    1204       0       0       0                        01010500D    641
     126       0       0       2       0                               0D    642
     110    1206       0       0       0                        01010000D    643
     110       0       0       1       0                               0D    644
     126    1207       0       0       0                        01010500D    645
     126       0       0       2       0                               0D    646
     100    1209       0       0       0                        01010000D    647
     100       0       0       1       0                               0D    648
     126    1210       0       0       0                        01010500D    649
     126       0       0       2       0                               0D    650
     110    1212       0       0       0                        01010000D    651
     110       0       0       1       0                               0D    652
     102    1213       0       0       0                        01010500D    653
     102       0       0       1       0                               0D    654
     102    1214       0       0       0                        01010000D    655
     102       0       0       1       0                               0D    656
     142    1215       0       0       0                        00010500D    657
     142       0       0       1       0                               0D    658
     144    1216       0       0       0                        00000000D    659
     144       0    -627       1       0                               0D    660
     110    1217       0       0       0                        01010000D    661
     110       0       0       1       0                               0D    662
     110    1218       0       0       0                        01010000D    663
     110       0       0       1       0                               0D    664
     120    1219       0       0       0                        01010000D    665
     120       0       0       1       0                               0D    666
     126    1220       0       0       0                        01010500D    667
     126       0       0       2       0                               0D    668
     124    1222       0       0       0                        00000000D    669
     124       0       0       4       0                               0D    670
     100    1226       0       0       0             669        01010000D    671
     100       0       0       1       0                               0D    672
     126    1227       0       0       0                        01010500D    673
     126       0       0       2       0                               0D    674
     110    1229       0       0       0                        01010000D    675
     110       0       0       1       0                               0D    676
     126    1230       0       0       0                        01010500D    677
     126       0       0       2       0                               0D    678
     100    1232       0       0       0                        01010000D    679
     100       0       0       1       0                               0D    680
     126    1233       0       0       0                        01010500D    681
     126       0       0       2       0                               0D    682
     110    1235       0       0       0                        01010000D    683
     110       0       0       1       0                               0D    684
     102    1236       0       0       0                        01010500D    685
     102       0       0       1       0                               0D    686
     102    1237       0       0       0                        01010000D    687
     102       0       0       1       0                               0D    688
     142    1238       0       0       0                        00010500D    689
     142       0       0       1       0                               0D    690
     144    1239       0       0       0                        00000000D    691
     144       0      -1       1       0                               0D    692
     314    1240       0       0       0                        00000200D    693
     314       0       8       1       0                               0D    694
     110    1241       0       0       0                        01010000D    695
     110       0       0       1       0                               0D    696
     110    1242       0       0       0                        01010000D    697
     110       0       0       1       0                               0D    698
     120    1243       0       0       0                        01010000D    699
     120       0       0       1       0                               0D    700
     126    1244       0       0       0                        01010500D    701
     126       0       0       2       0                               0D    702
     124    1246       0       0       0                        00000000D    703
     124       0       0       4       0                               0D    704
     100    1250       0       0       0             703        01010000D    705
     100       0       0       1       0                               0D    706
     126    1251       0       0       0                        01010500D    707
     126       0       0       2       0                               0D    708
     110    1253       0       0       0                        01010000D    709
     110       0       0       1       0                               0D    710
     126    1254       0       0       0                        01010500D    711
     126       0       0       2       0                               0D    712
     100    1256       0       0       0                        01010000D    713
     100       0       0       1       0                               0D    714
     126    1257       0       0       0                        01010500D    715
     126       0       0       2       0                               0D    716
     110    1259       0       0       0                        01010000D    717
     110       0       0       1       0                               0D    718
     102    1260       0       0       0                        01010500D    719
     102       0       0       1       0                               0D    720
     102    1261       0       0       0                        01010000D    721
     102       0       0       1       0                               0D    722
     142    1262       0       0       0                        00010500D    723
     142       0       0       1       0                               0D    724
     144    1263       0       0       0                        00000000D    725
     144       0    -693       1       0                               0D    726
     314    1264       0       0       0                        00000200D    727
     314       0       8       1       0                               0D    728
     110    1265       0       0       0                        01010000D    729
     110       0       0       1       0                               0D    730
     110    1266       0       0       0                        01010000D    731
     110       0       0       1       0                               0D    732
     120    1267       0       0       0                        01010000D    733
     120       0       0       1       0                               0D    734
     126    1268       0       0       0                        01010500D    735
     126       0       0       2       0                               0D    736
     110    1270       0       0       0                        01010000D    737
     110       0       0       1       0                               0D    738
     126    1271       0       0       0                        01010500D    739
     126       0       0       2       0                               0D    740
     124    1273       0       0       0                        00000000D    741
     124       0       0       3       0                               0D    742
     100    1276       0       0       0             741        01010000D    743
     100       0       0       1       0                               0D    744
     126    1277       0       0       0                        01010500D    745
     126       0       0       2       0                               0D    746
     110    1279       0       0       0                        01010000D    747
     110       0       0       1       0                               0D    748
     126    1280       0       0       0                        01010500D    749
     126       0       0       2       0                               0D    750
     100    1282       0       0       0                        01010000D    751
     100       0       0       1       0                               0D    752
     102    1283       0       0       0                        01010500D    753
     102       0       0       1       0                               0D    754
     102    1284       0       0       0                        01010000D    755
     102       0       0       1       0                               0D    756
     142    1285       0       0       0                        00010500D    757
     142       0       0       1       0                               0D    758
     144    1286       0       0       0                        00000000D    759
     144       0    -727       1       0                               0D    760
     314    1287       0       0       0                        00000200D    761
     314       0       8       1       0                               0D    762
     128    1288       0       0       0                        01010000D    763
     128       0       0       3       0                               0D    764
     126    1291       0       0       0                        01010500D    765
     126       0       0      22       0                               0D    766
     100    1313       0       0       0                        01010000D    767
     100       0       0       1       0                               0D    768
     126    1314       0       0       0                        01010500D    769
     126       0       0      22       0                               0D    770
     100    1336       0       0       0                        01010000D    771
     100       0       0       1       0                               0D    772
     102    1337       0       0       0                        01010500D    773
     102       0       0       1       0                               0D    774
     102    1338       0       0       0                        01010000D    775
     102       0       0       1       0                               0D    776
     142    1339       0       0       0                        00010500D    777
     142       0       0       1       0                               0D    778
     126    1340       0       0       0                        01010500D    779
     126       0       0      22       0                               0D    780
     124    1362       0       0       0                        00000000D    781
     124       0       0       3       0                               0D    782
     100    1365       0       0       0             781        01010000D    783
     100       0       0       1       0                               0D    784
     126    1366       0       0       0                        01010500D    785
     126       0       0      22       0                               0D    786
     124    1388       0       0       0                        00000000D    787
     124       0       0       4       0                               0D    788
     100    1392       0       0       0             787        01010000D    789
     100       0       0       1       0                               0D    790
     102    1393       0       0       0                        01010500D    791
     102       0       0       1       0                               0D    792
     102    1394       0       0       0                        01010000D    793
     102       0       0       1       0                               0D    794
     142    1395       0       0       0                        00010500D    795
     142       0       0       1       0                               0D    796
     144    1396       0       0       0                        00000000D    797
     144       0    -761       1       0                               0D    798
     314    1397       0       0       0                        00000200D    799
     314       0       8       1       0                               0D    800
     128    1398       0       0       0                        01010000D    801
     128       0       0       3       0                               0D    802
     126    1401       0       0       0                        01010500D    803
     126       0       0      22       0                               0D    804
     100    1423       0       0       0                        01010000D    805
     100       0       0       1       0                               0D    806
     126    1424       0       0       0                        01010500D    807
     126       0       0      22       0                               0D    808
     100    1446       0       0       0                        01010000D    809
     100       0       0       1       0                               0D    810
     102    1447       0       0       0                        01010500D    811
     102       0       0       1       0                               0D    812
     102    1448       0       0       0                        01010000D    813
     102       0       0       1       0                               0D    814
     142    1449       0       0       0                        00010500D    815
     142       0       0       1       0                               0D    816
     126    1450       0       0       0                        01010500D    817
     126       0       0      22       0                               0D    818
     124    1472       0       0       0                        00000000D    819
     124       0       0       4       0                               0D    820
     100    1476       0       0       0             819        01010000D    821
     100       0       0       2       0                               0D    822
     126    1478       0       0       0                        01010500D    823
     126       0       0      22       0                               0D    824
     124    1500       0       0       0                        00000000D    825
     124       0       0       3       0                               0D    826
     100    1503       0       0       0             825        01010000D    827
     100       0       0       2       0                               0D    828
     102    1505       0       0       0                        01010500D    829
     102       0       0       1       0                               0D    830
     102    1506       0       0       0                        01010000D    831
     102       0       0       1       0                               0D    832
     142    1507       0       0       0                        00010500D    833
     142       0       0       1       0                               0D    834
     144    1508       0       0       0                        00000000D    835
     144       0    -799       1       0                               0D    836
     110    1509       0       0       0                        01010000D    837
     110       0       0       1       0                               0D    838
     110    1510       0       0       0                        01010000D    839
     110       0       0       1       0                               0D    840
     120    1511       0       0       0                        01010000D    841
     120       0       0       1       0                               0D    842
     126    1512       0       0       0                        01010500D    843
     126       0       0       2       0                               0D    844
     110    1514       0       0       0                        01010000D    845
     110       0       0       1       0                               0D    846
     126    1515       0       0       0                        01010500D    847
     126       0       0       2       0                               0D    848
     124    1517       0       0       0                        00000000D    849
     124       0       0       3       0                               0D    850
     100    1520       0       0       0             849        01010000D    851
     100       0       0       1       0                               0D    852
     126    1521       0       0       0                        01010500D    853
     126       0       0       2       0                               0D    854
     110    1523       0       0       0                        01010000D    855
     110       0       0       1       0                               0D    856
     126    1524       0       0       0                        01010500D    857
     126       0       0       2       0                               0D    858
     100    1526       0       0       0                        01010000D    859
     100       0       0       1       0                               0D    860
     102    1527       0       0       0                        01010500D    861
     102       0       0       1       0                               0D    862
     102    1528       0       0       0                        01010000D    863
     102       0       0       1       0                               0D    864
     142    1529       0       0       0                        00010500D    865
     142       0       0       1       0                               0D    866
     144    1530       0       0       0                        00000000D    867
     144       0      -1       1       0                               0D    868
     128    1531       0       0       0                        01010000D    869
     128       0       0       3       0                               0D    870
     126    1534       0       0       0                        01010500D    871
     126       0       0      22       0                               0D    872
     100    1556       0       0       0                        01010000D    873
     100       0       0       1       0                               0D    874
     126    1557       0       0       0                        01010500D    875
     126       0       0      22       0                               0D    876
     100    1579       0       0       0                        01010000D    877
     100       0       0       1       0                               0D    878
     102    1580       0       0       0                        01010500D    879
     102       0       0       1       0                               0D    880
     102    1581       0       0       0                        01010000D    881
     102       0       0       1       0                               0D    882
     142    1582       0       0       0                        00010500D    883
     142       0       0       1       0                               0D    884
     126    1583       0       0       0                        01010500D    885
     126       0       0      21       0                               0D    886
     124    1604       0       0       0                        00000000D    887
     124       0       0       3       0                               0D    888
     100    1607       0       0       0             887        01010000D    889
     100       0       0       1       0                               0D    890
     126    1608       0       0       0                        01010500D    891
     126       0       0      21       0                               0D    892
     124    1629       0       0       0                        00000000D    893
     124       0       0       4       0                               0D    894
     100    1633       0       0       0             893        01010000D    895
     100       0       0       1       0                               0D    896
     102    1634       0       0       0                        01010500D    897
     102       0       0       1       0                               0D    898
     102    1635       0       0       0                        01010000D    899
     102       0       0       1       0                               0D    900
     142    1636       0       0       0                        00010500D    901
     142       0       0       1       0                               0D    902
     144    1637       0       0       0                        00000000D    903
     144       0      -1       1       0                               0D    904
     314    1638       0       0       0                        00000200D    905
     314       0       1       1       0                               0D    906
     110    1639       0       0       0                        01010000D    907
     110       0       0       1       0                               0D    908
     110    1640       0       0       0                        01010000D    909
     110       0       0       1       0                               0D    910
     120    1641       0       0       0                        01010000D    911
     120       0       0       1       0                               0D    912
     126    1642       0       0       0                        01010500D    913
     126       0       0       2       0                               0D    914
     110    1644       0       0       0                        01010000D    915
     110       0       0       1       0                               0D    916
     126    1645       0       0       0                        01010500D    917
     126       0       0       2       0                               0D    918
     124    1647       0       0       0                        00000000D    919
     124       0       0       3       0                               0D    920
     100    1650       0       0       0             919        01010000D    921
     100       0       0       1       0                               0D    922
     126    1651       0       0       0                        01010500D    923
     126       0       0       2       0                               0D    924
     110    1653       0       0       0                        01010000D    925
     110       0       0       1       0                               0D    926
     126    1654       0       0       0                        01010500D    927
     126       0       0       2       0                               0D    928
     100    1656       0       0       0                        01010000D    929
     100       0       0       1       0                               0D    930
     102    1657       0       0       0                        01010500D    931
     102       0       0       1       0                               0D    932
     102    1658       0       0       0                        01010000D    933
     102       0       0       1       0                               0D    934
     142    1659       0       0       0                        00010500D    935
     142       0       0       1       0                               0D    936
     144    1660       0       0       0                        00000000D    937
     144       0    -905       1       0                               0D    938
     314    1661       0       0       0                        00000200D    939
     314       0       8       1       0                               0D    940
     110    1662       0       0       0                        01010000D    941
     110       0       0       1       0                               0D    942
     110    1663       0       0       0                        01010000D    943
     110       0       0       1       0                               0D    944
     120    1664       0       0       0                        01010000D    945
     120       0       0       1       0                               0D    946
     126    1665       0       0       0                        01010500D    947
     126       0       0       2       0                               0D    948
     110    1667       0       0       0                        01010000D    949
     110       0       0       1       0                               0D    950
     126    1668       0       0       0                        01010500D    951
     126       0       0       2       0                               0D    952
     124    1670       0       0       0                        00000000D    953
     124       0       0       3       0                               0D    954
     100    1673       0       0       0             953        01010000D    955
     100       0       0       1       0                               0D    956
     126    1674       0       0       0                        01010500D    957
     126       0       0       2       0                               0D    958
     110    1676       0       0       0                        01010000D    959
     110       0       0       1       0                               0D    960
     126    1677       0       0       0                        01010500D    961
     126       0       0       2       0                               0D    962
     100    1679       0       0       0                        01010000D    963
     100       0       0       1       0                               0D    964
     102    1680       0       0       0                        01010500D    965
     102       0       0       1       0                               0D    966
     102    1681       0       0       0                        01010000D    967
     102       0       0       1       0                               0D    968
     142    1682       0       0       0                        00010500D    969
     142       0       0       1       0                               0D    970
     144    1683       0       0       0                        00000000D    971
     144       0    -939       1       0                               0D    972
     314    1684       0       0       0                        00000200D    973
     314       0       8       1       0                               0D    974
     128    1685       0       0       0                        01010000D    975
     128       0       0       3       0                               0D    976
     126    1688       0       0       0                        01010500D    977
     126       0       0      22       0                               0D    978
     100    1710       0       0       0                        01010000D    979
     100       0       0       1       0                               0D    980
     126    1711       0       0       0                        01010500D    981
     126       0       0      22       0                               0D    982
     100    1733       0       0       0                        01010000D    983
     100       0       0       1       0                               0D    984
     102    1734       0       0       0                        01010500D    985
     102       0       0       1       0                               0D    986
     102    1735       0       0       0                        01010000D    987
     102       0       0       1       0                               0D    988
     142    1736       0       0       0                        00010500D    989
     142       0       0       1       0                               0D    990
     126    1737       0       0       0                        01010500D    991
     126       0       0      22       0                               0D    992
     124    1759       0       0       0                        00000000D    993
     124       0       0       4       0                               0D    994
     100    1763       0       0       0             993        01010000D    995
     100       0       0       1       0                               0D    996
     126    1764       0       0       0                        01010500D    997
     126       0       0      22       0                               0D    998
     124    1786       0       0       0                        00000000D    999
     124       0       0       3       0                               0D   1000
     100    1789       0       0       0             999        01010000D   1001
     100       0       0       1       0                               0D   1002
     102    1790       0       0       0                        01010500D   1003
     102       0       0       1       0                               0D   1004
     102    1791       0       0       0                        01010000D   1005
     102       0       0       1       0                               0D   1006
     142    1792       0       0       0                        00010500D   1007
     142       0       0       1       0                               0D   1008
     144    1793       0       0       0                        00000000D   1009
     144       0    -973       1       0                               0D   1010
     110    1794       0       0       0                        01010000D   1011
     110       0       0       1       0                               0D   1012
     110    1795       0       0       0                        01010000D   1013
     110       0       0       1       0                               0D   1014
     120    1796       0       0       0                        01010000D   1015
     120       0       0       1       0                               0D   1016
     126    1797       0       0       0                        01010500D   1017
     126       0       0       2       0                               0D   1018
     110    1799       0       0       0                        01010000D   1019
     110       0       0       1       0                               0D   1020
     126    1800       0       0       0                        01010500D   1021
     126       0       0       2       0                               0D   1022
     124    1802       0       0       0                        00000000D   1023
     124       0       0       4       0                               0D   1024
     100    1806       0       0       0            1023        01010000D   1025
     100       0       0       1       0                               0D   1026
     126    1807       0       0       0                        01010500D   1027
     126       0       0       2       0                               0D   1028
     110    1809       0       0       0                        01010000D   1029
     110       0       0       1       0                               0D   1030
     126    1810       0       0       0                        01010500D   1031
     126       0       0       2       0                               0D   1032
     100    1812       0       0       0                        01010000D   1033
     100       0       0       1       0                               0D   1034
     102    1813       0       0       0                        01010500D   1035
     102       0       0       1       0                               0D   1036
     102    1814       0       0       0                        01010000D   1037
     102       0       0       1       0                               0D   1038
     142    1815       0       0       0                        00010500D   1039
     142       0       0       1       0                               0D   1040
     144    1816       0       0       0                        00000000D   1041
     144       0      -1       1       0                               0D   1042
     110    1817       0       0       0                        01010000D   1043
     110       0       0       1       0                               0D   1044
     110    1818       0       0       0                        01010000D   1045
     110       0       0       1       0                               0D   1046
     120    1819       0       0       0                        01010000D   1047
     120       0       0       1       0                               0D   1048
     126    1820       0       0       0                        01010500D   1049
     126       0       0       2       0                               0D   1050
     110    1822       0       0       0                        01010000D   1051
     110       0       0       1       0                               0D   1052
     126    1823       0       0       0                        01010500D   1053
     126       0       0       2       0                               0D   1054
     124    1825       0       0       0                        00000000D   1055
     124       0       0       3       0                               0D   1056
     100    1828       0       0       0            1055        01010000D   1057
     100       0       0       1       0                               0D   1058
     126    1829       0       0       0                        01010500D   1059
     126       0       0       2       0                               0D   1060
     110    1831       0       0       0                        01010000D   1061
     110       0       0       1       0                               0D   1062
     126    1832       0       0       0                        01010500D   1063
     126       0       0       2       0                               0D   1064
     100    1834       0       0       0                        01010000D   1065
     100       0       0       1       0                               0D   1066
     102    1835       0       0       0                        01010500D   1067
     102       0       0       1       0                               0D   1068
     102    1836       0       0       0                        01010000D   1069
     102       0       0       1       0                               0D   1070
     142    1837       0       0       0                        00010500D   1071
     142       0       0       1       0                               0D   1072
     144    1838       0       0       0                        00000000D   1073
     144       0      -1       1       0                               0D   1074
     128    1839       0       0       0                        01010000D   1075
     128       0       0       4       0                               0D   1076
     126    1843       0       0       0                        01010500D   1077
     126       0       0      22       0                               0D   1078
     100    1865       0       0       0                        01010000D   1079
     100       0       0       1       0                               0D   1080
     126    1866       0       0       0                        01010500D   1081
     126       0       0      22       0                               0D   1082
     100    1888       0       0       0                        01010000D   1083
     100       0       0       1       0                               0D   1084
     102    1889       0       0       0                        01010500D   1085
     102       0       0       1       0                               0D   1086
     102    1890       0       0       0                        01010000D   1087
     102       0       0       1       0                               0D   1088
     142    1891       0       0       0                        00010500D   1089
     142       0       0       1       0                               0D   1090
     126    1892       0       0       0                        01010500D   1091
     126       0       0      22       0                               0D   1092
     126    1914       0       0       0                        01010000D   1093
     126       0       0       7       0                               0D   1094
     126    1921       0       0       0                        01010500D   1095
     126       0       0      22       0                               0D   1096
     126    1943       0       0       0                        01010000D   1097
     126       0       0       7       0                               0D   1098
     102    1950       0       0       0                        01010500D   1099
     102       0       0       1       0                               0D   1100
     102    1951       0       0       0                        01010000D   1101
     102       0       0       1       0                               0D   1102
     142    1952       0       0       0                        00010500D   1103
     142       0       0       1       0                               0D   1104
     144    1953       0       0       0                        00000000D   1105
     144       0      -1       1       0                               0D   1106
     314    1954       0       0       0                        00000200D   1107
     314       0       8       1       0                               0D   1108
     110    1955       0       0       0                        01010000D   1109
     110       0       0       1       0                               0D   1110
     110    1956       0       0       0                        01010000D   1111
     110       0       0       1       0                               0D   1112
     120    1957       0       0       0                        01010000D   1113
     120       0       0       1       0                               0D   1114
     126    1958       0       0       0                        01010500D   1115
     126       0       0       2       0                               0D   1116
     100    1960       0       0       0                        01010000D   1117
     100       0       0       2       0                               0D   1118
     126    1962       0       0       0                        01010500D   1119
     126       0       0       2       0                               0D   1120
     110    1964       0       0       0                        01010000D   1121
     110       0       0       1       0                               0D   1122
     126    1965       0       0       0                        01010500D   1123
     126       0       0       2       0                               0D   1124
     124    1967       0       0       0                        00000000D   1125
     124       0       0       4       0                               0D   1126
     100    1971       0       0       0            1125        01010000D   1127
     100       0       0       2       0                               0D   1128
     126    1973       0       0       0                        01010500D   1129
     126       0       0       2       0                               0D   1130
     110    1975       0       0       0                        01010000D   1131
     110       0       0       1       0                               0D   1132
     102    1976       0       0       0                        01010500D   1133
     102       0       0       1       0                               0D   1134
     102    1977       0       0       0                        01010000D   1135
     102       0       0       1       0                               0D   1136
     142    1978       0       0       0                        00010500D   1137
     142       0       0       1       0                               0D   1138
     144    1979       0       0       0                        00000000D   1139
     144       0   -1107       1       0                               0D   1140
     314    1980       0       0       0                        00000200D   1141
     314       0       8       1       0                               0D   1142
     128    1981       0       0       0                        01010000D   1143
     128       0       0       4       0                               0D   1144
     126    1985       0       0       0                        01010500D   1145
     126       0       0      22       0                               0D   1146
     124    2007       0       0       0                        00000000D   1147
     124       0       0       4       0                               0D   1148
     100    2011       0       0       0            1147        01010000D   1149
     100       0       0       2       0                               0D   1150
     126    2013       0       0       0                        01010500D   1151
     126       0       0      22       0                               0D   1152
     124    2035       0       0       0                        00000000D   1153
     124       0       0       4       0                               0D   1154
     100    2039       0       0       0            1153        01010000D   1155
     100       0       0       2       0                               0D   1156
     102    2041       0       0       0                        01010500D   1157
     102       0       0       1       0                               0D   1158
     102    2042       0       0       0                        01010000D   1159
     102       0       0       1       0                               0D   1160
     142    2043       0       0       0                        00010500D   1161
     142       0       0       1       0                               0D   1162
     126    2044       0       0       0                        01010500D   1163
     126       0       0      22       0                               0D   1164
     100    2066       0       0       0                        01010000D   1165
     100       0       0       1       0                               0D   1166
     126    2067       0       0       0                        01010500D   1167
     126       0       0      22       0                               0D   1168
     100    2089       0       0       0                        01010000D   1169
     100       0       0       1       0                               0D   1170
     102    2090       0       0       0                        01010500D   1171
     102       0       0       1       0                               0D   1172
     102    2091       0       0       0                        01010000D   1173
     102       0       0       1       0                               0D   1174
     142    2092       0       0       0                        00010500D   1175
     142       0       0       1       0                               0D   1176
     144    2093       0       0       0                        00000000D   1177
     144       0   -1141       1       0                               0D   1178
     314    2094       0       0       0                        00000200D   1179
     314       0       8       1       0                               0D   1180
     128    2095       0       0       0                        01010000D   1181
     128       0       0      17       0                               0D   1182
     126    2112       0       0       0                        01010500D   1183
     126       0       0       2       0                               0D   1184
     124    2114       0       0       0                        00000000D   1185
     124       0       0       4       0                               0D   1186
     100    2118       0       0       0            1185        01010000D   1187
     100       0       0       2       0                               0D   1188
     126    2120       0       0       0                        01010500D   1189
     126       0       0       2       0                               0D   1190
     126    2122       0       0       0                        01010500D   1191
     126       0       0       2       0                               0D   1192
     124    2124       0       0       0                        00000000D   1193
     124       0       0       4       0                               0D   1194
     100    2128       0       0       0            1193        01010000D   1195
     100       0       0       2       0                               0D   1196
     126    2130       0       0       0                        01010500D   1197
     126       0       0       2       0                               0D   1198
     126    2132       0       0       0                        01010000D   1199
     126       0       0       5       0                               0D   1200
     126    2137       0       0       0                        01010500D   1201
     126       0       0       9       0                               0D   1202
     126    2146       0       0       0                        01010000D   1203
     126       0       0      10       0                               0D   1204
     126    2156       0       0       0                        01010500D   1205
     126       0       0       2       0                               0D   1206
     126    2158       0       0       0                        01010000D   1207
     126       0       0       5       0                               0D   1208
     102    2163       0       0       0                        01010500D   1209
     102       0       0       1       0                               0D   1210
     102    2164       0       0       0                        01010000D   1211
     102       0       0       1       0                               0D   1212
     142    2165       0       0       0                        00010500D   1213
     142       0       0       1       0                               0D   1214
     144    2166       0       0       0                        00000000D   1215
     144       0   -1179       1       0                               0D   1216
     314    2167       0       0       0                        00000200D   1217
     314       0       8       1       0                               0D   1218
     110    2168       0       0       0                        01010000D   1219
     110       0       0       1       0                               0D   1220
     110    2169       0       0       0                        01010000D   1221
     110       0       0       1       0                               0D   1222
     120    2170       0       0       0                        01010000D   1223
     120       0       0       1       0                               0D   1224
     126    2171       0       0       0                        01010500D   1225
     126       0       0       2       0                               0D   1226
     110    2173       0       0       0                        01010000D   1227
     110       0       0       1       0                               0D   1228
     126    2174       0       0       0                        01010500D   1229
     126       0       0       7       0                               0D   1230
     126    2181       0       0       0                        01010000D   1231
     126       0       0      10       0                               0D   1232
     126    2191       0       0       0                        01010500D   1233
     126       0       0       2       0                               0D   1234
     110    2193       0       0       0                        01010000D   1235
     110       0       0       1       0                               0D   1236
     126    2194       0       0       0                        01010500D   1237
     126       0       0       2       0                               0D   1238
     124    2196       0       0       0                        00000000D   1239
     124       0       0       4       0                               0D   1240
     100    2200       0       0       0            1239        01010000D   1241
     100       0       0       1       0                               0D   1242
     102    2201       0       0       0                        01010500D   1243
     102       0       0       1       0                               0D   1244
     102    2202       0       0       0                        01010000D   1245
     102       0       0       1       0                               0D   1246
     142    2203       0       0       0                        00010500D   1247
     142       0       0       1       0                               0D   1248
     144    2204       0       0       0                        00000000D   1249
     144       0   -1217       1       0                               0D   1250
     314    2205       0       0       0                        00000200D   1251
     314       0       1       1       0                               0D   1252
     128    2206       0       0       0                        01010000D   1253
     128       0       0       3       0                               0D   1254
     126    2209       0       0       0                        01010500D   1255
     126       0       0      22       0                               0D   1256
     124    2231       0       0       0                        00000000D   1257
     124       0       0       4       0                               0D   1258
     100    2235       0       0       0            1257        01010000D   1259
     100       0       0       1       0                               0D   1260
     126    2236       0       0       0                        01010500D   1261
     126       0       0      22       0                               0D   1262
     124    2258       0       0       0                        00000000D   1263
     124       0       0       3       0                               0D   1264
     100    2261       0       0       0            1263        01010000D   1265
     100       0       0       1       0                               0D   1266
     102    2262       0       0       0                        01010500D   1267
     102       0       0       1       0                               0D   1268
     102    2263       0       0       0                        01010000D   1269
     102       0       0       1       0                               0D   1270
     142    2264       0       0       0                        00010500D   1271
     142       0       0       1       0                               0D   1272
     126    2265       0       0       0                        01010500D   1273
     126       0       0      22       0                               0D   1274
     100    2287       0       0       0                        01010000D   1275
     100       0       0       1       0                               0D   1276
     126    2288       0       0       0                        01010500D   1277
     126       0       0      22       0                               0D   1278
     100    2310       0       0       0                        01010000D   1279
     100       0       0       1       0                               0D   1280
     102    2311       0       0       0                        01010500D   1281
     102       0       0       1       0                               0D   1282
     102    2312       0       0       0                        01010000D   1283
     102       0       0       1       0                               0D   1284
     142    2313       0       0       0                        00010500D   1285
     142       0       0       1       0                               0D   1286
     144    2314       0       0       0                        00000000D   1287
     144       0   -1251       1       0                               0D   1288
     314    2315       0       0       0                        00000200D   1289
     314       0       1       1       0                               0D   1290
     110    2316       0       0       0                        01010000D   1291
     110       0       0       1       0                               0D   1292
     110    2317       0       0       0                        01010000D   1293
     110       0       0       1       0                               0D   1294
     120    2318       0       0       0                        01010000D   1295
     120       0       0       1       0                               0D   1296
     126    2319       0       0       0                        01010500D   1297
     126       0       0       2       0                               0D   1298
     124    2321       0       0       0                        00000000D   1299
     124       0       0       4       0                               0D   1300
     100    2325       0       0       0            1299        01010000D   1301
     100       0       0       1       0                               0D   1302
     126    2326       0       0       0                        01010500D   1303
     126       0       0       4       0                               0D   1304
     126    2330       0       0       0                        01010000D   1305
     126       0       0       4       0                               0D   1306
     126    2334       0       0       0                        01010500D   1307
     126       0       0      12       0                               0D   1308
     126    2346       0       0       0                        01010000D   1309
     126       0       0       5       0                               0D   1310
     126    2351       0       0       0                        01010500D   1311
     126       0       0       2       0                               0D   1312
     110    2353       0       0       0                        01010000D   1313
     110       0       0       1       0                               0D   1314
     126    2354       0       0       0                        01010500D   1315
     126       0       0       2       0                               0D   1316
     124    2356       0       0       0                        00000000D   1317
     124       0       0       3       0                               0D   1318
     100    2359       0       0       0            1317        01010000D   1319
     100       0       0       1       0                               0D   1320
     126    2360       0       0       0                        01010500D   1321
     126       0       0       2       0                               0D   1322
     110    2362       0       0       0                        01010000D   1323
     110       0       0       1       0                               0D   1324
     126    2363       0       0       0                        01010500D   1325
     126       0       0      11       0                               0D   1326
     126    2374       0       0       0                        01010000D   1327
     126       0       0       5       0                               0D   1328
     126    2379       0       0       0                        01010500D   1329
     126       0       0       4       0                               0D   1330
     126    2383       0       0       0                        01010000D   1331
     126       0       0       4       0                               0D   1332
     126    2387       0       0       0                        01010500D   1333
     126       0       0       2       0                               0D   1334
     124    2389       0       0       0                        00000000D   1335
     124       0       0       3       0                               0D   1336
     100    2392       0       0       0            1335        01010000D   1337
     100       0       0       1       0                               0D   1338
     126    2393       0       0       0                        01010500D   1339
     126       0       0       2       0                               0D   1340
     110    2395       0       0       0                        01010000D   1341
     110       0       0       1       0                               0D   1342
     126    2396       0       0       0                        01010500D   1343
     126       0       0       2       0                               0D   1344
     100    2398       0       0       0                        01010000D   1345
     100       0       0       1       0                               0D   1346
     126    2399       0       0       0                        01010500D   1347
     126       0       0       2       0                               0D   1348
     110    2401       0       0       0                        01010000D   1349
     110       0       0       1       0                               0D   1350
     102    2402       0       0       0                        01010500D   1351
     102       0       0       2       0                               0D   1352
     102    2404       0       0       0                        01010000D   1353
     102       0       0       2       0                               0D   1354
     142    2406       0       0       0                        00010500D   1355
     142       0       0       1       0                               0D   1356
     126    2407       0       0       0                        01010500D   1357
     126       0       0      11       0                               0D   1358
     126    2418       0       0       0                        01010000D   1359
     126       0       0       5       0                               0D   1360
     126    2423       0       0       0                        01010500D   1361
     126       0       0      11       0                               0D   1362
     126    2434       0       0       0                        01010000D   1363
     126       0       0       5       0                               0D   1364
     126    2439       0       0       0                        01010500D   1365
     126       0       0       4       0                               0D   1366
     126    2443       0       0       0                        01010000D   1367
     126       0       0       4       0                               0D   1368
     126    2447       0       0       0                        01010500D   1369
     126       0       0       2       0                               0D   1370
     124    2449       0       0       0                        00000000D   1371
     124       0       0       4       0                               0D   1372
     100    2453       0       0       0            1371        01010000D   1373
     100       0       0       1       0                               0D   1374
     126    2454       0       0       0                        01010500D   1375
     126       0       0       4       0                               0D   1376
     126    2458       0       0       0                        01010000D   1377
     126       0       0       4       0                               0D   1378
     102    2462       0       0       0                        01010500D   1379
     102       0       0       1       0                               0D   1380
     102    2463       0       0       0                        01010000D   1381
     102       0       0       1       0                               0D   1382
     142    2464       0       0       0                        00010500D   1383
     142       0       0       1       0                               0D   1384
     144    2465       0       0       0                        00000000D   1385
     144       0   -1289       1       0                               0D   1386
     314    2466       0       0       0                        00000200D   1387
     314       0       1       1       0                               0D   1388
     128    2467       0       0       0                        01010000D   1389
     128       0       0       3       0                               0D   1390
     126    2470       0       0       0                        01010500D   1391
     126       0       0      22       0                               0D   1392
     124    2492       0       0       0                        00000000D   1393
     124       0       0       4       0                               0D   1394
     100    2496       0       0       0            1393        01010000D   1395
     100       0       0       1       0                               0D   1396
     126    2497       0       0       0                        01010500D   1397
     126       0       0      22       0                               0D   1398
     124    2519       0       0       0                        00000000D   1399
     124       0       0       3       0                               0D   1400
     100    2522       0       0       0            1399        01010000D   1401
     100       0       0       1       0                               0D   1402
     102    2523       0       0       0                        01010500D   1403
     102       0       0       1       0                               0D   1404
     102    2524       0       0       0                        01010000D   1405
     102       0       0       1       0                               0D   1406
     142    2525       0       0       0                        00010500D   1407
     142       0       0       1       0                               0D   1408
     126    2526       0       0       0                        01010500D   1409
     126       0       0      22       0                               0D   1410
     100    2548       0       0       0                        01010000D   1411
     100       0       0       1       0                               0D   1412
     126    2549       0       0       0                        01010500D   1413
     126       0       0      22       0                               0D   1414
     100    2571       0       0       0                        01010000D   1415
     100       0       0       1       0                               0D   1416
     102    2572       0       0       0                        01010500D   1417
     102       0       0       1       0                               0D   1418
     102    2573       0       0       0                        01010000D   1419
     102       0       0       1       0                               0D   1420
     142    2574       0       0       0                        00010500D   1421
     142       0       0       1       0                               0D   1422
     144    2575       0       0       0                        00000000D   1423
     144       0   -1387       1       0                               0D   1424
     128    2576       0       0       0                        01010000D   1425
     128       0       0       3       0                               0D   1426
     126    2579       0       0       0                        01010500D   1427
     126       0       0       2       0                               0D   1428
     110    2581       0       0       0                        01010000D   1429
     110       0       0       1       0                               0D   1430
     126    2582       0       0       0                        01010500D   1431
     126       0       0       4       0                               0D   1432
     126    2586       0       0       0                        01010000D   1433
     126       0       0       5       0                               0D   1434
     126    2591       0       0       0                        01010500D   1435
     126       0       0       2       0                               0D   1436
     110    2593       0       0       0                        01010000D   1437
     110       0       0       1       0                               0D   1438
     126    2594       0       0       0                        01010500D   1439
     126       0       0       4       0                               0D   1440
     126    2598       0       0       0                        01010000D   1441
     126       0       0       5       0                               0D   1442
     102    2603       0       0       0                        01010500D   1443
     102       0       0       1       0                               0D   1444
     102    2604       0       0       0                        01010000D   1445
     102       0       0       1       0                               0D   1446
     142    2605       0       0       0                        00010500D   1447
     142       0       0       1       0                               0D   1448
     144    2606       0       0       0                        00000000D   1449
     144       0      -1       1       0                               0D   1450
     110    2607       0       0       0                        01010000D   1451
     110       0       0       1       0                               0D   1452
     110    2608       0       0       0                        01010000D   1453
     110       0       0       1       0                               0D   1454
     120    2609       0       0       0                        01010000D   1455
     120       0       0       1       0                               0D   1456
     126    2610       0       0       0                        01010500D   1457
     126       0       0      12       0                               0D   1458
     126    2622       0       0       0                        01010000D   1459
     126       0       0       5       0                               0D   1460
     126    2627       0       0       0                        01010500D   1461
     126       0       0       2       0                               0D   1462
     110    2629       0       0       0                        01010000D   1463
     110       0       0       1       0                               0D   1464
     126    2630       0       0       0                        01010500D   1465
     126       0       0      12       0                               0D   1466
     126    2642       0       0       0                        01010000D   1467
     126       0       0       5       0                               0D   1468
     126    2647       0       0       0                        01010500D   1469
     126       0       0      12       0                               0D   1470
     126    2659       0       0       0                        01010000D   1471
     126       0       0       5       0                               0D   1472
     126    2664       0       0       0                        01010500D   1473
     126       0       0       2       0                               0D   1474
     110    2666       0       0       0                        01010000D   1475
     110       0       0       1       0                               0D   1476
     126    2667       0       0       0                        01010500D   1477
     126       0       0      11       0                               0D   1478
     126    2678       0       0       0                        01010000D   1479
     126       0       0       5       0                               0D   1480
     102    2683       0       0       0                        01010500D   1481
     102       0       0       1       0                               0D   1482
     102    2684       0       0       0                        01010000D   1483
     102       0       0       1       0                               0D   1484
     142    2685       0       0       0                        00010500D   1485
     142       0       0       1       0                               0D   1486
     144    2686       0       0       0                        00000000D   1487
     144       0      -1       1       0                               0D   1488
     128    2687       0       0       0                        01010000D   1489
     128       0       0       3       0                               0D   1490
     126    2690       0       0       0                        01010500D   1491
     126       0       0       2       0                               0D   1492
     110    2692       0       0       0                        01010000D   1493
     110       0       0       1       0                               0D   1494
     126    2693       0       0       0                        01010500D   1495
     126       0       0       4       0                               0D   1496
     126    2697       0       0       0                        01010000D   1497
     126       0       0       5       0                               0D   1498
     126    2702       0       0       0                        01010500D   1499
     126       0       0       2       0                               0D   1500
     110    2704       0       0       0                        01010000D   1501
     110       0       0       1       0                               0D   1502
     126    2705       0       0       0                        01010500D   1503
     126       0       0       4       0                               0D   1504
     126    2709       0       0       0                        01010000D   1505
     126       0       0       4       0                               0D   1506
     102    2713       0       0       0                        01010500D   1507
     102       0       0       1       0                               0D   1508
     102    2714       0       0       0                        01010000D   1509
     102       0       0       1       0                               0D   1510
     142    2715       0       0       0                        00010500D   1511
     142       0       0       1       0                               0D   1512
     144    2716       0       0       0                        00000000D   1513
     144       0      -1       1       0                               0D   1514
     128    2717       0       0       0                        01010000D   1515
     128       0       0       3       0                               0D   1516
     126    2720       0       0       0                        01010500D   1517
     126       0       0       6       0                               0D   1518
     100    2726       0       0       0                        01010000D   1519
     100       0       0       1       0                               0D   1520
     126    2727       0       0       0                        01010500D   1521
     126       0       0       2       0                               0D   1522
     110    2729       0       0       0                        01010000D   1523
     110       0       0       1       0                               0D   1524
     126    2730       0       0       0                        01010500D   1525
     126       0       0       6       0                               0D   1526
     124    2736       0       0       0                        00000000D   1527
     124       0       0       4       0                               0D   1528
     100    2740       0       0       0            1527        01010000D   1529
     100       0       0       1       0                               0D   1530
     126    2741       0       0       0                        01010500D   1531
     126       0       0       6       0                               0D   1532
     124    2747       0       0       0                        00000000D   1533
     124       0       0       4       0                               0D   1534
     100    2751       0       0       0            1533        01010000D   1535
     100       0       0       1       0                               0D   1536
     126    2752       0       0       0                        01010500D   1537
     126       0       0       2       0                               0D   1538
     110    2754       0       0       0                        01010000D   1539
     110       0       0       1       0                               0D   1540
     126    2755       0       0       0                        01010500D   1541
     126       0       0       6       0                               0D   1542
     100    2761       0       0       0                        01010000D   1543
     100       0       0       1       0                               0D   1544
     102    2762       0       0       0                        01010500D   1545
     102       0       0       1       0                               0D   1546
     102    2763       0       0       0                        01010000D   1547
     102       0       0       1       0                               0D   1548
     142    2764       0       0       0                        00010500D   1549
     142       0       0       1       0                               0D   1550
     144    2765       0       0       0                        00000000D   1551
     144       0      -1       1       0                               0D   1552
     128    2766       0       0       0                        01010000D   1553
     128       0       0       3       0                               0D   1554
     126    2769       0       0       0                        01010500D   1555
     126       0       0       2       0                               0D   1556
     110    2771       0       0       0                        01010000D   1557
     110       0       0       1       0                               0D   1558
     126    2772       0       0       0                        01010500D   1559
     126       0       0       4       0                               0D   1560
     126    2776       0       0       0                        01010000D   1561
     126       0       0       5       0                               0D   1562
     126    2781       0       0       0                        01010500D   1563
     126       0       0       2       0                               0D   1564
     110    2783       0       0       0                        01010000D   1565
     110       0       0       1       0                               0D   1566
     126    2784       0       0       0                        01010500D   1567
     126       0       0       4       0                               0D   1568
     126    2788       0       0       0                        01010000D   1569
     126       0       0       5       0                               0D   1570
     102    2793       0       0       0                        01010500D   1571
     102       0       0       1       0                               0D   1572
     102    2794       0       0       0                        01010000D   1573
     102       0       0       1       0                               0D   1574
     142    2795       0       0       0                        00010500D   1575
     142       0       0       1       0                               0D   1576
     144    2796       0       0       0                        00000000D   1577
     144       0      -1       1       0                               0D   1578
     128    2797       0       0       0                        01010000D   1579
     128       0       0       3       0                               0D   1580
     126    2800       0       0       0                        01010500D   1581
     126       0       0       6       0                               0D   1582
     100    2806       0       0       0                        01010000D   1583
     100       0       0       1       0                               0D   1584
     126    2807       0       0       0                        01010500D   1585
     126       0       0       2       0                               0D   1586
     110    2809       0       0       0                        01010000D   1587
     110       0       0       1       0                               0D   1588
     126    2810       0       0       0                        01010500D   1589
     126       0       0       6       0                               0D   1590
     124    2816       0       0       0                        00000000D   1591
     124       0       0       4       0                               0D   1592
     100    2820       0       0       0            1591        01010000D   1593
     100       0       0       1       0                               0D   1594
     126    2821       0       0       0                        01010500D   1595
     126       0       0       6       0                               0D   1596
     124    2827       0       0       0                        00000000D   1597
     124       0       0       4       0                               0D   1598
     100    2831       0       0       0            1597        01010000D   1599
     100       0       0       1       0                               0D   1600
     126    2832       0       0       0                        01010500D   1601
     126       0       0       2       0                               0D   1602
     110    2834       0       0       0                        01010000D   1603
     110       0       0       1       0                               0D   1604
     126    2835       0       0       0                        01010500D   1605
     126       0       0       6       0                               0D   1606
     100    2841       0       0       0                        01010000D   1607
     100       0       0       1       0                               0D   1608
     102    2842       0       0       0                        01010500D   1609
     102       0       0       1       0                               0D   1610
     102    2843       0       0       0                        01010000D   1611
     102       0       0       1       0                               0D   1612
     142    2844       0       0       0                        00010500D   1613
     142       0       0       1       0                               0D   1614
     144    2845       0       0       0                        00000000D   1615
     144       0      -1       1       0                               0D   1616
     128    2846       0       0       0                        01010000D   1617
     128       0       0       3       0                               0D   1618
     126    2849       0       0       0                        01010500D   1619
     126       0       0       2       0                               0D   1620
     110    2851       0       0       0                        01010000D   1621
     110       0       0       1       0                               0D   1622
     126    2852       0       0       0                        01010500D   1623
     126       0       0       4       0                               0D   1624
     126    2856       0       0       0                        01010000D   1625
     126       0       0       4       0                               0D   1626
     126    2860       0       0       0                        01010500D   1627
     126       0       0       2       0                               0D   1628
     110    2862       0       0       0                        01010000D   1629
     110       0       0       1       0                               0D   1630
     126    2863       0       0       0                        01010500D   1631
     126       0       0       4       0                               0D   1632
     126    2867       0       0       0                        01010000D   1633
     126       0       0       4       0                               0D   1634
     102    2871       0       0       0                        01010500D   1635
     102       0       0       1       0                               0D   1636
     102    2872       0       0       0                        01010000D   1637
     102       0       0       1       0                               0D   1638
     142    2873       0       0       0                        00010500D   1639
     142       0       0       1       0                               0D   1640
     144    2874       0       0       0                        00000000D   1641
     144       0      -1       1       0                               0D   1642
     110    2875       0       0       0                        01010000D   1643
     110       0       0       1       0                               0D   1644
     110    2876       0       0       0                        01010000D   1645
     110       0       0       1       0                               0D   1646
     120    2877       0       0       0                        01010000D   1647
     120       0       0       1       0                               0D   1648
     126    2878       0       0       0                        01010500D   1649
     126       0       0      11       0                               0D   1650
     126    2889       0       0       0                        01010000D   1651
     126       0       0       5       0                               0D   1652
     126    2894       0       0       0                        01010500D   1653
     126       0       0       2       0                               0D   1654
     110    2896       0       0       0                        01010000D   1655
     110       0       0       1       0                               0D   1656
     126    2897       0       0       0                        01010500D   1657
     126       0       0      12       0                               0D   1658
     126    2909       0       0       0                        01010000D   1659
     126       0       0       5       0                               0D   1660
     126    2914       0       0       0                        01010500D   1661
     126       0       0      12       0                               0D   1662
     126    2926       0       0       0                        01010000D   1663
     126       0       0       5       0                               0D   1664
     126    2931       0       0       0                        01010500D   1665
     126       0       0       2       0                               0D   1666
     110    2933       0       0       0                        01010000D   1667
     110       0       0       1       0                               0D   1668
     126    2934       0       0       0                        01010500D   1669
     126       0       0      12       0                               0D   1670
     126    2946       0       0       0                        01010000D   1671
     126       0       0       5       0                               0D   1672
     102    2951       0       0       0                        01010500D   1673
     102       0       0       1       0                               0D   1674
     102    2952       0       0       0                        01010000D   1675
     102       0       0       1       0                               0D   1676
     142    2953       0       0       0                        00010500D   1677
     142       0       0       1       0                               0D   1678
     144    2954       0       0       0                        00000000D   1679
     144       0      -1       1       0                               0D   1680
     128    2955       0       0       0                        01010000D   1681
     128       0       0       3       0                               0D   1682
     126    2958       0       0       0                        01010500D   1683
     126       0       0       4       0                               0D   1684
     126    2962       0       0       0                        01010000D   1685
     126       0       0       5       0                               0D   1686
     126    2967       0       0       0                        01010500D   1687
     126       0       0       2       0                               0D   1688
     110    2969       0       0       0                        01010000D   1689
     110       0       0       1       0                               0D   1690
     126    2970       0       0       0                        01010500D   1691
     126       0       0       4       0                               0D   1692
     126    2974       0       0       0                        01010000D   1693
     126       0       0       5       0                               0D   1694
     126    2979       0       0       0                        01010500D   1695
     126       0       0       2       0                               0D   1696
     110    2981       0       0       0                        01010000D   1697
     110       0       0       1       0                               0D   1698
     102    2982       0       0       0                        01010500D   1699
     102       0       0       1       0                               0D   1700
     102    2983       0       0       0                        01010000D   1701
     102       0       0       1       0                               0D   1702
     142    2984       0       0       0                        00010500D   1703
     142       0       0       1       0                               0D   1704
     144    2985       0       0       0                        00000000D   1705
     144       0      -1       1       0                               0D   1706
     128    2986       0       0       0                        01010000D   1707
     128       0       0       3       0                               0D   1708
     126    2989       0       0       0                        01010500D   1709
     126       0       0      11       0                               0D   1710
     124    3000       0       0       0                        00000000D   1711
     124       0       0       4       0                               0D   1712
     100    3004       0       0       0            1711        01010000D   1713
     100       0       0       1       0                               0D   1714
     126    3005       0       0       0                        01010500D   1715
     126       0       0       2       0                               0D   1716
     110    3007       0       0       0                        01010000D   1717
     110       0       0       1       0                               0D   1718
     126    3008       0       0       0                        01010500D   1719
     126       0       0      11       0                               0D   1720
     100    3019       0       0       0                        01010000D   1721
     100       0       0       1       0                               0D   1722
     126    3020       0       0       0                        01010500D   1723
     126       0       0       2       0                               0D   1724
     110    3022       0       0       0                        01010000D   1725
     110       0       0       1       0                               0D   1726
     102    3023       0       0       0                        01010500D   1727
     102       0       0       1       0                               0D   1728
     102    3024       0       0       0                        01010000D   1729
     102       0       0       1       0                               0D   1730
     142    3025       0       0       0                        00010500D   1731
     142       0       0       1       0                               0D   1732
     144    3026       0       0       0                        00000000D   1733
     144       0      -1       1       0                               0D   1734
     128    3027       0       0       0                        01010000D   1735
     128       0       0       3       0                               0D   1736
     126    3030       0       0       0                        01010500D   1737
     126       0       0       4       0                               0D   1738
     126    3034       0       0       0                        01010000D   1739
     126       0       0       5       0                               0D   1740
     126    3039       0       0       0                        01010500D   1741
     126       0       0       2       0                               0D   1742
     110    3041       0       0       0                        01010000D   1743
     110       0       0       1       0                               0D   1744
     126    3042       0       0       0                        01010500D   1745
     126       0       0       4       0                               0D   1746
     126    3046       0       0       0                        01010000D   1747
     126       0       0       5       0                               0D   1748
     126    3051       0       0       0                        01010500D   1749
     126       0       0       2       0                               0D   1750
     110    3053       0       0       0                        01010000D   1751
     110       0       0       1       0                               0D   1752
     102    3054       0       0       0                        01010500D   1753
     102       0       0       1       0                               0D   1754
     102    3055       0       0       0                        01010000D   1755
     102       0       0       1       0                               0D   1756
     142    3056       0       0       0                        00010500D   1757
     142       0       0       1       0                               0D   1758
     144    3057       0       0       0                        00000000D   1759
     144       0      -1       1       0                               0D   1760
     110    3058       0       0       0                        01010000D   1761
     110       0       0       1       0                               0D   1762
     110    3059       0       0       0                        01010000D   1763
     110       0       0       1       0                               0D   1764
     120    3060       0       0       0                        01010000D   1765
     120       0       0       1       0                               0D   1766
     126    3061       0       0       0                        01010500D   1767
     126       0       0      12       0                               0D   1768
     126    3073       0       0       0                        01010000D   1769
     126       0       0       5       0                               0D   1770
     126    3078       0       0       0                        01010500D   1771
     126       0       0       2       0                               0D   1772
     110    3080       0       0       0                        01010000D   1773
     110       0       0       1       0                               0D   1774
     126    3081       0       0       0                        01010500D   1775
     126       0       0      12       0                               0D   1776
     126    3093       0       0       0                        01010000D   1777
     126       0       0       5       0                               0D   1778
     126    3098       0       0       0                        01010500D   1779
     126       0       0       2       0                               0D   1780
     110    3100       0       0       0                        01010000D   1781
     110       0       0       1       0                               0D   1782
     102    3101       0       0       0                        01010500D   1783
     102       0       0       1       0                               0D   1784
     102    3102       0       0       0                        01010000D   1785
     102       0       0       1       0                               0D   1786
     142    3103       0       0       0                        00010500D   1787
     142       0       0       1       0                               0D   1788
     144    3104       0       0       0                        00000000D   1789
     144       0      -1       1       0                               0D   1790
     128    3105       0       0       0                        01010000D   1791
     128       0       0       3       0                               0D   1792
     126    3108       0       0       0                        01010500D   1793
     126       0       0       4       0                               0D   1794
     126    3112       0       0       0                        01010000D   1795
     126       0       0       5       0                               0D   1796
     126    3117       0       0       0                        01010500D   1797
     126       0       0       2       0                               0D   1798
     110    3119       0       0       0                        01010000D   1799
     110       0       0       1       0                               0D   1800
     126    3120       0       0       0                        01010500D   1801
     126       0       0       4       0                               0D   1802
     126    3124       0       0       0                        01010000D   1803
     126       0       0       4       0                               0D   1804
     126    3128       0       0       0                        01010500D   1805
     126       0       0       2       0                               0D   1806
     110    3130       0       0       0                        01010000D   1807
     110       0       0       1       0                               0D   1808
     102    3131       0       0       0                        01010500D   1809
     102       0       0       1       0                               0D   1810
     102    3132       0       0       0                        01010000D   1811
     102       0       0       1       0                               0D   1812
     142    3133       0       0       0                        00010500D   1813
     142       0       0       1       0                               0D   1814
     144    3134       0       0       0                        00000000D   1815
     144       0      -1       1       0                               0D   1816
     110    3135       0       0       0                        01010000D   1817
     110       0       0       1       0                               0D   1818
     110    3136       0       0       0                        01010000D   1819
     110       0       0       1       0                               0D   1820
     120    3137       0       0       0                        01010000D   1821
     120       0       0       1       0                               0D   1822
     126    3138       0       0       0                        01010500D   1823
     126       0       0      12       0                               0D   1824
     126    3150       0       0       0                        01010000D   1825
     126       0       0       5       0                               0D   1826
     126    3155       0       0       0                        01010500D   1827
     126       0       0       2       0                               0D   1828
     110    3157       0       0       0                        01010000D   1829
     110       0       0       1       0                               0D   1830
     126    3158       0       0       0                        01010500D   1831
     126       0       0      12       0                               0D   1832
     126    3170       0       0       0                        01010000D   1833
     126       0       0       5       0                               0D   1834
     126    3175       0       0       0                        01010500D   1835
     126       0       0       2       0                               0D   1836
     110    3177       0       0       0                        01010000D   1837
     110       0       0       1       0                               0D   1838
     102    3178       0       0       0                        01010500D   1839
     102       0       0       1       0                               0D   1840
     102    3179       0       0       0                        01010000D   1841
     102       0       0       1       0                               0D   1842
     142    3180       0       0       0                        00010500D   1843
     142       0       0       1       0                               0D   1844
     144    3181       0       0       0                        00000000D   1845
     144       0      -1       1       0                               0D   1846
     128    3182       0       0       0                        01010000D   1847
     128       0       0       3       0                               0D   1848
     126    3185       0       0       0                        01010500D   1849
     126       0       0       4       0                               0D   1850
     126    3189       0       0       0                        01010000D   1851
     126       0       0       4       0                               0D   1852
     126    3193       0       0       0                        01010500D   1853
     126       0       0       2       0                               0D   1854
     110    3195       0       0       0                        01010000D   1855
     110       0       0       1       0                               0D   1856
     126    3196       0       0       0                        01010500D   1857
     126       0       0       4       0                               0D   1858
     126    3200       0       0       0                        01010000D   1859
     126       0       0       4       0                               0D   1860
     126    3204       0       0       0                        01010500D   1861
     126       0       0       2       0                               0D   1862
     110    3206       0       0       0                        01010000D   1863
     110       0       0       1       0                               0D   1864
     102    3207       0       0       0                        01010500D   1865
     102       0       0       1       0                               0D   1866
     102    3208       0       0       0                        01010000D   1867
     102       0       0       1       0                               0D   1868
     142    3209       0       0       0                        00010500D   1869
     142       0       0       1       0                               0D   1870
     144    3210       0       0       0                        00000000D   1871
     144       0      -1       1       0                               0D   1872
     128    3211       0       0       0                        01010000D   1873
     128       0       0       3       0                               0D   1874
     126    3214       0       0       0                        01010500D   1875
     126       0       0      11       0                               0D   1876
     124    3225       0       0       0                        00000000D   1877
     124       0       0       4       0                               0D   1878
     100    3229       0       0       0            1877        01010000D   1879
     100       0       0       1       0                               0D   1880
     126    3230       0       0       0                        01010500D   1881
     126       0       0       2       0                               0D   1882
     110    3232       0       0       0                        01010000D   1883
     110       0       0       1       0                               0D   1884
     126    3233       0       0       0                        01010500D   1885
     126       0       0      11       0                               0D   1886
     100    3244       0       0       0                        01010000D   1887
     100       0       0       1       0                               0D   1888
     126    3245       0       0       0                        01010500D   1889
     126       0       0       2       0                               0D   1890
     110    3247       0       0       0                        01010000D   1891
     110       0       0       1       0                               0D   1892
     102    3248       0       0       0                        01010500D   1893
     102       0       0       1       0                               0D   1894
     102    3249       0       0       0                        01010000D   1895
     102       0       0       1       0                               0D   1896
     142    3250       0       0       0                        00010500D   1897
     142       0       0       1       0                               0D   1898
     144    3251       0       0       0                        00000000D   1899
     144       0      -1       1       0                               0D   1900
     314    3252       0       0       0                        00000200D   1901
     314       0       1       1       0                               0D   1902
     110    3253       0       0       0                        01010000D   1903
     110       0       0       1       0                               0D   1904
     110    3254       0       0       0                        01010000D   1905
     110       0       0       1       0                               0D   1906
     120    3255       0       0       0                        01010000D   1907
     120       0       0       1       0                               0D   1908
     126    3256       0       0       0                        01010500D   1909
     126       0       0       2       0                               0D   1910
     110    3258       0       0       0                        01010000D   1911
     110       0       0       1       0                               0D   1912
     126    3259       0       0       0                        01010500D   1913
     126       0       0       2       0                               0D   1914
     100    3261       0       0       0                        01010000D   1915
     100       0       0       1       0                               0D   1916
     126    3262       0       0       0                        01010500D   1917
     126       0       0       2       0                               0D   1918
     110    3264       0       0       0                        01010000D   1919
     110       0       0       1       0                               0D   1920
     126    3265       0       0       0                        01010500D   1921
     126       0       0       2       0                               0D   1922
     124    3267       0       0       0                        00000000D   1923
     124       0       0       4       0                               0D   1924
     100    3271       0       0       0            1923        01010000D   1925
     100       0       0       1       0                               0D   1926
     126    3272       0       0       0                        01010500D   1927
     126       0       0       4       0                               0D   1928
     126    3276       0       0       0                        01010000D   1929
     126       0       0       5       0                               0D   1930
     126    3281       0       0       0                        01010500D   1931
     126       0       0      12       0                               0D   1932
     126    3293       0       0       0                        01010000D   1933
     126       0       0       5       0                               0D   1934
     126    3298       0       0       0                        01010500D   1935
     126       0       0       2       0                               0D   1936
     110    3300       0       0       0                        01010000D   1937
     110       0       0       1       0                               0D   1938
     126    3301       0       0       0                        01010500D   1939
     126       0       0       2       0                               0D   1940
     124    3303       0       0       0                        00000000D   1941
     124       0       0       4       0                               0D   1942
     100    3307       0       0       0            1941        01010000D   1943
     100       0       0       1       0                               0D   1944
     126    3308       0       0       0                        01010500D   1945
     126       0       0       2       0                               0D   1946
     110    3310       0       0       0                        01010000D   1947
     110       0       0       1       0                               0D   1948
     126    3311       0       0       0                        01010500D   1949
     126       0       0      11       0                               0D   1950
     126    3322       0       0       0                        01010000D   1951
     126       0       0       5       0                               0D   1952
     126    3327       0       0       0                        01010500D   1953
     126       0       0       4       0                               0D   1954
     126    3331       0       0       0                        01010000D   1955
     126       0       0       5       0                               0D   1956
     126    3336       0       0       0                        01010500D   1957
     126       0       0       2       0                               0D   1958
     124    3338       0       0       0                        00000000D   1959
     124       0       0       4       0                               0D   1960
     100    3342       0       0       0            1959        01010000D   1961
     100       0       0       1       0                               0D   1962
     102    3343       0       0       0                        01010500D   1963
     102       0       0       2       0                               0D   1964
     102    3345       0       0       0                        01010000D   1965
     102       0       0       2       0                               0D   1966
     142    3347       0       0       0                        00010500D   1967
     142       0       0       1       0                               0D   1968
     126    3348       0       0       0                        01010500D   1969
     126       0       0      12       0                               0D   1970
     126    3360       0       0       0                        01010000D   1971
     126       0       0       5       0                               0D   1972
     126    3365       0       0       0                        01010500D   1973
     126       0       0      11       0                               0D   1974
     126    3376       0       0       0                        01010000D   1975
     126       0       0       5       0                               0D   1976
     126    3381       0       0       0                        01010500D   1977
     126       0       0       4       0                               0D   1978
     126    3385       0       0       0                        01010000D   1979
     126       0       0       5       0                               0D   1980
     126    3390       0       0       0                        01010500D   1981
     126       0       0       2       0                               0D   1982
     124    3392       0       0       0                        00000000D   1983
     124       0       0       4       0                               0D   1984
     100    3396       0       0       0            1983        01010000D   1985
     100       0       0       1       0                               0D   1986
     126    3397       0       0       0                        01010500D   1987
     126       0       0       4       0                               0D   1988
     126    3401       0       0       0                        01010000D   1989
     126       0       0       5       0                               0D   1990
     102    3406       0       0       0                        01010500D   1991
     102       0       0       1       0                               0D   1992
     102    3407       0       0       0                        01010000D   1993
     102       0       0       1       0                               0D   1994
     142    3408       0       0       0                        00010500D   1995
     142       0       0       1       0                               0D   1996
     144    3409       0       0       0                        00000000D   1997
     144       0   -1901       1       0                               0D   1998
     314    3410       0       0       0                        00000200D   1999
     314       0       1       1       0                               0D   2000
     128    3411       0       0       0                        01010000D   2001
     128       0       0       4       0                               0D   2002
     126    3415       0       0       0                        01010500D   2003
     126       0       0      22       0                               0D   2004
     124    3437       0       0       0                        00000000D   2005
     124       0       0       3       0                               0D   2006
     100    3440       0       0       0            2005        01010000D   2007
     100       0       0       2       0                               0D   2008
     126    3442       0       0       0                        01010500D   2009
     126       0       0      22       0                               0D   2010
     124    3464       0       0       0                        00000000D   2011
     124       0       0       4       0                               0D   2012
     100    3468       0       0       0            2011        01010000D   2013
     100       0       0       2       0                               0D   2014
     102    3470       0       0       0                        01010500D   2015
     102       0       0       1       0                               0D   2016
     102    3471       0       0       0                        01010000D   2017
     102       0       0       1       0                               0D   2018
     142    3472       0       0       0                        00010500D   2019
     142       0       0       1       0                               0D   2020
     144    3473       0       0       0                        00000000D   2021
     144       0   -1999       1       0                               0D   2022
     314    3474       0       0       0                        00000200D   2023
     314       0       1       1       0                               0D   2024
     128    3475       0       0       0                        01010000D   2025
     128       0       0     230       0                               0D   2026
     126    3705       0       0       0                        01010500D   2027
     126       0       0       2       0                               0D   2028
     126    3707       0       0       0                        01010000D   2029
     126       0       0      37       0                               0D   2030
     126    3744       0       0       0                        01010500D   2031
     126       0       0      21       0                               0D   2032
     126    3765       0       0       0                        01010000D   2033
     126       0       0      10       0                               0D   2034
     126    3775       0       0       0                        01010500D   2035
     126       0       0       3       0                               0D   2036
     126    3778       0       0       0                        01010000D   2037
     126       0       0       5       0                               0D   2038
     126    3783       0       0       0                        01010500D   2039
     126       0       0       2       0                               0D   2040
     126    3785       0       0       0                        01010000D   2041
     126       0       0      36       0                               0D   2042
     126    3821       0       0       0                        01010500D   2043
     126       0       0       2       0                               0D   2044
     124    3823       0       0       0                        00000000D   2045
     124       0       0       3       0                               0D   2046
     100    3826       0       0       0            2045        01010000D   2047
     100       0       0       2       0                               0D   2048
     102    3828       0       0       0                        01010500D   2049
     102       0       0       1       0                               0D   2050
     102    3829       0       0       0                        01010000D   2051
     102       0       0       1       0                               0D   2052
     142    3830       0       0       0                        00010500D   2053
     142       0       0       1       0                               0D   2054
     144    3831       0       0       0                        00000000D   2055
     144       0   -2023       1       0                               0D   2056
     128    3832       0       0       0                        01010000D   2057
     128       0       0      16       0                               0D   2058
     126    3848       0       0       0                        01010500D   2059
     126       0       0       2       0                               0D   2060
     124    3850       0       0       0                        00000000D   2061
     124       0       0       3       0                               0D   2062
     100    3853       0       0       0            2061        01010000D   2063
     100       0       0       1       0                               0D   2064
     126    3854       0       0       0                        01010500D   2065
     126       0       0       2       0                               0D   2066
     100    3856       0       0       0                        01010000D   2067
     100       0       0       1       0                               0D   2068
     126    3857       0       0       0                        01010500D   2069
     126       0       0       2       0                               0D   2070
     124    3859       0       0       0                        00000000D   2071
     124       0       0       2       0                               0D   2072
     100    3861       0       0       0            2071        01010000D   2073
     100       0       0       1       0                               0D   2074
     126    3862       0       0       0                        01010500D   2075
     126       0       0       2       0                               0D   2076
     124    3864       0       0       0                        00000000D   2077
     124       0       0       4       0                               0D   2078
     100    3868       0       0       0            2077        01010000D   2079
     100       0       0       1       0                               0D   2080
     102    3869       0       0       0                        01010500D   2081
     102       0       0       1       0                               0D   2082
     102    3870       0       0       0                        01010000D   2083
     102       0       0       1       0                               0D   2084
     142    3871       0       0       0                        00010500D   2085
     142       0       0       1       0                               0D   2086
     144    3872       0       0       0                        00000000D   2087
     144       0      -1       1       0                               0D   2088
     128    3873       0       0       0                        01010000D   2089
     128       0       0      16       0                               0D   2090
     126    3889       0       0       0                        01010500D   2091
     126       0       0       2       0                               0D   2092
     124    3891       0       0       0                        00000000D   2093
     124       0       0       3       0                               0D   2094
     100    3894       0       0       0            2093        01010000D   2095
     100       0       0       1       0                               0D   2096
     126    3895       0       0       0                        01010500D   2097
     126       0       0       2       0                               0D   2098
     100    3897       0       0       0                        01010000D   2099
     100       0       0       1       0                               0D   2100
     126    3898       0       0       0                        01010500D   2101
     126       0       0       2       0                               0D   2102
     124    3900       0       0       0                        00000000D   2103
     124       0       0       3       0                               0D   2104
     100    3903       0       0       0            2103        01010000D   2105
     100       0       0       1       0                               0D   2106
     126    3904       0       0       0                        01010500D   2107
     126       0       0       2       0                               0D   2108
     124    3906       0       0       0                        00000000D   2109
     124       0       0       3       0                               0D   2110
     100    3909       0       0       0            2109        01010000D   2111
     100       0       0       1       0                               0D   2112
     102    3910       0       0       0                        01010500D   2113
     102       0       0       1       0                               0D   2114
     102    3911       0       0       0                        01010000D   2115
     102       0       0       1       0                               0D   2116
     142    3912       0       0       0                        00010500D   2117
     142       0       0       1       0                               0D   2118
     144    3913       0       0       0                        00000000D   2119
     144       0      -1       1       0                               0D   2120
     128    3914       0       0       0                        01010000D   2121
     128       0       0      15       0                               0D   2122
     126    3929       0       0       0                        01010500D   2123
     126       0       0       2       0                               0D   2124
     124    3931       0       0       0                        00000000D   2125
     124       0       0       4       0                               0D   2126
     100    3935       0       0       0            2125        01010000D   2127
     100       0       0       1       0                               0D   2128
     126    3936       0       0       0                        01010500D   2129
     126       0       0       2       0                               0D   2130
     124    3938       0       0       0                        00000000D   2131
     124       0       0       4       0                               0D   2132
     100    3942       0       0       0            2131        01010000D   2133
     100       0       0       2       0                               0D   2134
     126    3944       0       0       0                        01010500D   2135
     126       0       0       2       0                               0D   2136
     100    3946       0       0       0                        01010000D   2137
     100       0       0       1       0                               0D   2138
     126    3947       0       0       0                        01010500D   2139
     126       0       0       2       0                               0D   2140
     124    3949       0       0       0                        00000000D   2141
     124       0       0       5       0                               0D   2142
     100    3954       0       0       0            2141        01010000D   2143
     100       0       0       2       0                               0D   2144
     102    3956       0       0       0                        01010500D   2145
     102       0       0       1       0                               0D   2146
     102    3957       0       0       0                        01010000D   2147
     102       0       0       1       0                               0D   2148
     142    3958       0       0       0                        00010500D   2149
     142       0       0       1       0                               0D   2150
     144    3959       0       0       0                        00000000D   2151
     144       0      -1       1       0                               0D   2152
     128    3960       0       0       0                        01010000D   2153
     128       0       0     161       0                               0D   2154
     126    4121       0       0       0                        01010500D   2155
     126       0       0       2       0                               0D   2156
     126    4123       0       0       0                        01010000D   2157
     126       0       0       6       0                               0D   2158
     126    4129       0       0       0                        01010500D   2159
     126       0       0       2       0                               0D   2160
     126    4131       0       0       0                        01010000D   2161
     126       0       0      10       0                               0D   2162
     126    4141       0       0       0                        01010500D   2163
     126       0       0       2       0                               0D   2164
     124    4143       0       0       0                        00000000D   2165
     124       0       0       4       0                               0D   2166
     100    4147       0       0       0            2165        01010000D   2167
     100       0       0       2       0                               0D   2168
     126    4149       0       0       0                        01010500D   2169
     126       0       0       2       0                               0D   2170
     126    4151       0       0       0                        01010000D   2171
     126       0       0       7       0                               0D   2172
     126    4158       0       0       0                        01010500D   2173
     126       0       0       2       0                               0D   2174
     124    4160       0       0       0                        00000000D   2175
     124       0       0       4       0                               0D   2176
     100    4164       0       0       0            2175        01010000D   2177
     100       0       0       2       0                               0D   2178
     102    4166       0       0       0                        01010500D   2179
     102       0       0       1       0                               0D   2180
     102    4167       0       0       0                        01010000D   2181
     102       0       0       1       0                               0D   2182
     142    4168       0       0       0                        00010500D   2183
     142       0       0       1       0                               0D   2184
     144    4169       0       0       0                        00000000D   2185
     144       0      -1       1       0                               0D   2186
314,0.784313725490196,23.921568627451,82.3529411764706,;               1P      1
128,63,2,3,2,0,0,0,0,0,0.0103412451134792,0.0103412451134792,          3P      2
0.0103412451134792,0.0103412451134792,0.0106644090232754,              3P      3
0.0106644090232754,0.0109875729330717,0.0109875729330717,              3P      4
0.0116339007526641,0.0116339007526641,0.0117954827075622,              3P      5
0.0117954827075622,0.0119570646624603,0.0119570646624603,              3P      6
0.0122802285722566,0.0122802285722566,0.012926556391849,               3P      7
0.012926556391849,0.0132497203016452,0.0132497203016452,               3P      8
0.0135728842114415,0.0135728842114415,0.0138960481212377,              3P      9
0.0138960481212377,0.0140576300761358,0.0140576300761358,              3P     10
0.0142192120310339,0.0142192120310339,0.0148655398506264,              3P     11
0.0148655398506264,0.0151887037604226,0.0151887037604226,              3P     12
0.0155118676702188,0.0155118676702188,0.0161581954898113,              3P     13
0.0161581954898113,0.0163197774447094,0.0163197774447094,              3P     14
0.0164813593996075,0.0164813593996075,0.0168045233094037,              3P     15
0.0168045233094037,0.0171276872191999,0.0171276872191999,              3P     16
0.0172892691740981,0.0172892691740981,0.0174508511289962,              3P     17
0.0174508511289962,0.0180971789485886,0.0180971789485886,              3P     18
0.0182587609034867,0.0182587609034867,0.0184203428583848,              3P     19
0.0184203428583848,0.0187435067681811,0.0187435067681811,              3P     20
0.0193898345877735,0.0193898345877735,0.0195514165426716,              3P     21
0.0195514165426716,0.0197129984975697,0.0197129984975697,              3P     22
0.020036162407366,0.020036162407366,0.0206824902269584,                3P     23
0.0206824902269584,0.0206824902269584,0.0206824902269584,0.,0.,        3P     24
0.,1.,1.,1.,1.,1.,1.,1.,1.,1.,1.,1.,1.,1.,1.,1.,1.,1.,1.,1.,1.,        3P     25
1.,1.,1.,1.,1.,1.,1.,1.,1.,1.,1.,1.,1.,1.,1.,1.,1.,1.,1.,1.,1.,        3P     26
1.,1.,1.,1.,1.,1.,1.,1.,1.,1.,1.,1.,1.,1.,1.,1.,1.,1.,1.,1.,1.,        3P     27
1.,1.,1.,1.,1.,0.745682851999118,0.753555715347435,                    3P     28
0.761447286909789,0.776885714717923,0.78442620843945,                  3P     29
0.806415038561994,0.820225517258485,0.83617781546508,                  3P     30
0.839310917600958,0.845395006437779,0.848346644512621,                 3P     31
0.856934733819585,0.862304203676011,0.877386389420619,                 3P     32
0.886072804236236,0.897242352358855,0.900603124300628,                 3P     33
0.906648593118741,0.909340326661034,0.914133647032443,                 3P     34
0.91623530817887,0.918982897891966,0.919831101704769,                  3P     35
0.921396173241885,0.922112092520521,0.925333462060354,                 3P     36
0.926828119140206,0.927649995371207,0.927682918707627,                 3P     37
0.927248726616591,0.926785647667564,0.924658612693007,                 3P     38
0.922273342134999,0.917830275418951,0.916866835029632,                 3P     39
0.914805620643124,0.913705387132615,0.910187190505688,                 3P     40
0.90755231436853,0.901642592977891,0.898367673818113,                  3P     41
0.89291597131461,0.891003425830948,0.887016444637136,                  3P     42
0.884943679953048,0.874173779765072,0.864256180539779,                 3P     43
0.850089837869607,0.847168271497034,0.841145806330237,                 3P     44
0.838042122996467,0.828554496192605,0.821965285086564,                 3P     45
0.801469979632604,0.786831497113109,0.767605585653122,                 3P     46
0.763705260341669,0.755894483980499,0.751978489039539,                 3P     47
0.740216055173713,0.732355275081662,0.708851825126558,                 3P     48
0.693290169506167,0.678172264921501,1.,1.,1.,1.,1.,1.,1.,1.,1.,        3P     49
1.,1.,1.,1.,1.,1.,1.,1.,1.,1.,1.,1.,1.,1.,1.,1.,1.,1.,1.,1.,1.,        3P     50
1.,1.,1.,1.,1.,1.,1.,1.,1.,1.,1.,1.,1.,1.,1.,1.,1.,1.,1.,1.,1.,        3P     51
1.,1.,1.,1.,1.,1.,1.,1.,1.,1.,1.,1.,1.,-3.231382464,                   3P     52
-0.246616436,147.,-3.214811648,-0.139182015,147.,-3.193068824,         3P     53
-0.031558679,147.,-3.140074787,0.180051668,147.,-3.108909374,          3P     54
0.283958617,147.,-3.001865926,0.590171008,147.,-2.912580349,           3P     55
0.787024785,147.,-2.777954357,1.023732199,147.,-2.749789226,           3P     56
1.070720114,147.,-2.691536397,1.163005557,147.,-2.661455032,           3P     57
1.20830928,147.,-2.568380301,1.341733507,147.,-2.502563183,            3P     58
1.427373124,147.,-2.29382467,1.674375308,147.,-2.139739254,            3P     59
1.825929398,147.,-1.884205005,2.031817819,147.,-1.796096067,           3P     60
2.095875215,147.,-1.61509943,2.21422962,147.,-1.522052363,             3P     61
2.268655338,147.,-1.330815038,2.367918615,147.,-1.232625322,           3P     62
2.412757187,147.,-1.081338375,2.472553649,147.,-1.030241129,           3P     63
2.491239999,147.,-0.92666979,2.526045918,147.,-0.874218867,            3P     64
2.542145158,147.,-0.611833715,2.615160574,147.,-0.398900306,           3P     65
2.650770852,147.,-0.074995225,2.670231642,147.,0.033790818,            3P     66
2.671016731,147.,0.252688873,2.660726578,147.,0.360870885,             3P     67
2.649748711,147.,0.681768357,2.600018707,147.,0.89086891,              3P     68
2.544625098,147.,1.146166448,2.447401912,147.,1.196907069,             3P     69
2.426538683,147.,1.296620251,2.382486636,147.,1.345742245,             3P     70
2.35924362,147.,1.490957921,2.285952198,147.,1.584906303,              3P     71
2.232349716,147.,1.767233673,2.115918039,147.,1.855612382,             3P     72
2.053088383,147.,1.984000254,1.951918653,147.,2.026203944,             3P     73
1.91694473,147.,2.108604258,1.845187838,147.,2.148783447,              3P     74
1.808431871,147.,2.34471799,1.620387715,147.,2.485734673,              3P     75
1.456431653,147.,2.643099248,1.235236645,147.,2.673617883,             3P     76
1.190177441,147.,2.732729421,1.098403868,147.,2.76133676,              3P     77
1.051650859,147.,2.843449625,0.910279025,147.,2.893550089,             3P     78
0.814114106,147.,3.030349818,0.520042837,147.,3.103686646,             3P     79
0.316617478,147.,3.172297963,0.052811559,147.,3.184878271,             3P     80
-0.000554807,147.,3.207449492,-0.107275934,147.,3.217466532,           3P     81
-0.160707523,147.,3.243755053,-0.321212948,147.,3.256272714,           3P     82
-0.428496953,147.,3.278815195,-0.751189374,147.,3.273981555,           3P     83
-0.967443191,147.,3.247580058,-1.18487753,147.,-2.348280557,           3P     84
-0.38282715,147.,-2.356822966,-0.300284217,147.,-2.361152489,          3P     85
-0.214580001,147.,-2.360113995,-0.042324233,147.,-2.354988642,         3P     86
0.044168307,147.,-2.325410587,0.301230506,147.,-2.28720915,            3P     87
0.474747547,147.,-2.212861566,0.690500814,147.,-2.196863934,           3P     88
0.73312013,147.,-2.162547343,0.817292531,147.,-2.144246574,            3P     89
0.858871495,147.,-2.086138415,0.981513172,147.,-2.042777089,           3P     90
1.06145121,147.,-1.900118952,1.292310196,147.,-1.786803793,            3P     91
1.438038598,147.,-1.588558152,1.637949514,147.,-1.519025819,           3P     92
1.70034228,147.,-1.373826045,1.81594222,147.,-1.297973159,             3P     93
1.86941891,147.,-1.140185884,1.96713578,147.,-1.058181359,             3P     94
2.011490092,147.,-0.930603131,2.070766735,147.,-0.887363663,           3P     95
2.089302328,147.,-0.799397817,2.123852998,147.,-0.754679086,           3P     96
2.139857459,147.,-0.530788713,2.21232931,147.,-0.346172331,            3P     97
2.248075199,147.,-0.065149565,2.267519203,147.,0.029374552,            3P     98
2.2683046,147.,0.219288122,2.258025522,147.,0.313098858,               3P     99
2.247047681,147.,0.590539422,2.197395862,147.,0.770372046,             3P    100
2.141914051,147.,0.985274099,2.045852158,147.,1.027929294,             3P    101
2.025196589,147.,1.111326311,1.981662264,147.,1.152204103,             3P    102
1.958717617,147.,1.272493767,1.886420609,147.,1.349306896,             3P    103
1.833710875,147.,1.496080947,1.719880615,147.,1.566101402,             3P    104
1.658621023,147.,1.665553628,1.560878041,147.,1.697963022,             3P    105
1.527100307,147.,1.760490236,1.458040357,147.,1.790599541,             3P    106
1.422763158,147.,1.93652597,1.241637347,147.,2.034224116,              3P    107
1.086065813,147.,2.132900622,0.883647896,147.,2.151691232,             3P    108
0.8422029,147.,2.186978208,0.758304659,147.,2.203469126,               3P    109
0.715795733,147.,2.249212743,0.587615449,147.,2.274489365,             3P    110
0.501760525,147.,2.336487765,0.241154083,147.,2.357493471,             3P    111
0.067104965,147.,2.361064728,-0.145379616,147.,2.360593551,            3P    112
-0.188539214,147.,2.357365551,-0.273850804,147.,2.354591815,           3P    113
-0.316064945,147.,2.342950068,-0.441990662,147.,2.330749987,           3P    114
-0.523605846,147.,2.281772259,-0.765080169,147.,2.23272879,            3P    115
-0.915647423,147.,2.171828862,-1.054256731,147.,-2.249297345,          3P    116
-0.398094442,147.887914168,-2.240019374,-0.320567733,                  3P    117
147.864433646,-2.227851443,-0.242289311,147.840515231,                 3P    118
-2.198051674,-0.086852075,147.793016345,-2.180466904,                  3P    119
-0.009756886,147.769458493,-2.119492209,0.220032356,                   3P    120
147.699819357,-2.068011982,0.371313486,147.65478593,                   3P    121
-1.987539227,0.558030074,147.60163368,-1.97058067,0.595343084,         3P    122
147.591132875,-1.935206014,0.669112839,147.570633074,                  3P    123
-1.916794531,0.705572754,147.560632331,-1.859322381,                   3P    124
0.813650522,147.531391285,-1.8180274,0.883972743,147.512913469,        3P    125
-1.684544388,1.089295219,147.460588446,-1.582813661,                   3P    126
1.218759007,147.429860866,-1.407498397,1.398139811,                    3P    127
147.389940047,-1.346054712,1.454589743,147.377846298,                  3P    128
-1.217851281,1.559774971,147.355994932,-1.150982762,                   3P    129
1.608622576,147.346211828,-1.011730536,1.698323466,                    3P    130
147.328730839,-0.939347475,1.739177856,147.32103243,                   3P    131
-0.82663965,1.793946343,147.310942545,-0.788381324,1.811115438,        3P    132
147.307822713,-0.71048363,1.843171513,147.302059409,                   3P    133
-0.670860435,1.858039948,147.299419408,-0.471901122,                   3P    134
1.925603891,147.287529251,-0.308064142,1.958944807,                    3P    135
147.281979875,-0.057988013,1.977139098,147.278931123,                  3P    136
0.02613966,1.97787427,147.278808899,0.195203697,1.968251846,           3P    137
147.280419692,0.278645447,1.957985643,147.282137732,                   3P    138
0.525130835,1.911627598,147.290016921,0.68433951,1.860067343,          3P    139
147.298849033,0.87499499,1.770893556,147.31517675,0.912697249,         3P    140
1.751809367,147.318712538,0.986377589,1.711654267,                     3P    141
147.326263477,1.022467619,1.69053355,147.330287682,1.128506021,        3P    142
1.624191845,147.343129558,1.196223278,1.575997121,                     3P    143
147.352715056,1.325785008,1.472317465,147.374098731,                   3P    144
1.387628969,1.416831991,147.385897465,1.476037954,1.328481659,         3P    145
147.405408741,1.504852582,1.298095133,147.412233739,                   3P    146
1.560635069,1.236108727,147.426411601,1.587592854,1.204531218,         3P    147
147.433758646,1.717925695,1.043944438,147.471788872,                   3P    148
1.808002661,0.906967406,147.506379387,1.905507003,0.727318511,         3P    149
147.55471059,1.924248872,0.69095928,147.564629975,1.960262181,         3P    150
0.617404329,147.5849656,1.977541586,0.580179437,147.595390804,         3P    151
2.026773897,0.468370952,147.627074906,2.056310249,0.393306489,         3P    152
147.648839487,2.136063997,0.166687804,147.715665127,                   3P    153
2.177559949,0.013789964,147.762265524,2.21617646,-0.180369443,         3P    154
147.821592901,2.223238857,-0.21944977,147.833539055,                   3P    155
2.235895919,-0.297245873,147.857277562,2.241505355,                    3P    156
-0.336019144,147.86908745,2.256225293,-0.452030439,                    3P    157
147.904283365,2.263236806,-0.528959266,147.92743426,                   3P    158
2.275902821,-0.759067665,147.995549213,2.273339289,                    3P    159
-0.911579837,148.039152393,2.258066197,-1.064727916,                   3P    160
148.080164758,0.0103412451134792,0.0206824902269584,0.,1.;             3P    161
126,1,1,1,0,1,0,0.,0.,1.,1.,1.,1.,0.02068249,0.,0.,0.02068249,         5P    162
1.,0.,0.,1.,0.,0.,1.;                                                  5P    163
124,9.71445146547012E-17,-0.992708768643739,0.120537548746565,         7P    164
-15.7682154701676,5.03069808033274E-17,0.120537548746565,              7P    165
0.992708768643739,-147.962953056382,-1.,-9.03723313724885E-17,         7P    166
6.16497426381079E-17,151.247580058281;                                 7P    167
100,148.,3.247580058,-1.18487753,4.247580058,-1.18487753,              9P    168
3.1674153,-0.188095903;                                                9P    169
126,1,1,1,0,1,0,0.,0.,1.,1.,1.,1.,0.02068249,1.,0.,0.020276441,       11P    170
1.,0.,0.,1.,0.,0.,1.;                                                 11P    171
126,4,3,1,0,1,0,0.,0.,0.,0.,0.5,1.,1.,1.,1.,1.,1.,1.,1.,1.,           13P    172
2.258066197,-1.064727916,148.080164758,2.262888381,                   13P    173
-1.016374362,148.067215895,2.269941012,-0.919998461,                  13P    174
148.040862412,2.272191836,-0.824217859,148.013726803,                 13P    175
2.272191836,-0.776459919,148.,0.,1.,0.,0.,0.;                         13P    176
126,1,1,1,0,1,0,0.,0.,1.,1.,1.,1.,0.020276441,1.,0.,                  15P    177
0.010341245,1.,0.,0.,1.,0.,0.,1.;                                     15P    178
126,9,3,1,0,1,0,0.,0.,0.,0.,0.25,0.25,0.5,0.5,0.75,0.75,1.,1.,        17P    179
1.,1.,1.,1.,1.,1.,1.,1.,1.,1.,1.,1.,2.272191836,-0.776459919,         17P    180
148.,2.272191836,-0.163953656,147.823950679,2.104133343,              17P    181
0.45535727,147.621221858,1.412803301,1.4953004,147.358083584,         17P    182
0.844549213,1.899338495,147.291997912,-0.444115235,2.032448245,       17P    183
147.269635395,-1.090803569,1.74997286,147.309499344,                  17P    184
-1.947197001,0.814514444,147.522239196,-2.176120731,                  17P    185
0.213369199,147.702720118,-2.249297345,-0.398094442,                  17P    186
147.887914168,0.,1.,0.139996699,-0.273519999,-0.951623736;            17P    187
126,1,1,1,0,1,0,0.,0.,1.,1.,1.,1.,0.010341245,1.,0.,                  19P    188
0.010341245,0.,0.,0.,1.,0.,0.,1.;                                     19P    189
124,0.982085118578447,-0.110775878143084,0.152438593172419,           21P    190
-22.6461207754288,-0.151478005785469,0.0170862064731594,              21P    191
0.988312944017033,-147.00220178256,-0.112085831531086,                21P    192
-0.993698528916082,6.12323399573677E-17,147.392745420059;             21P    193
100,148.,-3.231382464,-0.246616436,-2.231382464,-0.246616436,         23P    194
-3.119296632,0.747082093;                                             23P    195
126,1,1,1,0,1,0,0.,0.,1.,1.,1.,1.,0.010341245,0.,0.,0.02068249,       25P    196
0.,0.,0.,1.,0.,0.,1.;                                                 25P    197
126,9,3,1,0,1,0,0.,0.,0.,0.,0.25,0.25,0.5,0.5,0.75,0.75,1.,1.,        27P    198
1.,1.,1.,1.,1.,1.,1.,1.,1.,1.,1.,1.,-3.231382464,-0.246616436,        27P    199
147.,-3.09859819,0.614270652,147.,-2.651188143,1.413443085,           27P    200
147.,-1.289436658,2.51143553,147.,-0.389977346,2.765432772,           27P    201
147.,1.320981471,2.501633079,147.,2.105560126,1.989300232,147.,       27P    202
3.113568568,0.575441623,147.,3.353070527,-0.316091709,147.,           27P    203
3.247580058,-1.18487753,147.,0.,1.,0.,0.,1.;                          27P    204
102,5,5,11,15,19,25;                                                  29P    205
102,5,9,13,17,23,27;                                                  31P    206
142,1,3,29,31,1;                                                      33P    207
144,3,1,0,33;                                                         35P    208
128,3,3,3,3,0,0,0,0,0,0.,0.,0.,0.,1.,1.,1.,1.,0.,0.,0.,0.,1.,         37P    209
1.,1.,1.,1.,0.975034616916169,0.975034616916169,1.,                   37P    210
0.333333333333333,0.325011538972056,0.325011538972056,                37P    211
0.333333333333333,0.333333333333333,0.325011538972056,                37P    212
0.325011538972056,0.333333333333333,1.,0.975034616916169,             37P    213
0.975034616916169,1.,-4.231504157,0.,138.742202789,                   37P    214
-4.151035265,0.,138.909184142,-4.118847986,0.,139.09172727,           37P    215
-4.137353024,0.,139.276160397,-4.231504157,-8.463008313,              37P    216
138.742202789,-4.151035265,-8.30207053,138.909184142,                 37P    217
-4.118847986,-8.237695972,139.09172727,-4.137353024,                  37P    218
-8.274706047,139.276160397,4.231504157,-8.463008313,                  37P    219
138.742202789,4.151035265,-8.30207053,138.909184142,                  37P    220
4.118847986,-8.237695972,139.09172727,4.137353024,-8.274706047,       37P    221
139.276160397,4.231504157,0.,138.742202789,4.151035265,0.,            37P    222
138.909184142,4.118847986,0.,139.09172727,4.137353024,0.,             37P    223
139.276160397,0.,1.,0.,1.;                                            37P    224
126,1,1,1,0,1,0,0.,0.,1.,1.,1.,1.,0.816677799,1.,0.,                  39P    225
0.183322201,1.,0.,0.,1.,0.,0.,1.;                                     39P    226
124,-1.,6.98296267768627E-15,0.,10.2647143776111,                     41P    227
-4.27583144589696E-31,-6.12323399573677E-17,-1.,                      41P    228
139.176326980708,-6.98296267768627E-15,-1.,                           41P    229
6.12323399573677E-17,139.176326980709;                                41P    230
100,139.176326981,5.132357189,0.,6.132357189,0.,6.07204981,           43P    231
0.342020143;                                                          43P    232
126,1,1,1,0,1,0,0.,0.,1.,1.,1.,1.,0.183322201,1.,0.,                  45P    233
0.183322201,0.,0.,0.,1.,0.,0.,1.;                                     45P    234
124,1.,-6.73468386539699E-15,-1.29444398452784E-30,                   47P    235
1.79713233331743E-28,-6.73468386539699E-15,-1.,                       47P    236
6.98296267768627E-15,-9.69474783027887E-13,                           47P    237
-4.83224900626109E-29,-6.98296267768627E-15,-1.,                      47P    238
277.668613674766;                                                     47P    239
100,138.834306837,0.,0.,4.192664568,0.,-4.192664568,0.;               49P    240
126,1,1,1,0,1,0,0.,0.,1.,1.,1.,1.,0.183322201,0.,0.,                  51P    241
0.816677799,0.,0.,0.,1.,0.,0.,1.;                                     51P    242
124,0.939692620785909,0.342020143325668,-1.22464679914735E-16,        53P    243
-0.309519011247452,-1.3602184971117E-16,1.56541906346228E-17,         53P    244
-1.,139.176326980708,-0.342020143325668,0.939692620785909,            53P    245
6.12323399573677E-17,137.420957439395;                                53P    246
100,139.176326981,-5.132357189,0.,-4.132357189,0.,-4.192664568,       55P    247
0.342020143;                                                          55P    248
126,1,1,1,0,1,0,0.,0.,1.,1.,1.,1.,0.816677799,0.,0.,                  57P    249
0.816677799,1.,0.,0.,1.,0.,0.,1.;                                     57P    250
100,139.176326981,0.,0.,-4.132357189,0.,4.132357189,0.;               59P    251
102,4,39,45,51,57;                                                    61P    252
102,4,43,49,55,59;                                                    63P    253
142,1,37,61,63,1;                                                     65P    254
144,37,1,0,65;                                                        67P    255
128,3,3,3,3,0,0,0,0,0,0.,0.,0.,0.,1.,1.,1.,1.,0.,0.,0.,0.,1.,         69P    256
1.,1.,1.,1.,0.755320871117978,0.755320871117978,1.,                   69P    257
0.333333333333333,0.251773623705993,0.251773623705993,                69P    258
0.333333333333333,0.333333333333333,0.251773623705993,                69P    259
0.251773623705993,0.333333333333333,1.,0.755320871117978,             69P    260
0.755320871117978,1.,8.499000833,0.,87.219966683,8.512644085,         69P    261
0.,87.083989247,8.416010753,0.,86.987355915,8.280033317,0.,           69P    262
87.000999167,8.499000833,16.998001666,87.219966683,8.512644085,       69P    263
17.025288169,87.083989247,8.416010753,16.832021506,                   69P    264
86.987355915,8.280033317,16.560066633,87.000999167,                   69P    265
-8.499000833,16.998001666,87.219966683,-8.512644085,                  69P    266
17.025288169,87.083989247,-8.416010753,16.832021506,                  69P    267
86.987355915,-8.280033317,16.560066633,87.000999167,                  69P    268
-8.499000833,0.,87.219966683,-8.512644085,0.,87.083989247,            69P    269
-8.416010753,0.,86.987355915,-8.280033317,0.,87.000999167,0.,         69P    270
1.,0.,1.;                                                             69P    271
126,1,1,1,0,1,0,0.,0.,1.,1.,1.,1.,0.936858543,0.,0.,                  71P    272
0.936858543,1.,0.,0.,1.,0.,0.,1.;                                     71P    273
100,87.,0.,0.,8.3,0.,-8.3,0.;                                         73P    274
126,1,1,1,0,1,0,0.,0.,1.,1.,1.,1.,0.936858543,1.,0.,                  75P    275
0.063141457,1.,0.,0.,1.,0.,0.,1.;                                     75P    276
124,-6.12323399573676E-17,-1.,1.22464679914735E-16,                   77P    277
-8.30000000000001,6.12323399573677E-17,1.22464679914735E-16,1.,       77P    278
-87.2,-1.,6.12323399573677E-17,6.12323399573677E-17,78.9;             77P    279
100,87.2,-8.3,0.,-8.1,0.,-8.3,0.2;                                    79P    280
126,1,1,1,0,1,0,0.,0.,1.,1.,1.,1.,0.063141457,1.,0.,                  81P    281
0.063141457,0.,0.,0.,1.,0.,0.,1.;                                     81P    282
124,-1.,-7.22789203751574E-15,8.55166289179392E-31,                   83P    283
-7.45705004164437E-29,-7.22789203751574E-15,1.,                       83P    284
-6.98296267768627E-15,6.08914345494243E-13,                           83P    285
4.96169340471388E-29,-6.98296267768627E-15,-1.,174.4;                 83P    286
100,87.2,0.,0.,8.5,0.,-8.5,0.;                                        85P    287
126,1,1,1,0,1,0,0.,0.,1.,1.,1.,1.,0.063141457,0.,0.,                  87P    288
0.936858543,0.,0.,0.,1.,0.,0.,1.;                                     87P    289
124,1.,0.,0.,0.,0.,6.12323399573677E-17,1.,-87.2,0.,-1.,              89P    290
6.12323399573677E-17,87.2;                                            89P    291
100,87.2,8.3,0.,8.5,0.,8.3,0.2;                                       91P    292
102,4,71,75,81,87;                                                    93P    293
102,4,73,79,85,91;                                                    95P    294
142,1,69,93,95,1;                                                     97P    295
144,69,1,0,97;                                                        99P    296
128,3,3,3,3,0,0,0,0,0,0.,0.,0.,0.,1.,1.,1.,1.,0.,0.,0.,0.,1.,        101P    297
1.,1.,1.,1.,0.755320871117972,0.755320871117972,1.,                  101P    298
0.333333333333333,0.251773623705991,0.251773623705991,               101P    299
0.333333333333333,0.333333333333333,0.251773623705991,               101P    300
0.251773623705991,0.333333333333333,1.,0.755320871117972,            101P    301
0.755320871117972,1.,7.900166583,0.,17.995004165,8.580053765,        101P    302
0.,18.063220423,9.063220423,0.,17.580053765,8.995004165,0.,          101P    303
16.900166583,7.900166583,15.800333167,17.995004165,8.580053765,      101P    304
17.16010753,18.063220423,9.063220423,18.126440845,17.580053765,      101P    305
8.995004165,17.990008331,16.900166583,-7.900166583,                  101P    306
15.800333167,17.995004165,-8.580053765,17.16010753,                  101P    307
18.063220423,-9.063220423,18.126440845,17.580053765,                 101P    308
-8.995004165,17.990008331,16.900166583,-7.900166583,0.,              101P    309
17.995004165,-8.580053765,0.,18.063220423,-9.063220423,0.,           101P    310
17.580053765,-8.995004165,0.,16.900166583,0.,1.,0.,1.;               101P    311
126,1,1,1,0,1,0,0.,0.,1.,1.,1.,1.,0.936858543,0.,0.,                 103P    312
0.936858543,1.,0.,0.,1.,0.,0.,1.;                                    103P    313
100,17.,0.,0.,9.,0.,-9.,0.;                                          105P    314
126,1,1,1,0,1,0,0.,0.,1.,1.,1.,1.,0.936858543,1.,0.,                 107P    315
0.063141457,1.,0.,0.,1.,0.,0.,1.;                                    107P    316
124,-1.,7.105427357601E-15,1.22464679914735E-16,-16.,                109P    317
1.22464679914735E-16,-6.12323399573685E-17,1.,-17.,                  109P    318
7.105427357601E-15,1.,6.12323399573677E-17,17.0000000000001;         109P    319
100,17.,-8.,0.,-7.,0.,-8.,1.;                                        111P    320
126,1,1,1,0,1,0,0.,0.,1.,1.,1.,1.,0.063141457,1.,0.,                 113P    321
0.063141457,0.,0.,0.,1.,0.,0.,1.;                                    113P    322
124,-1.,-6.98296267768627E-15,0.,-1.75162308040602E-43,              115P    323
-6.98296267768627E-15,1.,-6.98296267768627E-15,                      115P    324
1.25693328198353E-13,4.87617677579594E-29,                           115P    325
-6.98296267768627E-15,-1.,36.;                                       115P    326
100,18.,0.,0.,8.,0.,-8.,0.;                                          117P    327
126,1,1,1,0,1,0,0.,0.,1.,1.,1.,1.,0.063141457,0.,0.,                 119P    328
0.936858543,0.,0.,0.,1.,0.,0.,1.;                                    119P    329
124,1.40271576953299E-14,1.,0.,7.99999999999989,                     121P    330
-6.12323399573677E-17,8.58915688636046E-31,1.,-17.,1.,               121P    331
-1.40271576953299E-14,6.12323399573677E-17,9.;                       121P    332
100,17.,8.,0.,9.,0.,8.,1.;                                           123P    333
102,4,103,107,113,119;                                               125P    334
102,4,105,111,117,123;                                               127P    335
142,1,101,125,127,1;                                                 129P    336
144,101,1,0,129;                                                     131P    337
314,10.1960784313725,10.1960784313725,10.1960784313725,;             133P    338
128,3,31,3,3,0,0,0,0,0,0.,0.,0.,0.,0.5,0.5,0.5,0.5,0.,0.,0.,0.,      135P    339
0.0242065438851145,0.0242065438851145,0.048413087770229,             135P    340
0.048413087770229,0.0726196316553434,0.0726196316553434,             135P    341
0.0968261755404579,0.0968261755404579,0.145239263310687,             135P    342
0.145239263310687,0.193652351080916,0.193652351080916,               135P    343
0.300109793028772,0.300109793028772,0.447149332210341,               135P    344
0.447149332210341,0.594188871391911,0.594188871391911,               135P    345
0.695641653543933,0.695641653543933,0.797094435695956,               135P    346
0.797094435695956,0.847820826771967,0.847820826771967,               135P    347
0.898547217847978,0.898547217847978,0.949273608923989,               135P    348
0.949273608923989,1.,1.,1.,1.,1.,0.333333333333333,                  135P    349
0.333333333333333,1.,1.,0.333333333333333,0.333333333333333,1.,      135P    350
1.,0.333333333333333,0.333333333333333,1.,1.,0.333333333333333,      135P    351
0.333333333333333,1.,1.,0.333333333333333,0.333333333333333,1.,      135P    352
1.,0.333333333333333,0.333333333333333,1.,1.,0.333333333333333,      135P    353
0.333333333333333,1.,1.,0.333333333333333,0.333333333333333,1.,      135P    354
1.,0.333333333333333,0.333333333333333,1.,1.,0.333333333333333,      135P    355
0.333333333333333,1.,1.,0.333333333333333,0.333333333333333,1.,      135P    356
1.,0.333333333333333,0.333333333333333,1.,1.,0.333333333333333,      135P    357
0.333333333333333,1.,1.,0.333333333333333,0.333333333333333,1.,      135P    358
1.,0.333333333333333,0.333333333333333,1.,1.,0.333333333333333,      135P    359
0.333333333333333,1.,1.,0.333333333333333,0.333333333333333,1.,      135P    360
1.,0.333333333333333,0.333333333333333,1.,1.,0.333333333333333,      135P    361
0.333333333333333,1.,1.,0.333333333333333,0.333333333333333,1.,      135P    362
1.,0.333333333333333,0.333333333333333,1.,1.,0.333333333333333,      135P    363
0.333333333333333,1.,1.,0.333333333333333,0.333333333333333,1.,      135P    364
1.,0.333333333333333,0.333333333333333,1.,1.,0.333333333333333,      135P    365
0.333333333333333,1.,1.,0.333333333333333,0.333333333333333,1.,      135P    366
1.,0.333333333333333,0.333333333333333,1.,1.,0.333333333333333,      135P    367
0.333333333333333,1.,1.,0.333333333333333,0.333333333333333,1.,      135P    368
1.,0.333333333333333,0.333333333333333,1.,1.,0.333333333333333,      135P    369
0.333333333333333,1.,1.,0.333333333333333,0.333333333333333,1.,      135P    370
2.272191836,0.,147.,2.272191836,4.544383671,147.,-2.272191836,       135P    371
4.544383671,147.,-2.272191836,0.,147.,2.272191836,-0.664821595,      135P    372
147.778126269,2.272191836,3.879562079,147.452336196,                 135P    373
-2.272191836,3.879562079,147.452336196,-2.272191836,                 135P    374
-0.664821595,147.778126269,2.272191836,-1.162406814,                 135P    375
148.524085931,2.272191836,3.347641657,147.808567036,                 135P    376
-2.272191836,3.347641657,147.808567036,-2.272191836,                 135P    377
-1.162406814,148.524085931,2.272191836,-1.874206909,                 135P    378
149.960623349,2.272191836,2.40901315,148.37742078,-2.272191836,      135P    379
2.40901315,148.37742078,-2.272191836,-1.874206909,                   135P    380
149.960623349,2.272191836,-2.088808792,150.651285967,                135P    381
2.272191836,1.9950442,148.591635844,-2.272191836,1.9950442,          135P    382
148.591635844,-2.272191836,-2.088808792,150.651285967,               135P    383
2.272191836,-2.281366202,151.993772495,2.272191836,1.233873952,      135P    384
149.067494904,-2.272191836,1.233873952,149.067494904,                135P    385
-2.272191836,-2.281366202,151.993772495,2.272191836,                 135P    386
-2.259042779,152.646147708,2.272191836,0.891905954,                  135P    387
149.339482121,-2.272191836,0.891905954,149.339482121,                135P    388
-2.272191836,-2.259042779,152.646147708,2.272191836,                 135P    389
-2.014082446,153.925012815,2.272191836,0.411244106,                  135P    390
150.054572734,-2.272191836,0.411244106,150.054572734,                135P    391
-2.272191836,-2.014082446,153.925012815,2.272191836,                 135P    392
-1.79110305,154.551228699,2.272191836,0.278975545,                   135P    393
150.492535349,-2.272191836,0.278975545,150.492535349,                135P    394
-2.272191836,-1.79110305,154.551228699,2.272191836,                  135P    395
-0.881880567,156.394798808,2.272191836,0.285152011,                  135P    396
151.954457078,-2.272191836,0.285152011,151.954457078,                135P    397
-2.272191836,-0.881880567,156.394798808,2.272191836,                 135P    398
0.044633108,157.575309205,2.272191836,0.826321414,                   135P    399
153.093312203,-2.272191836,0.826321414,153.093312203,                135P    400
-2.272191836,0.044633108,157.575309205,2.272191836,2.164413577,      135P    401
159.870677419,2.272191836,2.51172182,155.334301031,                  135P    402
-2.272191836,2.51172182,155.334301031,-2.272191836,2.164413577,      135P    403
159.870677419,2.272191836,3.356794376,160.9862643,2.272191836,       135P    404
3.639330061,156.450112994,-2.272191836,3.639330061,                  135P    405
156.450112994,-2.272191836,3.356794376,160.9862643,2.272191836,      135P    406
7.002555343,164.534274472,2.272191836,7.512225481,160.01584723,      135P    407
-2.272191836,7.512225481,160.01584723,-2.272191836,7.002555343,      135P    408
164.534274472,2.272191836,9.230530691,166.941074521,                 135P    409
2.272191836,10.139505998,162.445903001,-2.272191836,                 135P    410
10.139505998,162.445903001,-2.272191836,9.230530691,                 135P    411
166.941074521,2.272191836,13.23374938,173.506442425,                 135P    412
2.272191836,15.531713155,169.494166935,-2.272191836,                 135P    413
15.531713155,169.494166935,-2.272191836,13.23374938,                 135P    414
173.506442425,2.272191836,14.483638094,177.974799062,                135P    415
2.272191836,17.423094707,174.43870647,-2.272191836,                  135P    416
17.423094707,174.43870647,-2.272191836,14.483638094,                 135P    417
177.974799062,2.272191836,14.802758512,187.411069639,                135P    418
2.272191836,18.672318017,184.926947009,-2.272191836,                 135P    419
18.672318017,184.926947009,-2.272191836,14.802758512,                135P    420
187.411069639,2.272191836,13.872866966,192.379300205,                135P    421
2.272191836,18.046608786,190.476588324,-2.272191836,                 135P    422
18.046608786,190.476588324,-2.272191836,13.872866966,                135P    423
192.379300205,2.272191836,10.434104383,200.514763074,                135P    424
2.272191836,14.910600603,199.621680807,-2.272191836,                 135P    425
14.910600603,199.621680807,-2.272191836,10.434104383,                135P    426
200.514763074,2.272191836,8.501452068,203.750930999,                 135P    427
2.272191836,12.99419172,203.066535148,-2.272191836,12.99419172,      135P    428
203.066535148,-2.272191836,8.501452068,203.750930999,                135P    429
2.272191836,4.640085567,210.006682048,2.272191836,9.144453009,       135P    430
209.403539265,-2.272191836,9.144453009,209.403539265,                135P    431
-2.272191836,4.640085567,210.006682048,2.272191836,2.711613933,      135P    432
213.026726064,2.272191836,7.215673932,212.304335986,                 135P    433
-2.272191836,7.215673932,212.304335986,-2.272191836,                 135P    434
2.711613933,213.026726064,2.272191836,0.602431528,217.34871726,      135P    435
2.272191836,4.961761718,216.049906853,-2.272191836,4.961761718,      135P    436
216.049906853,-2.272191836,0.602431528,217.34871726,                 135P    437
2.272191836,0.029807466,218.754368449,2.272191836,4.314171849,       135P    438
217.191237975,-2.272191836,4.314171849,217.191237975,                135P    439
-2.272191836,0.029807466,218.754368449,2.272191836,                  135P    440
-0.730022501,221.488031924,2.272191836,3.230942121,                  135P    441
219.227519972,-2.272191836,3.230942121,219.227519972,                135P    442
-2.272191836,-0.730022501,221.488031924,2.272191836,                 135P    443
-0.917750454,222.815487956,2.272191836,2.785508064,                  135P    444
220.112034763,-2.272191836,2.785508064,220.112034763,                135P    445
-2.272191836,-0.917750454,222.815487956,2.272191836,                 135P    446
-0.785167815,225.396343595,2.272191836,2.075009479,                  135P    447
221.812746433,-2.272191836,2.075009479,221.812746433,                135P    448
-2.272191836,-0.785167815,225.396343595,2.272191836,                 135P    449
-0.46546709,226.651193182,2.272191836,1.798503187,222.65614688,      135P    450
-2.272191836,1.798503187,222.65614688,-2.272191836,-0.46546709,      135P    451
226.651193182,2.272191836,0.82969526,229.099655689,2.272191836,      135P    452
1.865226334,224.625995913,-2.272191836,1.865226334,                  135P    453
224.625995913,-2.272191836,0.82969526,229.099655689,                 135P    454
2.272191836,1.806993303,230.292859638,2.272191836,2.242909546,       135P    455
225.744771645,-2.272191836,2.242909546,225.744771645,                135P    456
-2.272191836,1.806993303,230.292859638,2.272191836,3.185968063,      135P    457
231.447040258,2.272191836,3.148926033,226.902807557,                 135P    458
-2.272191836,3.148926033,226.902807557,-2.272191836,                 135P    459
3.185968063,231.447040258,0.,0.5,0.,1.;                              135P    460
126,28,2,1,0,1,0,0.,0.,0.,0.0625,0.0625,0.125,0.125,0.15625,         137P    461
0.15625,0.1875,0.1875,0.25,0.25,0.3125,0.3125,0.375,0.375,0.5,       137P    462
0.5,0.625,0.625,0.75,0.75,0.8125,0.8125,0.875,0.875,0.9375,          137P    463
0.9375,1.,1.,1.,1.,1.,1.,1.,1.,1.,1.,1.,1.,1.,1.,1.,1.,1.,1.,        137P    464
1.,1.,1.,1.,1.,1.,1.,1.,1.,1.,1.,1.,1.,1.,0.,0.010556032,0.,         137P    465
0.019824196,0.010109259,0.,0.039442054,0.009476162,0.,               137P    466
0.054689814,0.008984095,0.,0.073072758,0.008269565,0.,               137P    467
0.07953809,0.008018263,0.,0.088483206,0.007658237,0.,                137P    468
0.095878029,0.007360608,0.,0.103272788,0.007061392,0.,               137P    469
0.119315815,0.006412239,0.,0.13154204,0.005965783,0.,                137P    470
0.146041767,0.005436308,0.,0.158917912,0.005057853,0.,               137P    471
0.172511834,0.004658302,0.,0.185705989,0.004383316,0.,               137P    472
0.212137322,0.003832448,0.,0.238964007,0.003738481,0.,               137P    473
0.265698893,0.003644835,0.,0.292131341,0.004002506,0.,               137P    474
0.318517238,0.004359547,0.,0.345847772,0.005201299,0.,               137P    475
0.358533776,0.005592015,0.,0.373185966,0.006140672,0.,               137P    476
0.383533788,0.00652815,0.,0.401690352,0.007261539,0.,                137P    477
0.422880474,0.008117461,0.,0.432239348,0.008474069,0.,               137P    478
0.450744069,0.009179167,0.,0.466784473,0.009672382,0.,0.,1.,0.,      137P    479
0.,1.;                                                               137P    480
126,9,3,1,0,1,0,0.,0.,0.,0.,0.25,0.25,0.5,0.5,0.75,0.75,1.,1.,       139P    481
1.,1.,1.,1.,1.,1.,1.,1.,1.,1.,1.,1.,2.272191836,-0.776459919,        139P    482
148.,2.272191836,-0.163953656,147.823950679,2.104133343,             139P    483
0.45535727,147.621221858,1.412803301,1.4953004,147.358083584,        139P    484
0.844549213,1.899338495,147.291997912,-0.444115235,2.032448245,      139P    485
147.269635395,-1.090803569,1.74997286,147.309499344,                 139P    486
-1.947197001,0.814514444,147.522239196,-2.176120731,                 139P    487
0.213369199,147.702720118,-2.249297345,-0.398094442,                 139P    488
147.887914168,0.,1.,0.139996699,-0.273519999,-0.951623736;           139P    489
126,2,2,1,0,1,0,0.,0.,0.,1.,1.,1.,1.,1.,1.,0.466784473,              141P    490
0.009672382,0.,0.48323444,0.01017819,0.,0.5,0.010556032,0.,0.,       141P    491
1.,0.,0.,1.;                                                         141P    492
126,5,3,1,0,1,0,0.,0.,0.,0.,0.5,0.5,1.,1.,1.,1.,1.,1.,1.,1.,1.,      143P    493
1.,-2.249297345,-0.398094442,147.887914168,-2.256793253,             143P    494
-0.46073023,147.906884676,-2.262504255,-0.523566484,                 143P    495
147.925780028,-2.270205096,-0.649714589,147.963221977,               143P    496
-2.272191836,-0.713157077,147.981805211,-2.272191836,                143P    497
-0.776459919,148.,0.,1.,0.,0.,0.;                                    143P    498
126,1,1,1,0,1,0,0.,0.,1.,1.,1.,1.,0.5,0.010556032,0.,0.5,1.,0.,      145P    499
0.,1.,0.,0.,1.;                                                      145P    500
126,31,3,1,0,0,0,0.0105560315368733,0.0105560315368733,              147P    501
0.0105560315368733,0.0105560315368733,0.0242065438851145,            147P    502
0.0242065438851145,0.048413087770229,0.048413087770229,              147P    503
0.0726196316553434,0.0726196316553434,0.0968261755404579,            147P    504
0.0968261755404579,0.145239263310687,0.145239263310687,              147P    505
0.193652351080916,0.193652351080916,0.300109793028772,               147P    506
0.300109793028772,0.447149332210341,0.447149332210341,               147P    507
0.594188871391911,0.594188871391911,0.695641653543933,               147P    508
0.695641653543933,0.797094435695956,0.797094435695956,               147P    509
0.847820826771967,0.847820826771967,0.898547217847978,               147P    510
0.898547217847978,0.949273608923989,0.949273608923989,1.,1.,1.,      147P    511
1.,1.,1.,1.,1.,1.,1.,1.,1.,1.,1.,1.,1.,1.,1.,1.,1.,1.,1.,1.,1.,      147P    512
1.,1.,1.,1.,1.,1.,1.,1.,1.,1.,1.,1.,-2.272191836,-0.776459919,       147P    513
148.,-2.272191836,-1.071853358,148.423459116,-2.272191836,           147P    514
-1.317608322,148.837309792,-2.272191836,-1.874206909,                147P    515
149.960623349,-2.272191836,-2.088808792,150.651285967,               147P    516
-2.272191836,-2.281366202,151.993772495,-2.272191836,                147P    517
-2.259042779,152.646147708,-2.272191836,-2.014082446,                147P    518
153.925012815,-2.272191836,-1.79110305,154.551228699,                147P    519
-2.272191836,-0.881880567,156.394798808,-2.272191836,                147P    520
0.044633108,157.575309205,-2.272191836,2.164413577,                  147P    521
159.870677419,-2.272191836,3.356794376,160.9862643,                  147P    522
-2.272191836,7.002555343,164.534274472,-2.272191836,                 147P    523
9.230530691,166.941074521,-2.272191836,13.23374938,                  147P    524
173.506442425,-2.272191836,14.483638094,177.974799062,               147P    525
-2.272191836,14.802758512,187.411069639,-2.272191836,                147P    526
13.872866966,192.379300205,-2.272191836,10.434104383,                147P    527
200.514763074,-2.272191836,8.501452068,203.750930999,                147P    528
-2.272191836,4.640085567,210.006682048,-2.272191836,                 147P    529
2.711613933,213.026726064,-2.272191836,0.602431528,                  147P    530
217.34871726,-2.272191836,0.029807466,218.754368449,                 147P    531
-2.272191836,-0.730022501,221.488031924,-2.272191836,                147P    532
-0.917750454,222.815487956,-2.272191836,-0.785167815,                147P    533
225.396343595,-2.272191836,-0.46546709,226.651193182,                147P    534
-2.272191836,0.82969526,229.099655689,-2.272191836,1.806993303,      147P    535
230.292859638,-2.272191836,3.185968063,231.447040258,                147P    536
0.0105560315368733,1.,1.,0.,0.;                                      147P    537
126,1,1,1,0,1,0,0.,0.,1.,1.,1.,1.,0.5,1.,0.,0.,1.,0.,0.,1.,0.,       149P    538
0.,1.;                                                               149P    539
124,-1.,6.98296267768627E-15,0.,-2.22474960768432E-14,               151P    540
-5.69192943189472E-17,-0.00815116691097752,-0.999966778687167,       151P    541
234.651288704283,-6.98273069449865E-15,-0.999966778687167,           151P    542
0.00815116691097752,232.746339023118;                                151P    543
100,231.447040258,0.,3.185968063,2.272191836,3.185968063,            153P    544
-2.272191836,3.185968063;                                            153P    545
126,1,1,1,0,1,0,0.,0.,1.,1.,1.,1.,0.,1.,0.,0.,0.010556032,0.,        155P    546
0.,1.,0.,0.,1.;                                                      155P    547
126,31,3,1,0,0,0,0.,0.,0.,0.,0.0507263910760112,                     157P    548
0.0507263910760112,0.101452782152022,0.101452782152022,              157P    549
0.152179173228033,0.152179173228033,0.202905564304044,               157P    550
0.202905564304044,0.304358346456067,0.304358346456067,               157P    551
0.405811128608089,0.405811128608089,0.552850667789659,               157P    552
0.552850667789659,0.699890206971228,0.699890206971228,               157P    553
0.806347648919084,0.806347648919084,0.854760736689313,               157P    554
0.854760736689313,0.903173824459542,0.903173824459542,               157P    555
0.927380368344657,0.927380368344657,0.951586912229771,               157P    556
0.951586912229771,0.975793456114886,0.975793456114886,               157P    557
0.989443968462227,0.989443968462227,0.989443968462227,               157P    558
0.989443968462227,1.,1.,1.,1.,1.,1.,1.,1.,1.,1.,1.,1.,1.,1.,1.,      157P    559
1.,1.,1.,1.,1.,1.,1.,1.,1.,1.,1.,1.,1.,1.,1.,1.,1.,2.272191836,      157P    560
3.185968063,231.447040258,2.272191836,1.806993303,                   157P    561
230.292859638,2.272191836,0.82969526,229.099655689,2.272191836,      157P    562
-0.46546709,226.651193182,2.272191836,-0.785167815,                  157P    563
225.396343595,2.272191836,-0.917750454,222.815487956,                157P    564
2.272191836,-0.730022501,221.488031924,2.272191836,0.029807466,      157P    565
218.754368449,2.272191836,0.602431528,217.34871726,2.272191836,      157P    566
2.711613933,213.026726064,2.272191836,4.640085567,                   157P    567
210.006682048,2.272191836,8.501452068,203.750930999,                 157P    568
2.272191836,10.434104383,200.514763074,2.272191836,                  157P    569
13.872866966,192.379300205,2.272191836,14.802758512,                 157P    570
187.411069639,2.272191836,14.483638094,177.974799062,                157P    571
2.272191836,13.23374938,173.506442425,2.272191836,9.230530691,       157P    572
166.941074521,2.272191836,7.002555343,164.534274472,                 157P    573
2.272191836,3.356794376,160.9862643,2.272191836,2.164413577,         157P    574
159.870677419,2.272191836,0.044633108,157.575309205,                 157P    575
2.272191836,-0.881880567,156.394798808,2.272191836,-1.79110305,      157P    576
154.551228699,2.272191836,-2.014082446,153.925012815,                157P    577
2.272191836,-2.259042779,152.646147708,2.272191836,                  157P    578
-2.281366202,151.993772495,2.272191836,-2.088808792,                 157P    579
150.651285967,2.272191836,-1.874206909,149.960623349,                157P    580
2.272191836,-1.317608322,148.837309792,2.272191836,                  157P    581
-1.071853358,148.423459116,2.272191836,-0.776459919,148.,0.,         157P    582
0.989443968462227,-1.,0.,0.;                                         157P    583
102,5,137,141,145,149,155;                                           159P    584
102,5,139,143,147,153,157;                                           161P    585
142,1,135,159,161,1;                                                 163P    586
144,135,1,0,163;                                                     165P    587
314,10.1960784313725,10.1960784313725,10.1960784313725,;             167P    588
110,0.,0.,-37.,0.,0.,963.;                                           169P    589
110,6.,0.,-37.,6.,0.,12.;                                            171P    590
120,169,171,0.,6.28318530717959;                                     173P    591
126,1,1,1,0,1,0,0.,0.,1.,1.,1.,1.,0.,0.,0.,0.,3.141592654,0.,        175P    592
0.,1.,0.,0.,1.;                                                      175P    593
100,-37.,0.,0.,6.,0.,-6.,0.;                                         177P    594
126,1,1,1,0,1,0,0.,0.,1.,1.,1.,1.,0.,3.141592654,0.,                 179P    595
0.020408163,3.141592654,0.,0.,1.,0.,0.,1.;                           179P    596
110,-6.,0.,-37.,-6.,0.,-36.;                                         181P    597
126,1,1,1,0,1,0,0.,0.,1.,1.,1.,1.,0.020408163,3.141592654,0.,        183P    598
0.020408163,2.518766068,0.,0.,1.,0.,0.,1.;                           183P    599
124,-1.,0.,4.07339489531699E-15,1.46642216231411E-13,                185P    600
4.9960036108132E-16,1.,5.67179176140705E-15,                         185P    601
2.04184503410654E-13,-4.07339489531699E-15,                          185P    602
5.67179176140705E-15,-1.,-72.;                                       185P    603
100,-36.,0.,0.,6.,0.,4.873397172,3.5;                                187P    604
126,4,2,1,0,1,0,0.,0.,0.,0.5,0.5,1.,1.,1.,1.,1.,1.,1.,1.,            189P    605
0.020408163,2.518766068,0.,0.056498058,2.586804009,0.,               189P    606
0.099019307,2.660260906,0.,0.137752912,2.727174518,0.,               189P    607
0.183673469,2.801755744,0.,0.,1.,0.,0.,-1.;                          189P    608
126,3,3,1,0,0,0,0.,0.,0.,0.,1.,1.,1.,1.,1.,0.993337530402763,        191P    609
0.993337530402763,1.,-4.873397172,3.5,-36.,-5.204658254,             191P    610
3.038752337,-33.540012466,-5.467562203,2.535398759,                  191P    611
-30.85546005,-5.656854249,2.,-28.,0.,1.,0.,-0.982872187,             191P    612
-0.184288535;                                                        191P    613
126,16,2,1,0,1,0,0.,0.,0.,0.125,0.125,0.25,0.25,0.375,0.375,         193P    614
0.5,0.5,0.625,0.625,0.75,0.75,0.875,0.875,1.,1.,1.,1.,1.,1.,1.,      193P    615
1.,1.,1.,1.,1.,1.,1.,1.,1.,1.,1.,1.,1.,0.183673469,2.801755744,      193P    616
0.,0.187713098,2.801755744,0.,0.191683573,2.808622525,0.,            193P    617
0.195634335,2.815455214,0.,0.199375702,2.828838972,0.,               193P    618
0.203055697,2.842003186,0.,0.20639067,2.860991585,0.,                193P    619
0.209709076,2.879885658,0.,0.212546622,2.903749478,0.,               193P    620
0.215366658,2.927466037,0.,0.217590662,2.955074599,0.,               193P    621
0.219819872,2.98274779,0.,0.221358321,3.013196705,0.,                193P    622
0.222910491,3.043917195,0.,0.223700284,3.076301509,0.,               193P    623
0.224489796,3.10867428,0.,0.224489796,3.141592654,0.,0.,1.,0.,       193P    624
0.,1.;                                                               193P    625
126,5,3,1,0,1,0,0.,0.,0.,0.,0.5,0.5,1.,1.,1.,1.,1.,1.,1.,1.,1.,      195P    626
1.,-5.656854249,2.,-28.,-5.656854249,2.,-27.467116865,               195P    627
-5.742264226,1.780038737,-26.951316075,-5.919916551,                 195P    628
1.047246095,-26.219114969,-6.,0.52638393,-26.,-6.,0.,-26.,0.,        195P    629
1.,-0.932191391,0.361965758,0.;                                      195P    630
126,1,1,1,0,1,0,0.,0.,1.,1.,1.,1.,0.224489796,3.141592654,0.,        197P    631
1.,3.141592654,0.,0.,1.,0.,0.,1.;                                    197P    632
110,-6.,0.,-26.,-6.,0.,12.;                                          199P    633
126,1,1,1,0,1,0,0.,0.,1.,1.,1.,1.,1.,3.141592654,0.,1.,0.,0.,        201P    634
0.,1.,0.,0.,1.;                                                      201P    635
124,-1.,-6.98296267768627E-15,0.,0.,-6.98296267768627E-15,1.,        203P    636
-6.98296267768627E-15,8.37955521322352E-14,                          203P    637
4.87617677579594E-29,-6.98296267768627E-15,-1.,24.;                  203P    638
100,12.,0.,0.,6.,0.,-6.,0.;                                          205P    639
126,1,1,1,0,1,0,0.,0.,1.,1.,1.,1.,1.,0.,0.,0.224489796,0.,0.,        207P    640
0.,1.,0.,0.,1.;                                                      207P    641
110,6.,0.,12.,6.,0.,-26.;                                            209P    642
126,16,2,1,0,1,0,0.,0.,0.,0.125,0.125,0.25,0.25,0.375,0.375,         211P    643
0.5,0.5,0.625,0.625,0.75,0.75,0.875,0.875,1.,1.,1.,1.,1.,1.,1.,      211P    644
1.,1.,1.,1.,1.,1.,1.,1.,1.,1.,1.,1.,1.,0.224489796,0.,0.,            211P    645
0.224489796,0.033084368,0.,0.223692369,0.065614852,0.,               211P    646
0.222901866,0.09786292,0.,0.221355229,0.128457127,0.,                211P    647
0.219814686,0.158930777,0.,0.217582274,0.186622137,0.,               211P    648
0.215353383,0.21426982,0.,0.2125268,0.23800977,0.,0.20970591,        211P    649
0.2617019,0.,0.206410431,0.280488482,0.,0.203065229,                 211P    650
0.299558525,0.,0.199372454,0.3127653,0.,0.195658958,                 211P    651
0.326046182,0.,0.191738711,0.33287443,0.,0.187741398,                211P    652
0.339836909,0.,0.183673469,0.339836909,0.,0.,1.,0.,0.,1.;            211P    653
126,5,3,1,0,1,0,0.,0.,0.,0.,0.5,0.5,1.,1.,1.,1.,1.,1.,1.,1.,1.,      213P    654
1.,6.,0.,-26.,6.,0.525676104,-26.,5.920078368,1.046845855,           213P    655
-26.218210577,5.741631237,1.782381796,-26.95416305,5.656854249,      213P    656
2.,-27.467776402,5.656854249,2.,-28.,0.,1.,0.938999919,0.,           213P    657
-0.343917362;                                                        213P    658
126,4,2,1,0,1,0,0.,0.,0.,0.5,0.5,1.,1.,1.,1.,1.,1.,1.,1.,            215P    659
0.183673469,0.339836909,0.,0.137752912,0.414418135,0.,               215P    660
0.099019307,0.481331747,0.,0.056498058,0.554788644,0.,               215P    661
0.020408163,0.622826585,0.,0.,1.,0.,0.,-1.;                          215P    662
126,3,3,1,0,0,0,0.,0.,0.,0.,1.,1.,1.,1.,1.,0.993337530402763,        217P    663
0.993337530402763,1.,5.656854249,2.,-28.,5.467562203,                217P    664
2.535398759,-30.85546005,5.204658254,3.038752337,-33.540012466,      217P    665
4.873397172,3.5,-36.,0.,1.,0.,-0.982872187,-0.184288535;             217P    666
126,1,1,1,0,1,0,0.,0.,1.,1.,1.,1.,0.020408163,0.622826585,0.,        219P    667
0.020408163,0.,0.,0.,1.,0.,0.,1.;                                    219P    668
124,0.812232862067422,0.583333333333322,0.,0.,                       221P    669
0.583333333333322,-0.812232862067422,-6.98296267768627E-15,          221P    670
-2.51386656396706E-13,-4.07339489531691E-15,                         221P    671
5.67179176140711E-15,-1.,-72.;                                       221P    672
100,-36.,0.,0.,6.,0.,4.873397172,3.5;                                223P    673
126,1,1,1,0,1,0,0.,0.,1.,1.,1.,1.,0.020408163,0.,0.,0.,0.,0.,        225P    674
0.,1.,0.,0.,1.;                                                      225P    675
110,6.,0.,-36.,6.,0.,-37.;                                           227P    676
102,12,175,179,183,189,193,197,201,207,211,215,219,225;              229P    677
102,12,177,181,187,191,195,199,205,209,213,217,223,227;              231P    678
142,1,173,229,231,1;                                                 233P    679
126,1,1,1,0,1,0,0.,0.,1.,1.,1.,1.,0.020408163,2.193622912,0.,        235P    680
0.020408163,0.947969741,0.,0.,1.,0.,0.,1.;                           235P    681
124,-0.583333333333333,0.812232862067414,5.67179176140705E-15,       237P    682
2.04184503410654E-13,0.812232862067414,0.583333333333333,            237P    683
-4.07339489531699E-15,-1.46642216231411E-13,                         237P    684
-6.61709038830822E-15,2.23066863314978E-15,-1.,-72.;                 237P    685
100,-36.,0.,0.,6.,0.,1.916666667,5.685630034;                        239P    686
126,4,2,1,0,1,0,0.,0.,0.,0.5,0.5,1.,1.,1.,1.,1.,1.,1.,1.,            241P    687
0.020408163,0.947969741,0.,0.056498058,1.016007682,0.,               241P    688
0.099019307,1.089464579,0.,0.137752912,1.156378192,0.,               241P    689
0.183673469,1.230959417,0.,0.,1.,0.,0.,-1.;                          241P    690
126,3,3,1,0,0,0,0.,0.,0.,0.,1.,1.,1.,1.,1.,0.993337530402763,        243P    691
0.993337530402763,1.,3.5,4.873397172,-36.,3.038752337,               243P    692
5.204658254,-33.540012466,2.535398759,5.467562203,-30.85546005,      243P    693
2.,5.656854249,-28.,0.,1.,-0.982872187,0.,-0.184288535;              243P    694
126,16,2,1,0,1,0,0.,0.,0.,0.125,0.125,0.25,0.25,0.375,0.375,         245P    695
0.5,0.5,0.625,0.625,0.75,0.75,0.875,0.875,1.,1.,1.,1.,1.,1.,1.,      245P    696
1.,1.,1.,1.,1.,1.,1.,1.,1.,1.,1.,1.,1.,0.183673469,1.230959417,      245P    697
0.,0.187713098,1.230959417,0.,0.191683573,1.237826198,0.,            245P    698
0.195634335,1.244658888,0.,0.199375702,1.258042645,0.,               245P    699
0.203055697,1.271206859,0.,0.20639067,1.290195259,0.,                245P    700
0.209709076,1.309089332,0.,0.212546622,1.332953152,0.,               245P    701
0.215366658,1.35666971,0.,0.217590662,1.384278272,0.,                245P    702
0.219819872,1.411951463,0.,0.221358321,1.442400378,0.,               245P    703
0.222910491,1.473120869,0.,0.223700284,1.505505182,0.,               245P    704
0.224489796,1.537877953,0.,0.224489796,1.570796327,0.,0.,1.,0.,      245P    705
0.,1.;                                                               245P    706
126,5,3,1,0,1,0,0.,0.,0.,0.,0.5,0.5,1.,1.,1.,1.,1.,1.,1.,1.,1.,      247P    707
1.,2.,5.656854249,-28.,2.,5.656854249,-27.467116865,                 247P    708
1.780038737,5.742264226,-26.951316075,1.047246095,5.919916551,       247P    709
-26.219114969,0.52638393,6.,-26.,0.,6.,-26.,0.,1.,0.361965758,       247P    710
0.932191391,0.;                                                      247P    711
126,16,2,1,0,1,0,0.,0.,0.,0.125,0.125,0.25,0.25,0.375,0.375,         249P    712
0.5,0.5,0.625,0.625,0.75,0.75,0.875,0.875,1.,1.,1.,1.,1.,1.,1.,      249P    713
1.,1.,1.,1.,1.,1.,1.,1.,1.,1.,1.,1.,1.,0.224489796,1.570796327,      249P    714
0.,0.224489796,1.603880695,0.,0.223692369,1.636411179,0.,            249P    715
0.222901866,1.668659247,0.,0.221355229,1.699253454,0.,               249P    716
0.219814686,1.729727104,0.,0.217582274,1.757418464,0.,               249P    717
0.215353383,1.785066147,0.,0.2125268,1.808806097,0.,0.20970591,      249P    718
1.832498227,0.,0.206410431,1.851284809,0.,0.203065229,               249P    719
1.870354851,0.,0.199372454,1.883561626,0.,0.195658958,               249P    720
1.896842509,0.,0.191738711,1.903670756,0.,0.187741398,               249P    721
1.910633236,0.,0.183673469,1.910633236,0.,0.,1.,0.,0.,1.;            249P    722
126,5,3,1,0,1,0,0.,0.,0.,0.,0.5,0.5,1.,1.,1.,1.,1.,1.,1.,1.,1.,      251P    723
1.,0.,6.,-26.,-0.525676104,6.,-26.,-1.046845855,5.920078368,         251P    724
-26.218210577,-1.782381796,5.741631237,-26.95416305,-2.,             251P    725
5.656854249,-27.467776402,-2.,5.656854249,-28.,0.,1.,0.,             251P    726
0.938999919,-0.343917362;                                            251P    727
126,4,2,1,0,1,0,0.,0.,0.,0.5,0.5,1.,1.,1.,1.,1.,1.,1.,1.,            253P    728
0.183673469,1.910633236,0.,0.137752912,1.985214462,0.,               253P    729
0.099019307,2.052128074,0.,0.056498058,2.125584971,0.,               253P    730
0.020408163,2.193622912,0.,0.,1.,0.,0.,-1.;                          253P    731
126,3,3,1,0,0,0,0.,0.,0.,0.,1.,1.,1.,1.,1.,0.993337530402763,        255P    732
0.993337530402763,1.,-2.,5.656854249,-28.,-2.535398759,              255P    733
5.467562203,-30.85546005,-3.038752337,5.204658254,                   255P    734
-33.540012466,-3.5,4.873397172,-36.,0.,1.,0.982872187,0.,            255P    735
-0.184288535;                                                        255P    736
102,5,235,241,245,249,253;                                           257P    737
102,5,239,243,247,251,255;                                           259P    738
142,1,173,257,259,1;                                                 261P    739
144,173,1,1,233,261;                                                 263P    740
110,0.,-11.,-28.,0.,989.,-28.;                                       265P    741
110,0.,4.574071149,-26.,0.,6.008504546,-26.;                         267P    742
120,265,267,0.,6.28318530717959;                                     269P    743
126,1,1,1,0,1,0,0.,0.,1.,1.,1.,1.,0.005928854,1.570796327,0.,        271P    744
0.754850733,1.570796327,0.,0.,1.,0.,0.,1.;                           271P    745
110,2.,4.582575695,-28.,2.,5.656854249,-28.;                         273P    746
126,16,2,1,0,1,0,0.,0.,0.,0.125,0.125,0.25,0.25,0.375,0.375,         275P    747
0.5,0.5,0.625,0.625,0.75,0.75,0.875,0.875,1.,1.,1.,1.,1.,1.,1.,      275P    748
1.,1.,1.,1.,1.,1.,1.,1.,1.,1.,1.,1.,1.,0.754850733,1.570796327,      275P    749
0.,0.754850733,1.473456598,0.,0.764331888,1.373266768,0.,            275P    750
0.77321918,1.279352449,0.,0.791161451,1.175908436,0.,                275P    751
0.80628858,1.088694782,0.,0.830476891,0.980543115,0.,                275P    752
0.843745455,0.921216224,0.,0.876317606,0.784994383,0.,               275P    753
0.906221741,0.659930599,0.,0.921523521,0.589945116,0.,               275P    754
0.944850178,0.483256388,0.,0.959640372,0.394265756,0.,               275P    755
0.976700467,0.291617427,0.,0.985158737,0.197006175,0.,               275P    756
0.994071146,0.097315072,0.,0.994071146,0.,0.,0.,1.,0.,0.,1.;         275P    757
126,5,3,1,0,1,0,0.,0.,0.,0.,0.5,0.5,1.,1.,1.,1.,1.,1.,1.,1.,1.,      277P    758
1.,2.,5.656854249,-28.,2.,5.656854249,-27.467116865,                 277P    759
1.780038737,5.742264226,-26.951316075,1.047246095,5.919916551,       277P    760
-26.219114969,0.52638393,6.,-26.,0.,6.,-26.,0.,1.,0.361965758,       277P    761
0.932191391,0.;                                                      277P    762
126,1,1,1,0,1,0,0.,0.,1.,1.,1.,1.,0.994071146,0.,0.,                 279P    763
0.296931772,0.,0.,0.,1.,0.,0.,1.;                                    279P    764
110,0.,6.,-26.,0.,5.,-26.;                                           281P    765
126,16,2,1,0,1,0,0.,0.,0.,0.125,0.125,0.25,0.25,0.375,0.375,         283P    766
0.5,0.5,0.625,0.625,0.75,0.75,0.875,0.875,1.,1.,1.,1.,1.,1.,1.,      283P    767
1.,1.,1.,1.,1.,1.,1.,1.,1.,1.,1.,1.,1.,0.296931772,0.,0.,            283P    768
0.296931772,0.097620702,0.,0.286174198,0.197542389,0.,               283P    769
0.275955976,0.292454304,0.,0.255363022,0.395144701,0.,               283P    770
0.237487176,0.484285764,0.,0.209412572,0.590403857,0.,               283P    771
0.190460712,0.662039246,0.,0.154687862,0.785088683,0.,               283P    772
0.114159752,0.924494993,0.,0.098987896,0.979959237,0.,               283P    773
0.069312315,1.088445223,0.,0.050818199,1.175097156,0.,               283P    774
0.028669383,1.278872735,0.,0.017694947,1.372670684,0.,               283P    775
0.005928854,1.473234893,0.,0.005928854,1.570796327,0.,0.,1.,0.,      283P    776
0.,1.;                                                               283P    777
126,5,3,1,0,1,0,0.,0.,0.,0.,0.5,0.5,1.,1.,1.,1.,1.,1.,1.,1.,1.,      285P    778
1.,0.,5.,-26.,0.528652428,5.,-26.,1.048641133,4.903596706,           285P    779
-26.220440078,1.778910514,4.688324462,-26.95025759,2.,               285P    780
4.582575695,-27.465122867,2.,4.582575695,-28.,0.,1.,0.,              285P    781
-0.916217214,0.400681939;                                            285P    782
102,4,271,275,279,283;                                               287P    783
102,4,273,277,281,285;                                               289P    784
142,1,269,287,289,1;                                                 291P    785
144,269,1,0,291;                                                     293P    786
110,0.,-11.,-28.,0.,989.,-28.;                                       295P    787
110,0.,-6.008504546,-26.,0.,-4.574071149,-26.;                       297P    788
120,295,297,0.,6.28318530717959;                                     299P    789
126,1,1,1,0,1,0,0.,0.,1.,1.,1.,1.,0.245149267,1.570796327,0.,        301P    790
0.994071146,1.570796327,0.,0.,1.,0.,0.,1.;                           301P    791
110,2.,-5.656854249,-28.,2.,-4.582575695,-28.;                       303P    792
126,16,2,1,0,1,0,0.,0.,0.,0.125,0.125,0.25,0.25,0.375,0.375,         305P    793
0.5,0.5,0.625,0.625,0.75,0.75,0.875,0.875,1.,1.,1.,1.,1.,1.,1.,      305P    794
1.,1.,1.,1.,1.,1.,1.,1.,1.,1.,1.,1.,1.,0.994071146,1.570796327,      305P    795
0.,0.994071146,1.472604835,0.,0.982149994,1.37134954,0.,             305P    796
0.971180864,1.278180492,0.,0.949191998,1.175144932,0.,               305P    797
0.930667388,1.088342205,0.,0.900913445,0.979598615,0.,               305P    798
0.885724839,0.924087871,0.,0.845558137,0.785934825,0.,               305P    799
0.809685799,0.662552209,0.,0.790754801,0.591036323,0.,               305P    800
0.762624192,0.484766946,0.,0.744718634,0.395551727,0.,               305P    801
0.724174737,0.293190866,0.,0.713938094,0.1985828,0.,                 305P    802
0.703068228,0.098122417,0.,0.703068228,0.,0.,0.,1.,0.,0.,-1.;        305P    803
126,5,3,1,0,1,0,0.,0.,0.,0.,0.5,0.5,1.,1.,1.,1.,1.,1.,1.,1.,1.,      307P    804
1.,2.,-4.582575695,-28.,2.,-4.582575695,-27.465826017,               307P    805
1.780528652,-4.687748163,-26.952494505,1.049415974,                  307P    806
-4.903467266,-26.220596686,0.527828931,-5.,-26.,0.,-5.,-26.,0.,      307P    807
1.,-0.432150635,0.901801435,0.;                                      307P    808
126,1,1,1,0,1,0,0.,0.,1.,1.,1.,1.,0.703068228,0.,0.,                 309P    809
0.005928854,0.,0.,0.,1.,0.,0.,1.;                                    309P    810
110,0.,-5.,-26.,0.,-6.,-26.;                                         311P    811
126,16,2,1,0,1,0,0.,0.,0.,0.125,0.125,0.25,0.25,0.375,0.375,         313P    812
0.5,0.5,0.625,0.625,0.75,0.75,0.875,0.875,1.,1.,1.,1.,1.,1.,1.,      313P    813
1.,1.,1.,1.,1.,1.,1.,1.,1.,1.,1.,1.,1.,0.005928854,0.,0.,            313P    814
0.005928854,0.097791026,0.,0.014929825,0.19799443,0.,                313P    815
0.023394916,0.292232155,0.,0.040392403,0.394462915,0.,               313P    816
0.055198429,0.483513218,0.,0.078557234,0.590314401,0.,               313P    817
0.09384919,0.660232321,0.,0.123846631,0.785681232,0.,                313P    818
0.156143644,0.920746923,0.,0.169392719,0.979960239,0.,               313P    819
0.19368536,1.088529922,0.,0.208853502,1.175994651,0.,                313P    820
0.226655848,1.27864911,0.,0.235537293,1.371888902,0.,                313P    821
0.245149267,1.472797987,0.,0.245149267,1.570796327,0.,0.,1.,0.,      313P    822
0.,-1.;                                                              313P    823
126,5,3,1,0,1,0,0.,0.,0.,0.,0.5,0.5,1.,1.,1.,1.,1.,1.,1.,1.,1.,      315P    824
1.,0.,-6.,-26.,0.525676104,-6.,-26.,1.046845855,-5.920078368,        315P    825
-26.218210577,1.782381796,-5.741631237,-26.95416305,2.,              315P    826
-5.656854249,-27.467776402,2.,-5.656854249,-28.,0.,1.,0.,            315P    827
-0.938999919,-0.343917362;                                           315P    828
102,4,301,305,309,313;                                               317P    829
102,4,303,307,311,315;                                               319P    830
142,1,299,317,319,1;                                                 321P    831
144,299,1,0,321;                                                     323P    832
314,10.1960784313725,10.1960784313725,10.1960784313725,;             325P    833
110,0.,0.,-37.000012,0.,0.,962.999988;                               327P    834
110,5.,0.,-37.,5.,0.,-22.;                                           329P    835
120,327,329,0.,6.28318530717959;                                     331P    836
126,1,1,1,0,1,0,0.,0.,1.,1.,1.,1.,0.,6.283185307,0.,                 333P    837
0.066666667,6.283185307,0.,0.,1.,0.,0.,1.;                           333P    838
110,5.,0.,-37.,5.,0.,-36.;                                           335P    839
126,1,1,1,0,1,0,0.,0.,1.,1.,1.,1.,0.066666667,6.283185307,0.,        337P    840
0.066666667,5.507787811,0.,0.,1.,0.,0.,1.;                           337P    841
124,1.,-1.43773881688958E-14,-4.88807387438039E-15,                  339P    842
-1.75970659477694E-13,-1.43773881688958E-14,-1.,                     339P    843
-4.98683281818824E-15,-1.79525981454776E-13,                         339P    844
-4.88807387438032E-15,4.98683281818831E-15,-1.,-72.;                 339P    845
100,-36.,0.,0.,5.,0.,3.570714214,3.5;                                341P    846
126,4,2,1,0,1,0,0.,0.,0.,0.5,0.5,1.,1.,1.,1.,1.,1.,1.,1.,            343P    847
0.066666667,5.507787811,0.,0.177867017,5.595375606,0.,               343P    848
0.316923739,5.689728136,0.,0.443593368,5.775675796,0.,0.6,           343P    849
5.871668461,0.,0.,1.,0.,0.,-1.;                                      343P    850
126,3,3,1,0,0,0,0.,0.,0.,0.,1.,1.,1.,1.,1.,0.98899631025536,         345P    851
0.98899631025536,1.,3.570714214,-3.5,-36.,3.997600702,               345P    852
-3.064488671,-33.677272915,4.338640559,-2.558925612,                 345P    853
-30.9809366,4.582575695,-2.,-28.,0.,1.,0.,0.982872187,               345P    854
-0.184288535;                                                        345P    855
126,16,2,1,0,1,0,0.,0.,0.,0.125,0.125,0.25,0.25,0.375,0.375,         347P    856
0.5,0.5,0.625,0.625,0.75,0.75,0.875,0.875,1.,1.,1.,1.,1.,1.,1.,      347P    857
1.,1.,1.,1.,1.,1.,1.,1.,1.,1.,1.,1.,1.,0.6,5.871668461,0.,           347P    858
0.613316435,5.871668461,0.,0.626416949,5.880304052,0.,               347P    859
0.639222877,5.888745458,0.,0.651387912,5.905146698,0.,               347P    860
0.663397236,5.921338003,0.,0.674314113,5.944646183,0.,               347P    861
0.685031086,5.967527554,0.,0.694230294,5.996270541,0.,               347P    862
0.703440719,6.025048577,0.,0.710715155,6.058408552,0.,               347P    863
0.718002846,6.091829312,0.,0.723037882,6.128441524,0.,               347P    864
0.728117592,6.165378585,0.,0.730712953,6.204191105,0.,               347P    865
0.733333333,6.243377783,0.,0.733333333,6.283185307,0.,0.,1.,0.,      347P    866
0.,1.;                                                               347P    867
126,5,3,1,0,1,0,0.,0.,0.,0.,0.5,0.5,1.,1.,1.,1.,1.,1.,1.,1.,1.,      349P    868
1.,4.582575695,-2.,-28.,4.582575695,-2.,-27.465826017,               349P    869
4.687748163,-1.780528652,-26.952494505,4.903467266,                  349P    870
-1.049415974,-26.220596686,5.,-0.527828931,-26.,5.,0.,-26.,0.,       349P    871
1.,0.901801435,-0.432150635,0.;                                      349P    872
126,1,1,1,0,1,0,0.,0.,1.,1.,1.,1.,0.733333333,6.283185307,0.,        351P    873
1.,6.283185307,0.,0.,1.,0.,0.,1.;                                    351P    874
110,5.,0.,-26.,5.,0.,-22.;                                           353P    875
126,1,1,1,0,1,0,0.,0.,1.,1.,1.,1.,1.,6.283185307,0.,1.,              355P    876
3.141592654,0.,0.,1.,0.,0.,1.;                                       355P    877
124,1.,-7.35035671743047E-15,8.55166289179392E-31,                   357P    878
1.88136583619466E-29,-7.35035671743047E-15,-1.,                      357P    879
6.98296267768627E-15,1.53625178909098E-13,                           357P    880
-5.04721003363181E-29,-6.98296267768627E-15,-1.,-44.;                357P    881
100,-22.,0.,0.,5.,0.,-5.,0.;                                         359P    882
126,1,1,1,0,1,0,0.,0.,1.,1.,1.,1.,1.,3.141592654,0.,                 361P    883
0.733333333,3.141592654,0.,0.,1.,0.,0.,1.;                           361P    884
110,-5.,0.,-22.,-5.,0.,-26.;                                         363P    885
126,16,2,1,0,1,0,0.,0.,0.,0.125,0.125,0.25,0.25,0.375,0.375,         365P    886
0.5,0.5,0.625,0.625,0.75,0.75,0.875,0.875,1.,1.,1.,1.,1.,1.,1.,      365P    887
1.,1.,1.,1.,1.,1.,1.,1.,1.,1.,1.,1.,1.,0.733333333,3.141592654,      365P    888
0.,0.733333333,3.181190651,0.,0.730740249,3.220177558,0.,            365P    889
0.728149967,3.259122335,0.,0.723058783,3.29618437,0.,                365P    890
0.718034511,3.33275931,0.,0.710762123,3.366153877,0.,                365P    891
0.703502644,3.399489166,0.,0.694310078,3.428257932,0.,               365P    892
0.685060795,3.457204197,0.,0.674274187,3.480216992,0.,               365P    893
0.66337774,3.503464122,0.,0.65139379,3.519623337,0.,                 365P    894
0.639143245,3.53614203,0.,0.626244265,3.544587354,0.,                365P    895
0.61322795,3.5531095,0.,0.6,3.5531095,0.,0.,1.,0.,0.,1.;             365P    896
126,5,3,1,0,1,0,0.,0.,0.,0.,0.5,0.5,1.,1.,1.,1.,1.,1.,1.,1.,1.,      367P    897
1.,-5.,0.,-26.,-5.,-0.528652428,-26.,-4.903596706,-1.048641133,      367P    898
-26.220440078,-4.688324462,-1.778910514,-26.95025759,                367P    899
-4.582575695,-2.,-27.465122867,-4.582575695,-2.,-28.,0.,1.,          367P    900
-0.916217214,0.,-0.400681939;                                        367P    901
126,4,2,1,0,1,0,0.,0.,0.,0.5,0.5,1.,1.,1.,1.,1.,1.,1.,1.,0.6,        369P    902
3.5531095,0.,0.443593368,3.649102165,0.,0.316923739,                 369P    903
3.735049825,0.,0.177867017,3.829402355,0.,0.066666667,               369P    904
3.91699015,0.,0.,1.,0.,0.,-1.;                                       369P    905
126,3,3,1,0,0,0,0.,0.,0.,0.,1.,1.,1.,1.,1.,0.98899631025536,         371P    906
0.98899631025536,1.,-4.582575695,-2.,-28.,-4.338640559,              371P    907
-2.558925612,-30.9809366,-3.997600702,-3.064488671,                  371P    908
-33.677272915,-3.570714214,-3.5,-36.,0.,1.,0.,0.982872187,           371P    909
-0.184288535;                                                        371P    910
126,1,1,1,0,1,0,0.,0.,1.,1.,1.,1.,0.066666667,3.91699015,0.,         373P    911
0.066666667,3.141592654,0.,0.,1.,0.,0.,1.;                           373P    912
124,-0.714142842854285,-0.7,8.55166289179392E-31,                    375P    913
-1.23837370435537E-29,-0.7,0.714142842854285,                        375P    914
6.98296267768627E-15,2.51386656396706E-13,                           375P    915
-4.88807387438039E-15,4.98683281818824E-15,-1.,-72.;                 375P    916
100,-36.,0.,0.,5.,0.,3.570714214,3.5;                                377P    917
126,1,1,1,0,1,0,0.,0.,1.,1.,1.,1.,0.066666667,3.141592654,0.,        379P    918
0.,3.141592654,0.,0.,1.,0.,0.,1.;                                    379P    919
110,-5.,0.,-36.,-5.,0.,-37.;                                         381P    920
126,1,1,1,0,1,0,0.,0.,1.,1.,1.,1.,0.,3.141592654,0.,0.,              383P    921
6.283185307,0.,0.,1.,0.,0.,1.;                                       383P    922
100,-37.,0.,0.,-5.,0.,5.,0.;                                         385P    923
102,12,333,337,343,347,351,355,361,365,369,373,379,383;              387P    924
102,12,335,341,345,349,353,359,363,367,371,377,381,385;              389P    925
142,1,331,387,389,1;                                                 391P    926
126,1,1,1,0,1,0,0.,0.,1.,1.,1.,1.,0.066666667,5.487786477,0.,        393P    927
0.066666667,3.936991484,0.,0.,1.,0.,0.,1.;                           393P    928
124,0.699999999999989,-0.714142842854295,-4.98683281818824E-15,      395P    929
-1.79525981454777E-13,-0.714142842854295,-0.69999999999999,          395P    930
4.88807387438039E-15,1.75970659477694E-13,                           395P    931
-6.98156594546354E-15,1.39659253553828E-16,-1.,-72.;                 395P    932
100,-36.,0.,0.,5.,0.,0.1,4.9989999;                                  397P    933
126,4,2,1,0,1,0,0.,0.,0.,0.5,0.5,1.,1.,1.,1.,1.,1.,1.,1.,            399P    934
0.066666667,3.936991484,0.,0.177867017,4.024579279,0.,               399P    935
0.316923739,4.118931809,0.,0.443593368,4.204879469,0.,0.6,           399P    936
4.300872134,0.,0.,1.,0.,0.,-1.;                                      399P    937
126,3,3,1,0,0,0,0.,0.,0.,0.,1.,1.,1.,1.,1.,0.98899631025536,         401P    938
0.98899631025536,1.,-3.5,-3.570714214,-36.,-3.064488671,             401P    939
-3.997600702,-33.677272915,-2.558925612,-4.338640559,                401P    940
-30.9809366,-2.,-4.582575695,-28.,0.,1.,0.982872187,0.,              401P    941
-0.184288535;                                                        401P    942
126,16,2,1,0,1,0,0.,0.,0.,0.125,0.125,0.25,0.25,0.375,0.375,         403P    943
0.5,0.5,0.625,0.625,0.75,0.75,0.875,0.875,1.,1.,1.,1.,1.,1.,1.,      403P    944
1.,1.,1.,1.,1.,1.,1.,1.,1.,1.,1.,1.,1.,0.6,4.300872134,0.,           403P    945
0.61322795,4.300872134,0.,0.626244265,4.30939428,0.,                 403P    946
0.639143245,4.317839604,0.,0.65139379,4.334358297,0.,                403P    947
0.66337774,4.350517512,0.,0.674274187,4.373764642,0.,                403P    948
0.685060795,4.396777437,0.,0.694310078,4.425723702,0.,               403P    949
0.703502644,4.454492468,0.,0.710762123,4.487827757,0.,               403P    950
0.718034511,4.521222324,0.,0.723058783,4.557797264,0.,               403P    951
0.728149967,4.594859299,0.,0.730740249,4.633804076,0.,               403P    952
0.733333333,4.672790983,0.,0.733333333,4.71238898,0.,0.,1.,0.,       403P    953
0.,1.;                                                               403P    954
126,5,3,1,0,1,0,0.,0.,0.,0.,0.5,0.5,1.,1.,1.,1.,1.,1.,1.,1.,1.,      405P    955
1.,-2.,-4.582575695,-28.,-2.,-4.582575695,-27.465122867,             405P    956
-1.778910514,-4.688324462,-26.95025759,-1.048641133,                 405P    957
-4.903596706,-26.220440078,-0.528652428,-5.,-26.,0.,-5.,-26.,        405P    958
0.,1.,-0.431489758,-0.902117836,0.;                                  405P    959
126,16,2,1,0,1,0,0.,0.,0.,0.125,0.125,0.25,0.25,0.375,0.375,         407P    960
0.5,0.5,0.625,0.625,0.75,0.75,0.875,0.875,1.,1.,1.,1.,1.,1.,1.,      407P    961
1.,1.,1.,1.,1.,1.,1.,1.,1.,1.,1.,1.,1.,0.733333333,4.71238898,       407P    962
0.,0.733333333,4.752196505,0.,0.730712953,4.791383182,0.,            407P    963
0.728117592,4.830195702,0.,0.723037882,4.867132763,0.,               407P    964
0.718002846,4.903744975,0.,0.710715155,4.937165736,0.,               407P    965
0.703440719,4.97052571,0.,0.694230294,4.999303747,0.,                407P    966
0.685031086,5.028046734,0.,0.674314113,5.050928104,0.,               407P    967
0.663397236,5.074236285,0.,0.651387912,5.090427589,0.,               407P    968
0.639222877,5.106828829,0.,0.626416949,5.115270235,0.,               407P    969
0.613316435,5.123905826,0.,0.6,5.123905826,0.,0.,1.,0.,0.,1.;        407P    970
126,5,3,1,0,1,0,0.,0.,0.,0.,0.5,0.5,1.,1.,1.,1.,1.,1.,1.,1.,1.,      409P    971
1.,0.,-5.,-26.,0.527828931,-5.,-26.,1.049415974,-4.903467266,        409P    972
-26.220596686,1.780528652,-4.687748163,-26.952494505,2.,             409P    973
-4.582575695,-27.465826017,2.,-4.582575695,-28.,0.,1.,0.,            409P    974
-0.916124264,-0.400894416;                                           409P    975
126,4,2,1,0,1,0,0.,0.,0.,0.5,0.5,1.,1.,1.,1.,1.,1.,1.,1.,0.6,        411P    976
5.123905826,0.,0.443593368,5.219898492,0.,0.316923739,               411P    977
5.305846152,0.,0.177867017,5.400198682,0.,0.066666667,               411P    978
5.487786477,0.,0.,1.,0.,0.,-1.;                                      411P    979
126,3,3,1,0,0,0,0.,0.,0.,0.,1.,1.,1.,1.,1.,0.98899631025536,         413P    980
0.98899631025536,1.,2.,-4.582575695,-28.,2.558925612,                413P    981
-4.338640559,-30.9809366,3.064488671,-3.997600702,                   413P    982
-33.677272915,3.5,-3.570714214,-36.,0.,1.,-0.982872187,0.,           413P    983
-0.184288535;                                                        413P    984
102,5,393,399,403,407,411;                                           415P    985
102,5,397,401,405,409,413;                                           417P    986
142,1,331,415,417,1;                                                 419P    987
144,331,1,1,391,419;                                                 421P    988
314,100.,100.,100.,;                                                 423P    989
110,0.,0.,-26.,0.,0.,974.;                                           425P    990
110,2.148948432,0.,-25.651615825,2.148948432,0.,-22.;                427P    991
120,425,427,0.,6.28318530717959;                                     429P    992
126,1,1,1,0,1,0,0.,0.,1.,1.,1.,1.,0.005975033,3.135802998,0.,        431P    993
0.005964215,3.141592654,0.,0.,1.,0.,0.,1.;                           431P    994
126,4,3,1,0,1,0,0.,0.,0.,0.,0.5,1.,1.,1.,1.,1.,1.,1.,1.,1.,          433P    995
-2.148912415,0.012441603,-25.629797301,-2.148924423,                 433P    996
0.010367588,-25.629803886,-2.148942431,0.006219974,                  433P    997
-25.629817055,-2.148948432,0.002073187,-25.629830222,                433P    998
-2.148948432,0.,-25.629836805,0.,1.,0.,0.,0.;                        433P    999
126,1,1,1,0,1,0,0.,0.,1.,1.,1.,1.,0.005964215,3.141592654,0.,        435P   1000
1.,3.141592654,0.,0.,1.,0.,0.,1.;                                    435P   1001
110,-2.148948432,0.,-25.629836805,-2.148948432,0.,-22.;              437P   1002
126,1,1,1,0,1,0,0.,0.,1.,1.,1.,1.,1.,3.141592654,0.,1.,0.,0.,        439P   1003
0.,1.,0.,0.,1.;                                                      439P   1004
124,-1.,-6.98296267768627E-15,0.,0.,-6.98296267768627E-15,1.,        441P   1005
-6.98296267768627E-15,-1.53625178909098E-13,                         441P   1006
4.87617677579594E-29,-6.98296267768627E-15,-1.,-44.;                 441P   1007
100,-22.,0.,0.,2.148948432,0.,-2.148948432,0.;                       443P   1008
126,1,1,1,0,1,0,0.,0.,1.,1.,1.,1.,1.,0.,0.,0.005964215,0.,0.,        445P   1009
0.,1.,0.,0.,1.;                                                      445P   1010
110,2.148948432,0.,-22.,2.148948432,0.,-25.629836805;                447P   1011
126,1,1,1,0,1,0,0.,0.,1.,1.,1.,1.,0.005964215,0.,0.,                 449P   1012
0.005975033,0.005789656,0.,0.,1.,0.,0.,1.;                           449P   1013
126,4,3,1,0,1,0,0.,0.,0.,0.,0.5,1.,1.,1.,1.,1.,1.,1.,1.,1.,          451P   1014
2.148948432,0.,-25.629836805,2.148948432,0.002072622,                451P   1015
-25.629830224,2.148942436,0.006218624,-25.62981706,2.148924425,      451P   1016
0.010367293,-25.629803887,2.148912415,0.012441603,                   451P   1017
-25.629797301,0.,1.,0.,0.,0.;                                        451P   1018
126,8,2,1,0,1,0,0.,0.,0.,0.25,0.25,0.5,0.5,0.75,0.75,1.,1.,1.,       453P   1019
1.,1.,1.,1.,1.,1.,1.,1.,1.,0.005975033,0.005789656,0.,               453P   1020
0.006932114,0.518019031,0.,0.007286978,0.788467721,0.,               453P   1021
0.007827451,1.200373349,0.,0.007827692,1.570445683,0.,               453P   1022
0.007827934,1.940786635,0.,0.007287182,2.352968931,0.,               453P   1023
0.006932302,2.62347312,0.,0.005975033,3.135802998,0.,0.,1.,0.,       453P   1024
0.,1.;                                                               453P   1025
126,9,3,1,0,1,0,0.,0.,0.,0.,0.25,0.25,0.5,0.5,0.75,0.75,1.,1.,       455P   1026
1.,1.,1.,1.,1.,1.,1.,1.,1.,1.,1.,1.,2.148912415,0.012441603,         455P   1027
-25.629797301,2.145636615,0.578237563,-25.62800087,1.911229554,      455P   1028
1.130254037,-25.62625258,1.118499555,1.918132254,-25.623760585,      455P   1029
0.559184147,2.148752489,-25.623032719,-0.557677116,2.14914411,       455P   1030
-25.623031482,-1.114139494,1.92234142,-25.623747273,                 455P   1031
-1.915114024,1.126517476,-25.626264398,-2.145673881,                 455P   1032
0.571800928,-25.628021307,-2.148912415,0.012441603,                  455P   1033
-25.629797301,0.,1.,1.8985E-05,0.003175145,-0.999994959;             455P   1034
102,6,431,435,439,445,449,453;                                       457P   1035
102,6,433,437,443,447,451,455;                                       459P   1036
142,1,429,457,459,1;                                                 461P   1037
144,429,1,0,461;                                                     463P   1038
314,100.,100.,100.,;                                                 465P   1039
128,3,3,3,3,0,0,0,0,0,0.,0.,0.,0.,1.,1.,1.,1.,0.,0.,0.,0.,1.,        467P   1040
1.,1.,1.,1.,0.413762620843861,0.413762620843861,1.,                  467P   1041
0.333333333333333,0.13792087361462,0.13792087361462,                 467P   1042
0.333333333333333,0.333333333333333,0.13792087361462,                467P   1043
0.13792087361462,0.333333333333333,1.,0.413762620843861,             467P   1044
0.413762620843861,1.,2.090607985,0.012441603,-25.598654008,          467P   1045
6.34768955,0.012441603,-27.812641316,4.663464602,0.012441603,        467P   1046
-32.305732632,0.,0.012441603,-31.175873724,2.090607985,              467P   1047
4.193657573,-25.598654008,6.34768955,12.707820702,                   467P   1048
-27.812641316,4.663464602,9.339370807,-32.305732632,0.,              467P   1049
0.012441603,-31.175873724,-2.090607985,4.193657573,                  467P   1050
-25.598654008,-6.34768955,12.707820702,-27.812641316,                467P   1051
-4.663464602,9.339370807,-32.305732632,0.,0.012441603,               467P   1052
-31.175873724,-2.090607985,0.012441603,-25.598654008,                467P   1053
-6.34768955,0.012441603,-27.812641316,-4.663464602,0.012441603,      467P   1054
-32.305732632,0.,0.012441603,-31.175873724,0.,1.,0.,1.;              467P   1055
126,1,1,1,0,1,0,0.,0.,1.,1.,1.,1.,0.010991259,0.,0.,1.,0.,0.,        469P   1056
0.,1.,0.,0.,1.;                                                      469P   1057
124,0.480837562650632,0.876809693345255,0.,0.355827286423728,        471P   1058
-5.36891092208319E-17,2.94428091004956E-17,1.,28.2726679839514,      471P   1059
0.876809693345255,-0.480837562650632,6.12323399573677E-17,           471P   1060
-28.8736221197821;                                                   471P   1061
100,-28.260226381,0.706399727,0.012441603,3.706399727,               473P   1062
0.012441603,-2.189731648,0.795016236;                                473P   1063
126,1,1,1,0,1,0,0.,0.,1.,1.,1.,1.,1.,0.,0.,1.,1.,0.,0.,1.,0.,        475P   1064
0.,1.;                                                               475P   1065
126,1,1,1,0,1,0,0.,0.,1.,1.,1.,1.,1.,1.,0.,0.010991259,1.,0.,        477P   1066
0.,1.,0.,0.,1.;                                                      477P   1067
124,0.23546657578943,-0.971882447462655,1.22464679914735E-16,        479P   1068
-0.527974427219657,3.06742975869605E-17,1.33439442260599E-16,        479P   1069
1.,28.2726679839514,-0.971882447462655,-0.23546657578943,            479P   1070
6.12323399573677E-17,-28.9438342956843;                              479P   1071
100,-28.260226381,-0.706399727,0.012441603,2.293600273,              481P   1072
0.012441603,-3.602531103,0.795016236;                                481P   1073
126,12,2,1,0,1,0,0.,0.,0.,0.125,0.125,0.25,0.25,0.5,0.5,0.75,        483P   1074
0.75,0.875,0.875,1.,1.,1.,1.,1.,1.,1.,1.,1.,1.,1.,1.,1.,1.,1.,       483P   1075
1.,0.010991259,1.,0.,0.010645369,0.925990504,0.,0.01009993,          483P   1076
0.834456903,0.,0.009347034,0.708108588,0.,0.009342834,               483P   1077
0.707362202,0.,0.008659183,0.585874579,0.,0.008659465,               483P   1078
0.499911829,0.,0.008659747,0.414014021,0.,0.009343092,               483P   1079
0.292591901,0.,0.009347884,0.291740517,0.,0.010099365,               483P   1080
0.165637913,0.,0.010645238,0.074037491,0.,0.010991259,0.,0.,0.,      483P   1081
1.,0.,0.,1.;                                                         483P   1082
126,9,3,1,0,1,0,0.,0.,0.,0.,0.25,0.25,0.5,0.5,0.75,0.75,1.,1.,       485P   1083
1.,1.,1.,1.,1.,1.,1.,1.,1.,1.,1.,1.,-2.148912415,0.012441603,        485P   1084
-25.629797301,-2.145673881,0.571800928,-25.628021307,                485P   1085
-1.915114024,1.126517476,-25.626264398,-1.114139494,1.92234142,      485P   1086
-25.623747273,-0.557677116,2.14914411,-25.623031482,                 485P   1087
0.559184147,2.148752489,-25.623032719,1.118499555,1.918132254,       485P   1088
-25.623760585,1.911229554,1.130254037,-25.62625258,2.145636615,      485P   1089
0.578237563,-25.62800087,2.148912415,0.012441603,-25.629797301,      485P   1090
0.,1.,1.9105E-05,-0.003175145,0.999994959;                           485P   1091
102,4,469,475,477,483;                                               487P   1092
102,3,473,481,485;                                                   489P   1093
142,1,467,487,489,1;                                                 491P   1094
144,467,1,0,491;                                                     493P   1095
314,100.,100.,100.,;                                                 495P   1096
110,0.,0.012441603,12.,0.,0.012441603,-988.;                         497P   1097
110,-9.319608356,0.012441603,12.,-9.319608356,0.012441603,0.;        499P   1098
120,497,499,0.,6.28318530717959;                                     501P   1099
126,1,1,1,0,1,0,0.,0.,1.,1.,1.,1.,0.,6.283185307,0.,1.,              503P   1100
6.283185307,0.,0.,1.,0.,0.,1.;                                       503P   1101
110,-9.319608356,0.012441603,12.,-9.319608356,0.012441603,0.;        505P   1102
126,1,1,1,0,1,0,0.,0.,1.,1.,1.,1.,1.,6.283185307,0.,1.,              507P   1103
3.141592654,0.,0.,1.,0.,0.,1.;                                       507P   1104
100,0.,0.,0.012441603,-9.319608356,0.012441603,9.319608356,          509P   1105
0.012441603;                                                         509P   1106
126,1,1,1,0,1,0,0.,0.,1.,1.,1.,1.,1.,3.141592654,0.,0.,              511P   1107
3.141592654,0.,0.,1.,0.,0.,1.;                                       511P   1108
110,9.319608356,0.012441603,0.,9.319608356,0.012441603,12.;          513P   1109
126,1,1,1,0,1,0,0.,0.,1.,1.,1.,1.,0.,3.141592654,0.,0.,              515P   1110
6.283185307,0.,0.,1.,0.,0.,1.;                                       515P   1111
124,1.,-7.105427357601E-15,0.,8.84029036427909E-17,                  517P   1112
-7.105427357601E-15,-1.,6.98296267768627E-15,                        517P   1113
0.0248832052439251,-4.96169340471387E-29,-6.98296267768627E-15,      517P   1114
-1.,24.;                                                             517P   1115
100,12.,0.,0.012441603,9.319608356,0.012441603,-9.319608356,         519P   1116
0.012441603;                                                         519P   1117
102,4,503,507,511,515;                                               521P   1118
102,4,505,509,513,519;                                               523P   1119
142,1,501,521,523,1;                                                 525P   1120
144,501,1,0,525;                                                     527P   1121
110,0.,0.,147.,0.,0.,-853.;                                          529P   1122
110,-4.132357189,0.,147.,-4.132357189,0.,139.176326981;              531P   1123
120,529,531,0.,6.28318530717959;                                     533P   1124
126,1,1,1,0,1,0,0.,0.,1.,1.,1.,1.,0.,0.,0.,0.,3.141592654,0.,        535P   1125
0.,1.,0.,0.,1.;                                                      535P   1126
124,-1.,-7.22789203751574E-15,8.55166289179392E-31,                  537P   1127
-1.25709444509371E-28,-7.22789203751574E-15,1.,                      537P   1128
-6.98296267768627E-15,1.02649551361988E-12,                          537P   1129
4.96169340471388E-29,-6.98296267768627E-15,-1.,294.;                 537P   1130
100,147.,0.,0.,4.132357189,0.,-4.132357189,0.;                       539P   1131
126,1,1,1,0,1,0,0.,0.,1.,1.,1.,1.,0.,3.141592654,0.,1.,              541P   1132
3.141592654,0.,0.,1.,0.,0.,1.;                                       541P   1133
110,4.132357189,0.,147.,4.132357189,0.,139.176326981;                543P   1134
126,1,1,1,0,1,0,0.,0.,1.,1.,1.,1.,1.,3.141592654,0.,1.,0.,0.,        545P   1135
0.,1.,0.,0.,1.;                                                      545P   1136
100,139.176326981,0.,0.,4.132357189,0.,-4.132357189,0.;              547P   1137
126,1,1,1,0,1,0,0.,0.,1.,1.,1.,1.,1.,0.,0.,0.,0.,0.,0.,1.,0.,        549P   1138
0.,1.;                                                               549P   1139
110,-4.132357189,0.,139.176326981,-4.132357189,0.,147.;              551P   1140
102,4,535,541,545,549;                                               553P   1141
102,4,539,543,547,551;                                               555P   1142
142,1,533,553,555,1;                                                 557P   1143
144,533,1,0,557;                                                     559P   1144
110,0.,0.,1127.,0.,0.,127.;                                          561P   1145
110,4.192664568,0.,138.834306837,8.5,0.,127.;                        563P   1146
120,561,563,0.,6.28318530717959;                                     565P   1147
126,1,1,1,0,1,0,0.,0.,1.,1.,1.,1.,0.,0.,0.,0.,3.141592654,0.,        567P   1148
0.,1.,0.,0.,1.;                                                      567P   1149
124,1.,-6.73468386539699E-15,-1.29444398452784E-30,                  569P   1150
1.79713233331743E-28,-6.73468386539699E-15,-1.,                      569P   1151
6.98296267768627E-15,-9.69474783027887E-13,                          569P   1152
-4.83224900626109E-29,-6.98296267768627E-15,-1.,                     569P   1153
277.668613674766;                                                    569P   1154
100,138.834306837,0.,0.,4.192664568,0.,-4.192664568,0.;              571P   1155
126,1,1,1,0,1,0,0.,0.,1.,1.,1.,1.,0.,3.141592654,0.,1.,              573P   1156
3.141592654,0.,0.,1.,0.,0.,1.;                                       573P   1157
110,-4.192664568,0.,138.834306837,-8.5,0.,127.;                      575P   1158
126,1,1,1,0,1,0,0.,0.,1.,1.,1.,1.,1.,3.141592654,0.,1.,0.,0.,        577P   1159
0.,1.,0.,0.,1.;                                                      577P   1160
100,127.,0.,0.,-8.5,0.,8.5,0.;                                       579P   1161
126,1,1,1,0,1,0,0.,0.,1.,1.,1.,1.,1.,0.,0.,0.,0.,0.,0.,1.,0.,        581P   1162
0.,1.;                                                               581P   1163
110,8.5,0.,127.,4.192664568,0.,138.834306837;                        583P   1164
102,4,567,573,577,581;                                               585P   1165
102,4,571,575,579,583;                                               587P   1166
142,1,565,585,587,1;                                                 589P   1167
144,565,1,0,589;                                                     591P   1168
314,100.,100.,100.,;                                                 593P   1169
110,0.,0.,127.,0.,0.,-873.;                                          595P   1170
110,-8.5,0.,127.,-8.5,0.,87.2;                                       597P   1171
120,595,597,0.,6.28318530717959;                                     599P   1172
126,1,1,1,0,1,0,0.,0.,1.,1.,1.,1.,0.,0.,0.,0.,3.141592654,0.,        601P   1173
0.,1.,0.,0.,1.;                                                      601P   1174
124,-1.,-7.22789203751574E-15,8.55166289179392E-31,                  603P   1175
-1.08606118725783E-28,-7.22789203751574E-15,1.,                      603P   1176
-6.98296267768627E-15,8.86836260066156E-13,                          603P   1177
4.96169340471388E-29,-6.98296267768627E-15,-1.,254.;                 603P   1178
100,127.,0.,0.,8.5,0.,-8.5,0.;                                       605P   1179
126,1,1,1,0,1,0,0.,0.,1.,1.,1.,1.,0.,3.141592654,0.,1.,              607P   1180
3.141592654,0.,0.,1.,0.,0.,1.;                                       607P   1181
110,8.5,0.,127.,8.5,0.,87.2;                                         609P   1182
126,1,1,1,0,1,0,0.,0.,1.,1.,1.,1.,1.,3.141592654,0.,1.,0.,0.,        611P   1183
0.,1.,0.,0.,1.;                                                      611P   1184
100,87.2,0.,0.,8.5,0.,-8.5,0.;                                       613P   1185
126,1,1,1,0,1,0,0.,0.,1.,1.,1.,1.,1.,0.,0.,0.,0.,0.,0.,1.,0.,        615P   1186
0.,1.;                                                               615P   1187
110,-8.5,0.,87.2,-8.5,0.,127.;                                       617P   1188
102,4,601,607,611,615;                                               619P   1189
102,4,605,609,613,617;                                               621P   1190
142,1,599,619,621,1;                                                 623P   1191
144,599,1,0,623;                                                     625P   1192
314,10.1960784313725,10.1960784313725,10.1960784313725,;             627P   1193
110,0.,0.,87.,0.,0.,-913.;                                           629P   1194
110,-6.,0.,87.,-6.,0.,18.;                                           631P   1195
120,629,631,0.,6.28318530717959;                                     633P   1196
126,1,1,1,0,1,0,0.,0.,1.,1.,1.,1.,0.,0.,0.,0.,3.141592654,0.,        635P   1197
0.,1.,0.,0.,1.;                                                      635P   1198
124,-1.,-7.22789203751574E-15,8.55166289179392E-31,                  637P   1199
-7.4399467158607E-29,-7.22789203751574E-15,1.,                       637P   1200
-6.98296267768627E-15,6.07517752958705E-13,                          637P   1201
4.96169340471387E-29,-6.98296267768627E-15,-1.,174.;                 637P   1202
100,87.,0.,0.,6.,0.,-6.,0.;                                          639P   1203
126,1,1,1,0,1,0,0.,0.,1.,1.,1.,1.,0.,3.141592654,0.,1.,              641P   1204
3.141592654,0.,0.,1.,0.,0.,1.;                                       641P   1205
110,6.,0.,87.,6.,0.,18.;                                             643P   1206
126,1,1,1,0,1,0,0.,0.,1.,1.,1.,1.,1.,3.141592654,0.,1.,0.,0.,        645P   1207
0.,1.,0.,0.,1.;                                                      645P   1208
100,18.,0.,0.,6.,0.,-6.,0.;                                          647P   1209
126,1,1,1,0,1,0,0.,0.,1.,1.,1.,1.,1.,0.,0.,0.,0.,0.,0.,1.,0.,        649P   1210
0.,1.;                                                               649P   1211
110,-6.,0.,18.,-6.,0.,87.;                                           651P   1212
102,4,635,641,645,649;                                               653P   1213
102,4,639,643,647,651;                                               655P   1214
142,1,633,653,655,1;                                                 657P   1215
144,633,1,0,657;                                                     659P   1216
110,0.,0.,18.,0.,0.,-982.;                                           661P   1217
110,-9.,0.,17.,-9.,0.,16.;                                           663P   1218
120,661,663,0.,6.28318530717959;                                     665P   1219
126,1,1,1,0,1,0,0.,0.,1.,1.,1.,1.,0.,0.,0.,0.,3.141592654,0.,        667P   1220
0.,1.,0.,0.,1.;                                                      667P   1221
124,-1.,-7.22789203751574E-15,8.55166289179392E-31,                  669P   1222
-1.45378269160498E-29,-7.22789203751574E-15,1.,                      669P   1223
-6.98296267768627E-15,1.18710365520667E-13,                          669P   1224
4.96169340471388E-29,-6.98296267768627E-15,-1.,34.;                  669P   1225
100,17.,0.,0.,9.,0.,-9.,0.;                                          671P   1226
126,1,1,1,0,1,0,0.,0.,1.,1.,1.,1.,0.,3.141592654,0.,1.,              673P   1227
3.141592654,0.,0.,1.,0.,0.,1.;                                       673P   1228
110,9.,0.,17.,9.,0.,16.;                                             675P   1229
126,1,1,1,0,1,0,0.,0.,1.,1.,1.,1.,1.,3.141592654,0.,1.,0.,0.,        677P   1230
0.,1.,0.,0.,1.;                                                      677P   1231
100,16.,0.,0.,9.,0.,-9.,0.;                                          679P   1232
126,1,1,1,0,1,0,0.,0.,1.,1.,1.,1.,1.,0.,0.,0.,0.,0.,0.,1.,0.,        681P   1233
0.,1.;                                                               681P   1234
110,-9.,0.,16.,-9.,0.,17.;                                           683P   1235
102,4,667,673,677,681;                                               685P   1236
102,4,671,675,679,683;                                               687P   1237
142,1,665,685,687,1;                                                 689P   1238
144,665,1,0,689;                                                     691P   1239
314,93.7254901960784,93.7254901960784,93.7254901960784,;             693P   1240
110,0.,0.,16.,0.,0.,-984.;                                           695P   1241
110,-11.,0.,16.,-11.,0.,0.;                                          697P   1242
120,695,697,0.,6.28318530717959;                                     699P   1243
126,1,1,1,0,1,0,0.,0.,1.,1.,1.,1.,0.,0.,0.,0.,3.141592654,0.,        701P   1244
0.,1.,0.,0.,1.;                                                      701P   1245
124,-1.,-7.22789203751574E-15,8.55166289179392E-31,                  703P   1246
-1.36826606268703E-29,-7.22789203751574E-15,1.,                      703P   1247
-6.98296267768627E-15,1.1172740284298E-13,4.96169340471388E-29,      703P   1248
-6.98296267768627E-15,-1.,32.;                                       703P   1249
100,16.,0.,0.,11.,0.,-11.,0.;                                        705P   1250
126,1,1,1,0,1,0,0.,0.,1.,1.,1.,1.,0.,3.141592654,0.,1.,              707P   1251
3.141592654,0.,0.,1.,0.,0.,1.;                                       707P   1252
110,11.,0.,16.,11.,0.,0.;                                            709P   1253
126,1,1,1,0,1,0,0.,0.,1.,1.,1.,1.,1.,3.141592654,0.,1.,0.,0.,        711P   1254
0.,1.,0.,0.,1.;                                                      711P   1255
100,0.,0.,0.,11.,0.,-11.,0.;                                         713P   1256
126,1,1,1,0,1,0,0.,0.,1.,1.,1.,1.,1.,0.,0.,0.,0.,0.,0.,1.,0.,        715P   1257
0.,1.;                                                               715P   1258
110,-11.,0.,0.,-11.,0.,16.;                                          717P   1259
102,4,701,707,711,715;                                               719P   1260
102,4,705,709,713,717;                                               721P   1261
142,1,699,719,721,1;                                                 723P   1262
144,699,1,0,723;                                                     725P   1263
314,93.7254901960784,93.7254901960784,93.7254901960784,;             727P   1264
110,0.,0.,16.,0.,0.,-984.;                                           729P   1265
110,-11.,0.,16.,-11.,0.,0.;                                          731P   1266
120,729,731,0.,6.28318530717959;                                     733P   1267
126,1,1,1,0,1,0,0.,0.,1.,1.,1.,1.,1.,3.141592654,0.,0.,              735P   1268
3.141592654,0.,0.,1.,0.,0.,1.;                                       735P   1269
110,11.,0.,0.,11.,0.,16.;                                            737P   1270
126,1,1,1,0,1,0,0.,0.,1.,1.,1.,1.,0.,3.141592654,0.,0.,              739P   1271
6.283185307,0.,0.,1.,0.,0.,1.;                                       739P   1272
124,1.,-7.105427357601E-15,0.,0.,-7.105427357601E-15,-1.,            741P   1273
6.98296267768627E-15,-1.1172740284298E-13,                           741P   1274
-4.96169340471387E-29,-6.98296267768627E-15,-1.,32.;                 741P   1275
100,16.,0.,0.,11.,0.,-11.,0.;                                        743P   1276
126,1,1,1,0,1,0,0.,0.,1.,1.,1.,1.,0.,6.283185307,0.,1.,              745P   1277
6.283185307,0.,0.,1.,0.,0.,1.;                                       745P   1278
110,-11.,0.,16.,-11.,0.,0.;                                          747P   1279
126,1,1,1,0,1,0,0.,0.,1.,1.,1.,1.,1.,6.283185307,0.,1.,              749P   1280
3.141592654,0.,0.,1.,0.,0.,1.;                                       749P   1281
100,0.,0.,0.,-11.,0.,11.,0.;                                         751P   1282
102,4,735,739,745,749;                                               753P   1283
102,4,737,743,747,751;                                               755P   1284
142,1,733,753,755,1;                                                 757P   1285
144,733,1,0,757;                                                     759P   1286
314,93.7254901960784,93.7254901960784,93.7254901960784,;             761P   1287
128,1,1,1,1,0,0,1,0,0,0.,0.,1.,1.,0.,0.,1.,1.,1.,1.,1.,1.,           763P   1288
-11.132,-11.132,16.,11.132,-11.132,16.,-11.132,11.132,16.,           763P   1289
11.132,11.132,16.,0.,1.,0.,1.;                                       763P   1290
126,32,2,1,0,1,0,0.,0.,0.,0.0625,0.0625,0.125,0.125,0.1875,          765P   1291
0.1875,0.25,0.25,0.3125,0.3125,0.375,0.375,0.4375,0.4375,0.5,        765P   1292
0.5,0.5625,0.5625,0.625,0.625,0.6875,0.6875,0.75,0.75,0.8125,        765P   1293
0.8125,0.875,0.875,0.9375,0.9375,1.,1.,1.,1.,1.,1.,1.,1.,1.,1.,      765P   1294
1.,1.,1.,1.,1.,1.,1.,1.,1.,1.,1.,1.,1.,1.,1.,1.,1.,1.,1.,1.,1.,      765P   1295
1.,1.,1.,1.,1.,0.005928854,0.5,0.,0.005928854,0.451338239,0.,        765P   1296
0.015422292,0.403611501,0.,0.024915731,0.355884763,0.,               765P   1297
0.04353778,0.310927158,0.,0.06215983,0.265969553,0.,                 765P   1298
0.089194856,0.225508778,0.,0.116229881,0.185048003,0.,               765P   1299
0.150638942,0.150638942,0.,0.185048003,0.116229881,0.,               765P   1300
0.225508778,0.089194856,0.,0.265969553,0.06215983,0.,                765P   1301
0.310927158,0.04353778,0.,0.355884763,0.024915731,0.,                765P   1302
0.403611501,0.015422292,0.,0.451338239,0.005928854,0.,0.5,           765P   1303
0.005928854,0.,0.548661761,0.005928854,0.,0.596388499,               765P   1304
0.015422292,0.,0.644115237,0.024915731,0.,0.689072842,               765P   1305
0.04353778,0.,0.734030447,0.06215983,0.,0.774491222,                 765P   1306
0.089194856,0.,0.814951997,0.116229881,0.,0.849361058,               765P   1307
0.150638942,0.,0.883770119,0.185048003,0.,0.910805144,               765P   1308
0.225508778,0.,0.93784017,0.265969553,0.,0.95646222,                 765P   1309
0.310927158,0.,0.975084269,0.355884763,0.,0.984577708,               765P   1310
0.403611501,0.,0.994071146,0.451338239,0.,0.994071146,0.5,0.,        765P   1311
0.,1.,0.,0.,-1.;                                                     765P   1312
100,16.,0.,0.,-11.,0.,11.,0.;                                        767P   1313
126,32,2,1,0,1,0,0.,0.,0.,0.0625,0.0625,0.125,0.125,0.1875,          769P   1314
0.1875,0.25,0.25,0.3125,0.3125,0.375,0.375,0.4375,0.4375,0.5,        769P   1315
0.5,0.5625,0.5625,0.625,0.625,0.6875,0.6875,0.75,0.75,0.8125,        769P   1316
0.8125,0.875,0.875,0.9375,0.9375,1.,1.,1.,1.,1.,1.,1.,1.,1.,1.,      769P   1317
1.,1.,1.,1.,1.,1.,1.,1.,1.,1.,1.,1.,1.,1.,1.,1.,1.,1.,1.,1.,1.,      769P   1318
1.,1.,1.,1.,1.,0.994071146,0.5,0.,0.994071146,0.548661761,0.,        769P   1319
0.984577708,0.596388499,0.,0.975084269,0.644115237,0.,               769P   1320
0.95646222,0.689072842,0.,0.93784017,0.734030447,0.,                 769P   1321
0.910805144,0.774491222,0.,0.883770119,0.814951997,0.,               769P   1322
0.849361058,0.849361058,0.,0.814951997,0.883770119,0.,               769P   1323
0.774491222,0.910805144,0.,0.734030447,0.93784017,0.,                769P   1324
0.689072842,0.95646222,0.,0.644115237,0.975084269,0.,                769P   1325
0.596388499,0.984577708,0.,0.548661761,0.994071146,0.,0.5,           769P   1326
0.994071146,0.,0.451338239,0.994071146,0.,0.403611501,               769P   1327
0.984577708,0.,0.355884763,0.975084269,0.,0.310927158,               769P   1328
0.95646222,0.,0.265969553,0.93784017,0.,0.225508778,                 769P   1329
0.910805144,0.,0.185048003,0.883770119,0.,0.150638942,               769P   1330
0.849361058,0.,0.116229881,0.814951997,0.,0.089194856,               769P   1331
0.774491222,0.,0.06215983,0.734030447,0.,0.04353778,                 769P   1332
0.689072842,0.,0.024915731,0.644115237,0.,0.015422292,               769P   1333
0.596388499,0.,0.005928854,0.548661761,0.,0.005928854,0.5,0.,        769P   1334
0.,1.,0.,0.,-1.;                                                     769P   1335
100,16.,0.,0.,11.,0.,-11.,0.;                                        771P   1336
102,2,765,769;                                                       773P   1337
102,2,767,771;                                                       775P   1338
142,1,763,773,775,1;                                                 777P   1339
126,32,2,1,0,1,0,0.,0.,0.,0.0625,0.0625,0.125,0.125,0.1875,          779P   1340
0.1875,0.25,0.25,0.3125,0.3125,0.375,0.375,0.4375,0.4375,0.5,        779P   1341
0.5,0.5625,0.5625,0.625,0.625,0.6875,0.6875,0.75,0.75,0.8125,        779P   1342
0.8125,0.875,0.875,0.9375,0.9375,1.,1.,1.,1.,1.,1.,1.,1.,1.,1.,      779P   1343
1.,1.,1.,1.,1.,1.,1.,1.,1.,1.,1.,1.,1.,1.,1.,1.,1.,1.,1.,1.,1.,      779P   1344
1.,1.,1.,1.,1.,0.904240029,0.5,0.,0.904240029,0.460185832,0.,        779P   1345
0.89647267,0.421136683,0.,0.888705311,0.382087533,0.,                779P   1346
0.873469089,0.345304038,0.,0.858232866,0.308520544,0.,               779P   1347
0.8361133,0.275416273,0.,0.813993734,0.242312002,0.,                 779P   1348
0.785840866,0.214159134,0.,0.757687998,0.186006266,0.,               779P   1349
0.724583727,0.1638867,0.,0.691479456,0.141767134,0.,                 779P   1350
0.654695962,0.126530911,0.,0.617912467,0.111294689,0.,               779P   1351
0.578863317,0.10352733,0.,0.539814168,0.095759971,0.,0.5,            779P   1352
0.095759971,0.,0.460185832,0.095759971,0.,0.421136683,               779P   1353
0.10352733,0.,0.382087533,0.111294689,0.,0.345304038,                779P   1354
0.126530911,0.,0.308520544,0.141767134,0.,0.275416273,               779P   1355
0.1638867,0.,0.242312002,0.186006266,0.,0.214159134,                 779P   1356
0.214159134,0.,0.186006266,0.242312002,0.,0.1638867,                 779P   1357
0.275416273,0.,0.141767134,0.308520544,0.,0.126530911,               779P   1358
0.345304038,0.,0.111294689,0.382087533,0.,0.10352733,                779P   1359
0.421136683,0.,0.095759971,0.460185832,0.,0.095759971,0.5,0.,        779P   1360
0.,1.,0.,0.,1.;                                                      779P   1361
124,1.,-7.105427357601E-15,0.,0.,-7.105427357601E-15,-1.,            781P   1362
6.98296267768627E-15,-1.1172740284298E-13,                           781P   1363
-4.96169340471387E-29,-6.98296267768627E-15,-1.,32.;                 781P   1364
100,16.,0.,0.,9.,0.,-9.,0.;                                          783P   1365
126,32,2,1,0,1,0,0.,0.,0.,0.0625,0.0625,0.125,0.125,0.1875,          785P   1366
0.1875,0.25,0.25,0.3125,0.3125,0.375,0.375,0.4375,0.4375,0.5,        785P   1367
0.5,0.5625,0.5625,0.625,0.625,0.6875,0.6875,0.75,0.75,0.8125,        785P   1368
0.8125,0.875,0.875,0.9375,0.9375,1.,1.,1.,1.,1.,1.,1.,1.,1.,1.,      785P   1369
1.,1.,1.,1.,1.,1.,1.,1.,1.,1.,1.,1.,1.,1.,1.,1.,1.,1.,1.,1.,1.,      785P   1370
1.,1.,1.,1.,1.,0.095759971,0.5,0.,0.095759971,0.539814168,0.,        785P   1371
0.10352733,0.578863317,0.,0.111294689,0.617912467,0.,                785P   1372
0.126530911,0.654695962,0.,0.141767134,0.691479456,0.,               785P   1373
0.1638867,0.724583727,0.,0.186006266,0.757687998,0.,                 785P   1374
0.214159134,0.785840866,0.,0.242312002,0.813993734,0.,               785P   1375
0.275416273,0.8361133,0.,0.308520544,0.858232866,0.,                 785P   1376
0.345304038,0.873469089,0.,0.382087533,0.888705311,0.,               785P   1377
0.421136683,0.89647267,0.,0.460185832,0.904240029,0.,0.5,            785P   1378
0.904240029,0.,0.539814168,0.904240029,0.,0.578863317,               785P   1379
0.89647267,0.,0.617912467,0.888705311,0.,0.654695962,                785P   1380
0.873469089,0.,0.691479456,0.858232866,0.,0.724583727,               785P   1381
0.8361133,0.,0.757687998,0.813993734,0.,0.785840866,                 785P   1382
0.785840866,0.,0.813993734,0.757687998,0.,0.8361133,                 785P   1383
0.724583727,0.,0.858232866,0.691479456,0.,0.873469089,               785P   1384
0.654695962,0.,0.888705311,0.617912467,0.,0.89647267,                785P   1385
0.578863317,0.,0.904240029,0.539814168,0.,0.904240029,0.5,0.,        785P   1386
0.,1.,0.,0.,1.;                                                      785P   1387
124,-1.,-7.22789203751574E-15,8.55166289179392E-31,                  787P   1388
-1.36826606268703E-29,-7.22789203751574E-15,1.,                      787P   1389
-6.98296267768627E-15,1.1172740284298E-13,4.96169340471388E-29,      787P   1390
-6.98296267768627E-15,-1.,32.;                                       787P   1391
100,16.,0.,0.,9.,0.,-9.,0.;                                          789P   1392
102,2,779,785;                                                       791P   1393
102,2,783,789;                                                       793P   1394
142,1,763,791,793,1;                                                 795P   1395
144,763,1,1,777,795;                                                 797P   1396
314,93.7254901960784,93.7254901960784,93.7254901960784,;             799P   1397
128,1,1,1,1,0,0,1,0,0,0.,0.,1.,1.,0.,0.,1.,1.,1.,1.,1.,1.,           801P   1398
-11.132,-11.132,0.,11.132,-11.132,0.,-11.132,11.132,0.,11.132,       801P   1399
11.132,0.,0.,1.,0.,1.;                                               801P   1400
126,32,2,1,0,1,0,0.,0.,0.,0.0625,0.0625,0.125,0.125,0.1875,          803P   1401
0.1875,0.25,0.25,0.3125,0.3125,0.375,0.375,0.4375,0.4375,0.5,        803P   1402
0.5,0.5625,0.5625,0.625,0.625,0.6875,0.6875,0.75,0.75,0.8125,        803P   1403
0.8125,0.875,0.875,0.9375,0.9375,1.,1.,1.,1.,1.,1.,1.,1.,1.,1.,      803P   1404
1.,1.,1.,1.,1.,1.,1.,1.,1.,1.,1.,1.,1.,1.,1.,1.,1.,1.,1.,1.,1.,      803P   1405
1.,1.,1.,1.,1.,0.994071146,0.5,0.,0.994071146,0.548661761,0.,        803P   1406
0.984577708,0.596388499,0.,0.975084269,0.644115237,0.,               803P   1407
0.95646222,0.689072842,0.,0.93784017,0.734030447,0.,                 803P   1408
0.910805144,0.774491222,0.,0.883770119,0.814951997,0.,               803P   1409
0.849361058,0.849361058,0.,0.814951997,0.883770119,0.,               803P   1410
0.774491222,0.910805144,0.,0.734030447,0.93784017,0.,                803P   1411
0.689072842,0.95646222,0.,0.644115237,0.975084269,0.,                803P   1412
0.596388499,0.984577708,0.,0.548661761,0.994071146,0.,0.5,           803P   1413
0.994071146,0.,0.451338239,0.994071146,0.,0.403611501,               803P   1414
0.984577708,0.,0.355884763,0.975084269,0.,0.310927158,               803P   1415
0.95646222,0.,0.265969553,0.93784017,0.,0.225508778,                 803P   1416
0.910805144,0.,0.185048003,0.883770119,0.,0.150638942,               803P   1417
0.849361058,0.,0.116229881,0.814951997,0.,0.089194856,               803P   1418
0.774491222,0.,0.06215983,0.734030447,0.,0.04353778,                 803P   1419
0.689072842,0.,0.024915731,0.644115237,0.,0.015422292,               803P   1420
0.596388499,0.,0.005928854,0.548661761,0.,0.005928854,0.5,0.,        803P   1421
0.,1.,0.,0.,-1.;                                                     803P   1422
100,0.,0.,0.,11.,0.,-11.,0.;                                         805P   1423
126,32,2,1,0,1,0,0.,0.,0.,0.0625,0.0625,0.125,0.125,0.1875,          807P   1424
0.1875,0.25,0.25,0.3125,0.3125,0.375,0.375,0.4375,0.4375,0.5,        807P   1425
0.5,0.5625,0.5625,0.625,0.625,0.6875,0.6875,0.75,0.75,0.8125,        807P   1426
0.8125,0.875,0.875,0.9375,0.9375,1.,1.,1.,1.,1.,1.,1.,1.,1.,1.,      807P   1427
1.,1.,1.,1.,1.,1.,1.,1.,1.,1.,1.,1.,1.,1.,1.,1.,1.,1.,1.,1.,1.,      807P   1428
1.,1.,1.,1.,1.,0.005928854,0.5,0.,0.005928854,0.451338239,0.,        807P   1429
0.015422292,0.403611501,0.,0.024915731,0.355884763,0.,               807P   1430
0.04353778,0.310927158,0.,0.06215983,0.265969553,0.,                 807P   1431
0.089194856,0.225508778,0.,0.116229881,0.185048003,0.,               807P   1432
0.150638942,0.150638942,0.,0.185048003,0.116229881,0.,               807P   1433
0.225508778,0.089194856,0.,0.265969553,0.06215983,0.,                807P   1434
0.310927158,0.04353778,0.,0.355884763,0.024915731,0.,                807P   1435
0.403611501,0.015422292,0.,0.451338239,0.005928854,0.,0.5,           807P   1436
0.005928854,0.,0.548661761,0.005928854,0.,0.596388499,               807P   1437
0.015422292,0.,0.644115237,0.024915731,0.,0.689072842,               807P   1438
0.04353778,0.,0.734030447,0.06215983,0.,0.774491222,                 807P   1439
0.089194856,0.,0.814951997,0.116229881,0.,0.849361058,               807P   1440
0.150638942,0.,0.883770119,0.185048003,0.,0.910805144,               807P   1441
0.225508778,0.,0.93784017,0.265969553,0.,0.95646222,                 807P   1442
0.310927158,0.,0.975084269,0.355884763,0.,0.984577708,               807P   1443
0.403611501,0.,0.994071146,0.451338239,0.,0.994071146,0.5,0.,        807P   1444
0.,1.,0.,0.,-1.;                                                     807P   1445
100,0.,0.,0.,-11.,0.,11.,0.;                                         809P   1446
102,2,803,807;                                                       811P   1447
102,2,805,809;                                                       813P   1448
142,1,801,811,813,1;                                                 815P   1449
126,32,2,1,0,1,0,0.,0.,0.,0.0625,0.0625,0.125,0.125,0.1875,          817P   1450
0.1875,0.25,0.25,0.3125,0.3125,0.375,0.375,0.4375,0.4375,0.5,        817P   1451
0.5,0.5625,0.5625,0.625,0.625,0.6875,0.6875,0.75,0.75,0.8125,        817P   1452
0.8125,0.875,0.875,0.9375,0.9375,1.,1.,1.,1.,1.,1.,1.,1.,1.,1.,      817P   1453
1.,1.,1.,1.,1.,1.,1.,1.,1.,1.,1.,1.,1.,1.,1.,1.,1.,1.,1.,1.,1.,      817P   1454
1.,1.,1.,1.,1.,0.918595417,0.500558822,0.,0.918595417,               817P   1455
0.459330772,0.,0.910552223,0.418894907,0.,0.90250903,                817P   1456
0.378459042,0.,0.886731738,0.340369291,0.,0.870954446,               817P   1457
0.302279539,0.,0.848049369,0.267999668,0.,0.825144291,               817P   1458
0.233719798,0.,0.795991658,0.204567164,0.,0.766839024,               817P   1459
0.17541453,0.,0.732559153,0.152509453,0.,0.698279282,                817P   1460
0.129604375,0.,0.660189531,0.113827084,0.,0.622099779,               817P   1461
0.098049792,0.,0.581663915,0.090006598,0.,0.54122805,                817P   1462
0.081963405,0.,0.5,0.081963405,0.,0.45877195,0.081963405,0.,         817P   1463
0.418336085,0.090006598,0.,0.377900221,0.098049792,0.,               817P   1464
0.339810469,0.113827084,0.,0.301720718,0.129604375,0.,               817P   1465
0.267440847,0.152509453,0.,0.233160976,0.17541453,0.,                817P   1466
0.204008342,0.204567164,0.,0.174855709,0.233719798,0.,               817P   1467
0.151950631,0.267999668,0.,0.129045554,0.302279539,0.,               817P   1468
0.113268262,0.340369291,0.,0.09749097,0.378459042,0.,                817P   1469
0.089447777,0.418894907,0.,0.081404583,0.459330772,0.,               817P   1470
0.081404583,0.500558822,0.,0.,1.,0.,0.,1.;                           817P   1471
124,1.,-7.105427357601E-15,0.,8.84029036427909E-17,                  819P   1472
-7.105427357601E-15,-1.,6.98296267768627E-15,                        819P   1473
0.0248832052440089,-4.96169340471387E-29,-6.98296267768627E-15,      819P   1474
-1.,8.68792467600607E-17;                                            819P   1475
100,0.,0.,0.012441603,9.319608356,0.012441603,-9.319608356,          821P   1476
0.012441603;                                                         821P   1477
126,32,2,1,0,1,0,0.,0.,0.,0.0625,0.0625,0.125,0.125,0.1875,          823P   1478
0.1875,0.25,0.25,0.3125,0.3125,0.375,0.375,0.4375,0.4375,0.5,        823P   1479
0.5,0.5625,0.5625,0.625,0.625,0.6875,0.6875,0.75,0.75,0.8125,        823P   1480
0.8125,0.875,0.875,0.9375,0.9375,1.,1.,1.,1.,1.,1.,1.,1.,1.,1.,      823P   1481
1.,1.,1.,1.,1.,1.,1.,1.,1.,1.,1.,1.,1.,1.,1.,1.,1.,1.,1.,1.,1.,      823P   1482
1.,1.,1.,1.,1.,0.081404583,0.500558822,0.,0.081404583,               823P   1483
0.541786872,0.,0.089447777,0.582222736,0.,0.09749097,                823P   1484
0.622658601,0.,0.113268262,0.660748352,0.,0.129045554,               823P   1485
0.698838104,0.,0.151950631,0.733117975,0.,0.174855709,               823P   1486
0.767397845,0.,0.204008342,0.796550479,0.,0.233160976,               823P   1487
0.825703113,0.,0.267440847,0.84860819,0.,0.301720718,                823P   1488
0.871513268,0.,0.339810469,0.887290559,0.,0.377900221,               823P   1489
0.903067851,0.,0.418336085,0.911111045,0.,0.45877195,                823P   1490
0.919154238,0.,0.5,0.919154238,0.,0.54122805,0.919154238,0.,         823P   1491
0.581663915,0.911111045,0.,0.622099779,0.903067851,0.,               823P   1492
0.660189531,0.887290559,0.,0.698279282,0.871513268,0.,               823P   1493
0.732559153,0.84860819,0.,0.766839024,0.825703113,0.,                823P   1494
0.795991658,0.796550479,0.,0.825144291,0.767397845,0.,               823P   1495
0.848049369,0.733117975,0.,0.870954446,0.698838104,0.,               823P   1496
0.886731738,0.660748352,0.,0.90250903,0.622658601,0.,                823P   1497
0.910552223,0.582222736,0.,0.918595417,0.541786872,0.,               823P   1498
0.918595417,0.500558822,0.,0.,1.,0.,0.,1.;                           823P   1499
124,-1.,-7.22799452221947E-15,8.55524112609991E-31,0.,               825P   1500
-7.22799452221947E-15,1.,-6.98296267768627E-15,0.,                   825P   1501
4.96172918705693E-29,-6.98296267768627E-15,-1.,0.;                   825P   1502
100,0.,0.,0.012441603,9.319608356,0.012441603,-9.319608356,          827P   1503
0.012441603;                                                         827P   1504
102,2,817,823;                                                       829P   1505
102,2,821,827;                                                       831P   1506
142,1,801,829,831,1;                                                 833P   1507
144,801,1,1,815,833;                                                 835P   1508
110,0.,0.,18.,0.,0.,-982.;                                           837P   1509
110,-9.,0.,17.,-9.,0.,16.;                                           839P   1510
120,837,839,0.,6.28318530717959;                                     841P   1511
126,1,1,1,0,1,0,0.,0.,1.,1.,1.,1.,1.,3.141592654,0.,0.,              843P   1512
3.141592654,0.,0.,1.,0.,0.,1.;                                       843P   1513
110,9.,0.,16.,9.,0.,17.;                                             845P   1514
126,1,1,1,0,1,0,0.,0.,1.,1.,1.,1.,0.,3.141592654,0.,0.,              847P   1515
6.283185307,0.,0.,1.,0.,0.,1.;                                       847P   1516
124,1.,-7.105427357601E-15,0.,0.,-7.105427357601E-15,-1.,            849P   1517
6.98296267768627E-15,-1.18710365520667E-13,                          849P   1518
-4.96169340471387E-29,-6.98296267768627E-15,-1.,34.;                 849P   1519
100,17.,0.,0.,9.,0.,-9.,0.;                                          851P   1520
126,1,1,1,0,1,0,0.,0.,1.,1.,1.,1.,0.,6.283185307,0.,1.,              853P   1521
6.283185307,0.,0.,1.,0.,0.,1.;                                       853P   1522
110,-9.,0.,17.,-9.,0.,16.;                                           855P   1523
126,1,1,1,0,1,0,0.,0.,1.,1.,1.,1.,1.,6.283185307,0.,1.,              857P   1524
3.141592654,0.,0.,1.,0.,0.,1.;                                       857P   1525
100,16.,0.,0.,-9.,0.,9.,0.;                                          859P   1526
102,4,843,847,853,857;                                               861P   1527
102,4,845,851,855,859;                                               863P   1528
142,1,841,861,863,1;                                                 865P   1529
144,841,1,0,865;                                                     867P   1530
128,1,1,1,1,0,0,1,0,0,0.,0.,1.,1.,0.,0.,1.,1.,1.,1.,1.,1.,           869P   1531
-8.096,-8.096,18.,8.096,-8.096,18.,-8.096,8.096,18.,8.096,           869P   1532
8.096,18.,0.,1.,0.,1.;                                               869P   1533
126,32,2,1,0,1,0,0.,0.,0.,0.0625,0.0625,0.125,0.125,0.1875,          871P   1534
0.1875,0.25,0.25,0.3125,0.3125,0.375,0.375,0.4375,0.4375,0.5,        871P   1535
0.5,0.5625,0.5625,0.625,0.625,0.6875,0.6875,0.75,0.75,0.8125,        871P   1536
0.8125,0.875,0.875,0.9375,0.9375,1.,1.,1.,1.,1.,1.,1.,1.,1.,1.,      871P   1537
1.,1.,1.,1.,1.,1.,1.,1.,1.,1.,1.,1.,1.,1.,1.,1.,1.,1.,1.,1.,1.,      871P   1538
1.,1.,1.,1.,1.,0.994071146,0.5,0.,0.994071146,0.548661761,0.,        871P   1539
0.984577708,0.596388499,0.,0.975084269,0.644115237,0.,               871P   1540
0.95646222,0.689072842,0.,0.93784017,0.734030447,0.,                 871P   1541
0.910805144,0.774491222,0.,0.883770119,0.814951997,0.,               871P   1542
0.849361058,0.849361058,0.,0.814951997,0.883770119,0.,               871P   1543
0.774491222,0.910805144,0.,0.734030447,0.93784017,0.,                871P   1544
0.689072842,0.95646222,0.,0.644115237,0.975084269,0.,                871P   1545
0.596388499,0.984577708,0.,0.548661761,0.994071146,0.,0.5,           871P   1546
0.994071146,0.,0.451338239,0.994071146,0.,0.403611501,               871P   1547
0.984577708,0.,0.355884763,0.975084269,0.,0.310927158,               871P   1548
0.95646222,0.,0.265969553,0.93784017,0.,0.225508778,                 871P   1549
0.910805144,0.,0.185048003,0.883770119,0.,0.150638942,               871P   1550
0.849361058,0.,0.116229881,0.814951997,0.,0.089194856,               871P   1551
0.774491222,0.,0.06215983,0.734030447,0.,0.04353778,                 871P   1552
0.689072842,0.,0.024915731,0.644115237,0.,0.015422292,               871P   1553
0.596388499,0.,0.005928854,0.548661761,0.,0.005928854,0.5,0.,        871P   1554
0.,1.,0.,0.,-1.;                                                     871P   1555
100,18.,0.,0.,8.,0.,-8.,0.;                                          873P   1556
126,32,2,1,0,1,0,0.,0.,0.,0.0625,0.0625,0.125,0.125,0.1875,          875P   1557
0.1875,0.25,0.25,0.3125,0.3125,0.375,0.375,0.4375,0.4375,0.5,        875P   1558
0.5,0.5625,0.5625,0.625,0.625,0.6875,0.6875,0.75,0.75,0.8125,        875P   1559
0.8125,0.875,0.875,0.9375,0.9375,1.,1.,1.,1.,1.,1.,1.,1.,1.,1.,      875P   1560
1.,1.,1.,1.,1.,1.,1.,1.,1.,1.,1.,1.,1.,1.,1.,1.,1.,1.,1.,1.,1.,      875P   1561
1.,1.,1.,1.,1.,0.005928854,0.5,0.,0.005928854,0.451338239,0.,        875P   1562
0.015422292,0.403611501,0.,0.024915731,0.355884763,0.,               875P   1563
0.04353778,0.310927158,0.,0.06215983,0.265969553,0.,                 875P   1564
0.089194856,0.225508778,0.,0.116229881,0.185048003,0.,               875P   1565
0.150638942,0.150638942,0.,0.185048003,0.116229881,0.,               875P   1566
0.225508778,0.089194856,0.,0.265969553,0.06215983,0.,                875P   1567
0.310927158,0.04353778,0.,0.355884763,0.024915731,0.,                875P   1568
0.403611501,0.015422292,0.,0.451338239,0.005928854,0.,0.5,           875P   1569
0.005928854,0.,0.548661761,0.005928854,0.,0.596388499,               875P   1570
0.015422292,0.,0.644115237,0.024915731,0.,0.689072842,               875P   1571
0.04353778,0.,0.734030447,0.06215983,0.,0.774491222,                 875P   1572
0.089194856,0.,0.814951997,0.116229881,0.,0.849361058,               875P   1573
0.150638942,0.,0.883770119,0.185048003,0.,0.910805144,               875P   1574
0.225508778,0.,0.93784017,0.265969553,0.,0.95646222,                 875P   1575
0.310927158,0.,0.975084269,0.355884763,0.,0.984577708,               875P   1576
0.403611501,0.,0.994071146,0.451338239,0.,0.994071146,0.5,0.,        875P   1577
0.,1.,0.,0.,-1.;                                                     875P   1578
100,18.,0.,0.,-8.,0.,8.,0.;                                          877P   1579
102,2,871,875;                                                       879P   1580
102,2,873,877;                                                       881P   1581
142,1,869,879,881,1;                                                 883P   1582
126,32,2,1,0,1,0,0.,0.,0.,0.0625,0.0625,0.125,0.125,0.1875,          885P   1583
0.1875,0.25,0.25,0.3125,0.3125,0.375,0.375,0.4375,0.4375,0.5,        885P   1584
0.5,0.5625,0.5625,0.625,0.625,0.6875,0.6875,0.75,0.75,0.8125,        885P   1585
0.8125,0.875,0.875,0.9375,0.9375,1.,1.,1.,1.,1.,1.,1.,1.,1.,1.,      885P   1586
1.,1.,1.,1.,1.,1.,1.,1.,1.,1.,1.,1.,1.,1.,1.,1.,1.,1.,1.,1.,1.,      885P   1587
1.,1.,1.,1.,1.,0.87055336,0.5,0.,0.87055336,0.46350368,0.,           885P   1588
0.863433281,0.427708626,0.,0.856313202,0.391913572,0.,               885P   1589
0.842346665,0.358195368,0.,0.828380128,0.324477165,0.,               885P   1590
0.808103858,0.294131584,0.,0.787827589,0.263786002,0.,               885P   1591
0.762020793,0.237979207,0.,0.736213998,0.212172411,0.,               885P   1592
0.705868416,0.191896142,0.,0.675522835,0.171619872,0.,               885P   1593
0.641804632,0.157653335,0.,0.608086428,0.143686798,0.,               885P   1594
0.572291374,0.136566719,0.,0.53649632,0.12944664,0.,0.5,             885P   1595
0.12944664,0.,0.46350368,0.12944664,0.,0.427708626,0.136566719,      885P   1596
0.,0.391913572,0.143686798,0.,0.358195368,0.157653335,0.,            885P   1597
0.324477165,0.171619872,0.,0.294131584,0.191896142,0.,               885P   1598
0.263786002,0.212172411,0.,0.237979207,0.237979207,0.,               885P   1599
0.212172411,0.263786002,0.,0.191896142,0.294131584,0.,               885P   1600
0.171619872,0.324477165,0.,0.157653335,0.358195368,0.,               885P   1601
0.143686798,0.391913572,0.,0.136566719,0.427708626,0.,               885P   1602
0.12944664,0.46350368,0.,0.12944664,0.5,0.,0.,1.,0.,0.,1.;           885P   1603
124,1.,-7.105427357601E-15,0.,0.,-7.105427357601E-15,-1.,            887P   1604
6.98296267768627E-15,-1.25693328198353E-13,                          887P   1605
-4.96169340471387E-29,-6.98296267768627E-15,-1.,36.;                 887P   1606
100,18.,0.,0.,6.,0.,-6.,0.;                                          889P   1607
126,32,2,1,0,1,0,0.,0.,0.,0.0625,0.0625,0.125,0.125,0.1875,          891P   1608
0.1875,0.25,0.25,0.3125,0.3125,0.375,0.375,0.4375,0.4375,0.5,        891P   1609
0.5,0.5625,0.5625,0.625,0.625,0.6875,0.6875,0.75,0.75,0.8125,        891P   1610
0.8125,0.875,0.875,0.9375,0.9375,1.,1.,1.,1.,1.,1.,1.,1.,1.,1.,      891P   1611
1.,1.,1.,1.,1.,1.,1.,1.,1.,1.,1.,1.,1.,1.,1.,1.,1.,1.,1.,1.,1.,      891P   1612
1.,1.,1.,1.,1.,0.12944664,0.5,0.,0.12944664,0.53649632,0.,           891P   1613
0.136566719,0.572291374,0.,0.143686798,0.608086428,0.,               891P   1614
0.157653335,0.641804632,0.,0.171619872,0.675522835,0.,               891P   1615
0.191896142,0.705868416,0.,0.212172411,0.736213998,0.,               891P   1616
0.237979207,0.762020793,0.,0.263786002,0.787827589,0.,               891P   1617
0.294131584,0.808103858,0.,0.324477165,0.828380128,0.,               891P   1618
0.358195368,0.842346665,0.,0.391913572,0.856313202,0.,               891P   1619
0.427708626,0.863433281,0.,0.46350368,0.87055336,0.,0.5,             891P   1620
0.87055336,0.,0.53649632,0.87055336,0.,0.572291374,0.863433281,      891P   1621
0.,0.608086428,0.856313202,0.,0.641804632,0.842346665,0.,            891P   1622
0.675522835,0.828380128,0.,0.705868416,0.808103858,0.,               891P   1623
0.736213998,0.787827589,0.,0.762020793,0.762020793,0.,               891P   1624
0.787827589,0.736213998,0.,0.808103858,0.705868416,0.,               891P   1625
0.828380128,0.675522835,0.,0.842346665,0.641804632,0.,               891P   1626
0.856313202,0.608086428,0.,0.863433281,0.572291374,0.,               891P   1627
0.87055336,0.53649632,0.,0.87055336,0.5,0.,0.,1.,0.,0.,1.;           891P   1628
124,-1.,-7.22789203751574E-15,8.55166289179392E-31,                  893P   1629
-1.53929932052292E-29,-7.22789203751574E-15,1.,                      893P   1630
-6.98296267768627E-15,1.25693328198353E-13,                          893P   1631
4.96169340471387E-29,-6.98296267768627E-15,-1.,36.;                  893P   1632
100,18.,0.,0.,6.,0.,-6.,0.;                                          895P   1633
102,2,885,891;                                                       897P   1634
102,2,889,895;                                                       899P   1635
142,1,869,897,899,1;                                                 901P   1636
144,869,1,1,883,901;                                                 903P   1637
314,10.1960784313725,10.1960784313725,10.1960784313725,;             905P   1638
110,0.,0.,87.,0.,0.,-913.;                                           907P   1639
110,-6.,0.,87.,-6.,0.,18.;                                           909P   1640
120,907,909,0.,6.28318530717959;                                     911P   1641
126,1,1,1,0,1,0,0.,0.,1.,1.,1.,1.,1.,3.141592654,0.,0.,              913P   1642
3.141592654,0.,0.,1.,0.,0.,1.;                                       913P   1643
110,6.,0.,18.,6.,0.,87.;                                             915P   1644
126,1,1,1,0,1,0,0.,0.,1.,1.,1.,1.,0.,3.141592654,0.,0.,              917P   1645
6.283185307,0.,0.,1.,0.,0.,1.;                                       917P   1646
124,1.,-7.105427357601E-15,0.,0.,-7.105427357601E-15,-1.,            919P   1647
6.98296267768627E-15,-6.07517752958705E-13,                          919P   1648
-4.96169340471387E-29,-6.98296267768627E-15,-1.,174.;                919P   1649
100,87.,0.,0.,6.,0.,-6.,0.;                                          921P   1650
126,1,1,1,0,1,0,0.,0.,1.,1.,1.,1.,0.,6.283185307,0.,1.,              923P   1651
6.283185307,0.,0.,1.,0.,0.,1.;                                       923P   1652
110,-6.,0.,87.,-6.,0.,18.;                                           925P   1653
126,1,1,1,0,1,0,0.,0.,1.,1.,1.,1.,1.,6.283185307,0.,1.,              927P   1654
3.141592654,0.,0.,1.,0.,0.,1.;                                       927P   1655
100,18.,0.,0.,-6.,0.,6.,0.;                                          929P   1656
102,4,913,917,923,927;                                               931P   1657
102,4,915,921,925,929;                                               933P   1658
142,1,911,931,933,1;                                                 935P   1659
144,911,1,0,935;                                                     937P   1660
314,100.,100.,100.,;                                                 939P   1661
110,0.,0.,127.,0.,0.,-873.;                                          941P   1662
110,-8.5,0.,127.,-8.5,0.,87.2;                                       943P   1663
120,941,943,0.,6.28318530717959;                                     945P   1664
126,1,1,1,0,1,0,0.,0.,1.,1.,1.,1.,1.,3.141592654,0.,0.,              947P   1665
3.141592654,0.,0.,1.,0.,0.,1.;                                       947P   1666
110,8.5,0.,87.2,8.5,0.,127.;                                         949P   1667
126,1,1,1,0,1,0,0.,0.,1.,1.,1.,1.,0.,3.141592654,0.,0.,              951P   1668
6.283185307,0.,0.,1.,0.,0.,1.;                                       951P   1669
124,1.,-7.105427357601E-15,0.,0.,-7.105427357601E-15,-1.,            953P   1670
6.98296267768627E-15,-8.86836260066156E-13,                          953P   1671
-4.96169340471387E-29,-6.98296267768627E-15,-1.,254.;                953P   1672
100,127.,0.,0.,8.5,0.,-8.5,0.;                                       955P   1673
126,1,1,1,0,1,0,0.,0.,1.,1.,1.,1.,0.,6.283185307,0.,1.,              957P   1674
6.283185307,0.,0.,1.,0.,0.,1.;                                       957P   1675
110,-8.5,0.,127.,-8.5,0.,87.2;                                       959P   1676
126,1,1,1,0,1,0,0.,0.,1.,1.,1.,1.,1.,6.283185307,0.,1.,              961P   1677
3.141592654,0.,0.,1.,0.,0.,1.;                                       961P   1678
100,87.2,0.,0.,-8.5,0.,8.5,0.;                                       963P   1679
102,4,947,951,957,961;                                               965P   1680
102,4,949,955,959,963;                                               967P   1681
142,1,945,965,967,1;                                                 969P   1682
144,945,1,0,969;                                                     971P   1683
314,100.,100.,100.,;                                                 973P   1684
128,1,1,1,1,0,0,1,0,0,0.,0.,1.,1.,0.,0.,1.,1.,1.,1.,1.,1.,           975P   1685
-8.3996,-8.3996,87.,8.3996,-8.3996,87.,-8.3996,8.3996,87.,           975P   1686
8.3996,8.3996,87.,0.,1.,0.,1.;                                       975P   1687
126,32,2,1,0,1,0,0.,0.,0.,0.0625,0.0625,0.125,0.125,0.1875,          977P   1688
0.1875,0.25,0.25,0.3125,0.3125,0.375,0.375,0.4375,0.4375,0.5,        977P   1689
0.5,0.5625,0.5625,0.625,0.625,0.6875,0.6875,0.75,0.75,0.8125,        977P   1690
0.8125,0.875,0.875,0.9375,0.9375,1.,1.,1.,1.,1.,1.,1.,1.,1.,1.,      977P   1691
1.,1.,1.,1.,1.,1.,1.,1.,1.,1.,1.,1.,1.,1.,1.,1.,1.,1.,1.,1.,1.,      977P   1692
1.,1.,1.,1.,1.,0.994071146,0.5,0.,0.994071146,0.548661761,0.,        977P   1693
0.984577708,0.596388499,0.,0.975084269,0.644115237,0.,               977P   1694
0.95646222,0.689072842,0.,0.93784017,0.734030447,0.,                 977P   1695
0.910805144,0.774491222,0.,0.883770119,0.814951997,0.,               977P   1696
0.849361058,0.849361058,0.,0.814951997,0.883770119,0.,               977P   1697
0.774491222,0.910805144,0.,0.734030447,0.93784017,0.,                977P   1698
0.689072842,0.95646222,0.,0.644115237,0.975084269,0.,                977P   1699
0.596388499,0.984577708,0.,0.548661761,0.994071146,0.,0.5,           977P   1700
0.994071146,0.,0.451338239,0.994071146,0.,0.403611501,               977P   1701
0.984577708,0.,0.355884763,0.975084269,0.,0.310927158,               977P   1702
0.95646222,0.,0.265969553,0.93784017,0.,0.225508778,                 977P   1703
0.910805144,0.,0.185048003,0.883770119,0.,0.150638942,               977P   1704
0.849361058,0.,0.116229881,0.814951997,0.,0.089194856,               977P   1705
0.774491222,0.,0.06215983,0.734030447,0.,0.04353778,                 977P   1706
0.689072842,0.,0.024915731,0.644115237,0.,0.015422292,               977P   1707
0.596388499,0.,0.005928854,0.548661761,0.,0.005928854,0.5,0.,        977P   1708
0.,1.,0.,0.,-1.;                                                     977P   1709
100,87.,0.,0.,8.3,0.,-8.3,0.;                                        979P   1710
126,32,2,1,0,1,0,0.,0.,0.,0.0625,0.0625,0.125,0.125,0.1875,          981P   1711
0.1875,0.25,0.25,0.3125,0.3125,0.375,0.375,0.4375,0.4375,0.5,        981P   1712
0.5,0.5625,0.5625,0.625,0.625,0.6875,0.6875,0.75,0.75,0.8125,        981P   1713
0.8125,0.875,0.875,0.9375,0.9375,1.,1.,1.,1.,1.,1.,1.,1.,1.,1.,      981P   1714
1.,1.,1.,1.,1.,1.,1.,1.,1.,1.,1.,1.,1.,1.,1.,1.,1.,1.,1.,1.,1.,      981P   1715
1.,1.,1.,1.,1.,0.005928854,0.5,0.,0.005928854,0.451338239,0.,        981P   1716
0.015422292,0.403611501,0.,0.024915731,0.355884763,0.,               981P   1717
0.04353778,0.310927158,0.,0.06215983,0.265969553,0.,                 981P   1718
0.089194856,0.225508778,0.,0.116229881,0.185048003,0.,               981P   1719
0.150638942,0.150638942,0.,0.185048003,0.116229881,0.,               981P   1720
0.225508778,0.089194856,0.,0.265969553,0.06215983,0.,                981P   1721
0.310927158,0.04353778,0.,0.355884763,0.024915731,0.,                981P   1722
0.403611501,0.015422292,0.,0.451338239,0.005928854,0.,0.5,           981P   1723
0.005928854,0.,0.548661761,0.005928854,0.,0.596388499,               981P   1724
0.015422292,0.,0.644115237,0.024915731,0.,0.689072842,               981P   1725
0.04353778,0.,0.734030447,0.06215983,0.,0.774491222,                 981P   1726
0.089194856,0.,0.814951997,0.116229881,0.,0.849361058,               981P   1727
0.150638942,0.,0.883770119,0.185048003,0.,0.910805144,               981P   1728
0.225508778,0.,0.93784017,0.265969553,0.,0.95646222,                 981P   1729
0.310927158,0.,0.975084269,0.355884763,0.,0.984577708,               981P   1730
0.403611501,0.,0.994071146,0.451338239,0.,0.994071146,0.5,0.,        981P   1731
0.,1.,0.,0.,-1.;                                                     981P   1732
100,87.,0.,0.,-8.3,0.,8.3,0.;                                        983P   1733
102,2,977,981;                                                       985P   1734
102,2,979,983;                                                       987P   1735
142,1,975,985,987,1;                                                 989P   1736
126,32,2,1,0,1,0,0.,0.,0.,0.0625,0.0625,0.125,0.125,0.1875,          991P   1737
0.1875,0.25,0.25,0.3125,0.3125,0.375,0.375,0.4375,0.4375,0.5,        991P   1738
0.5,0.5625,0.5625,0.625,0.625,0.6875,0.6875,0.75,0.75,0.8125,        991P   1739
0.8125,0.875,0.875,0.9375,0.9375,1.,1.,1.,1.,1.,1.,1.,1.,1.,1.,      991P   1740
1.,1.,1.,1.,1.,1.,1.,1.,1.,1.,1.,1.,1.,1.,1.,1.,1.,1.,1.,1.,1.,      991P   1741
1.,1.,1.,1.,1.,0.142840135,0.5,0.,0.142840135,0.535177176,0.,        991P   1742
0.149702862,0.569678433,0.,0.156565589,0.60417969,0.,                991P   1743
0.170027311,0.636679163,0.,0.183489034,0.669178636,0.,               991P   1744
0.203032426,0.698427389,0.,0.222575818,0.727676142,0.,               991P   1745
0.247449838,0.752550162,0.,0.272323858,0.777424182,0.,               991P   1746
0.301572611,0.796967574,0.,0.330821364,0.816510966,0.,               991P   1747
0.363320837,0.829972689,0.,0.39582031,0.843434411,0.,                991P   1748
0.430321567,0.850297138,0.,0.464822824,0.857159865,0.,0.5,           991P   1749
0.857159865,0.,0.535177176,0.857159865,0.,0.569678433,               991P   1750
0.850297138,0.,0.60417969,0.843434411,0.,0.636679163,                991P   1751
0.829972689,0.,0.669178636,0.816510966,0.,0.698427389,               991P   1752
0.796967574,0.,0.727676142,0.777424182,0.,0.752550162,               991P   1753
0.752550162,0.,0.777424182,0.727676142,0.,0.796967574,               991P   1754
0.698427389,0.,0.816510966,0.669178636,0.,0.829972689,               991P   1755
0.636679163,0.,0.843434411,0.60417969,0.,0.850297138,                991P   1756
0.569678433,0.,0.857159865,0.535177176,0.,0.857159865,0.5,0.,        991P   1757
0.,1.,0.,0.,1.;                                                      991P   1758
124,-1.,-7.22789203751574E-15,8.55166289179392E-31,                  993P   1759
-7.4399467158607E-29,-7.22789203751574E-15,1.,                       993P   1760
-6.98296267768627E-15,6.07517752958705E-13,                          993P   1761
4.96169340471387E-29,-6.98296267768627E-15,-1.,174.;                 993P   1762
100,87.,0.,0.,6.,0.,-6.,0.;                                          995P   1763
126,32,2,1,0,1,0,0.,0.,0.,0.0625,0.0625,0.125,0.125,0.1875,          997P   1764
0.1875,0.25,0.25,0.3125,0.3125,0.375,0.375,0.4375,0.4375,0.5,        997P   1765
0.5,0.5625,0.5625,0.625,0.625,0.6875,0.6875,0.75,0.75,0.8125,        997P   1766
0.8125,0.875,0.875,0.9375,0.9375,1.,1.,1.,1.,1.,1.,1.,1.,1.,1.,      997P   1767
1.,1.,1.,1.,1.,1.,1.,1.,1.,1.,1.,1.,1.,1.,1.,1.,1.,1.,1.,1.,1.,      997P   1768
1.,1.,1.,1.,1.,0.857159865,0.5,0.,0.857159865,0.464822824,0.,        997P   1769
0.850297138,0.430321567,0.,0.843434411,0.39582031,0.,                997P   1770
0.829972689,0.363320837,0.,0.816510966,0.330821364,0.,               997P   1771
0.796967574,0.301572611,0.,0.777424182,0.272323858,0.,               997P   1772
0.752550162,0.247449838,0.,0.727676142,0.222575818,0.,               997P   1773
0.698427389,0.203032426,0.,0.669178636,0.183489034,0.,               997P   1774
0.636679163,0.170027311,0.,0.60417969,0.156565589,0.,                997P   1775
0.569678433,0.149702862,0.,0.535177176,0.142840135,0.,0.5,           997P   1776
0.142840135,0.,0.464822824,0.142840135,0.,0.430321567,               997P   1777
0.149702862,0.,0.39582031,0.156565589,0.,0.363320837,                997P   1778
0.170027311,0.,0.330821364,0.183489034,0.,0.301572611,               997P   1779
0.203032426,0.,0.272323858,0.222575818,0.,0.247449838,               997P   1780
0.247449838,0.,0.222575818,0.272323858,0.,0.203032426,               997P   1781
0.301572611,0.,0.183489034,0.330821364,0.,0.170027311,               997P   1782
0.363320837,0.,0.156565589,0.39582031,0.,0.149702862,                997P   1783
0.430321567,0.,0.142840135,0.464822824,0.,0.142840135,0.5,0.,        997P   1784
0.,1.,0.,0.,1.;                                                      997P   1785
124,1.,-7.105427357601E-15,0.,0.,-7.105427357601E-15,-1.,            999P   1786
6.98296267768627E-15,-6.07517752958705E-13,                          999P   1787
-4.96169340471387E-29,-6.98296267768627E-15,-1.,174.;                999P   1788
100,87.,0.,0.,6.,0.,-6.,0.;                                         1001P   1789
102,2,991,997;                                                      1003P   1790
102,2,995,1001;                                                     1005P   1791
142,1,975,1003,1005,1;                                              1007P   1792
144,975,1,1,989,1007;                                               1009P   1793
110,0.,0.,1127.,0.,0.,127.;                                         1011P   1794
110,4.192664568,0.,138.834306837,8.5,0.,127.;                       1013P   1795
120,1011,1013,0.,6.28318530717959;                                  1015P   1796
126,1,1,1,0,1,0,0.,0.,1.,1.,1.,1.,1.,3.141592654,0.,0.,             1017P   1797
3.141592654,0.,0.,1.,0.,0.,1.;                                      1017P   1798
110,-8.5,0.,127.,-4.192664568,0.,138.834306837;                     1019P   1799
126,1,1,1,0,1,0,0.,0.,1.,1.,1.,1.,0.,3.141592654,0.,0.,             1021P   1800
6.283185307,0.,0.,1.,0.,0.,1.;                                      1021P   1801
124,-1.,-6.98296267768627E-15,0.,-1.40129846432482E-42,             1023P   1802
-6.98296267768627E-15,1.,-6.98296267768627E-15,                     1023P   1803
9.69474783027887E-13,4.87617677579594E-29,                          1023P   1804
-6.98296267768627E-15,-1.,277.668613674766;                         1023P   1805
100,138.834306837,0.,0.,4.192664568,0.,-4.192664568,0.;             1025P   1806
126,1,1,1,0,1,0,0.,0.,1.,1.,1.,1.,0.,6.283185307,0.,1.,             1027P   1807
6.283185307,0.,0.,1.,0.,0.,1.;                                      1027P   1808
110,4.192664568,0.,138.834306837,8.5,0.,127.;                       1029P   1809
126,1,1,1,0,1,0,0.,0.,1.,1.,1.,1.,1.,6.283185307,0.,1.,             1031P   1810
3.141592654,0.,0.,1.,0.,0.,1.;                                      1031P   1811
100,127.,0.,0.,8.5,0.,-8.5,0.;                                      1033P   1812
102,4,1017,1021,1027,1031;                                          1035P   1813
102,4,1019,1025,1029,1033;                                          1037P   1814
142,1,1015,1035,1037,1;                                             1039P   1815
144,1015,1,0,1039;                                                  1041P   1816
110,0.,0.,147.,0.,0.,-853.;                                         1043P   1817
110,-4.132357189,0.,147.,-4.132357189,0.,139.176326981;             1045P   1818
120,1043,1045,0.,6.28318530717959;                                  1047P   1819
126,1,1,1,0,1,0,0.,0.,1.,1.,1.,1.,1.,3.141592654,0.,0.,             1049P   1820
3.141592654,0.,0.,1.,0.,0.,1.;                                      1049P   1821
110,4.132357189,0.,139.176326981,4.132357189,0.,147.;               1051P   1822
126,1,1,1,0,1,0,0.,0.,1.,1.,1.,1.,0.,3.141592654,0.,0.,             1053P   1823
6.283185307,0.,0.,1.,0.,0.,1.;                                      1053P   1824
124,1.,-7.105427357601E-15,0.,0.,-7.105427357601E-15,-1.,           1055P   1825
6.98296267768627E-15,-1.02649551361988E-12,                         1055P   1826
-4.96169340471387E-29,-6.98296267768627E-15,-1.,294.;               1055P   1827
100,147.,0.,0.,4.132357189,0.,-4.132357189,0.;                      1057P   1828
126,1,1,1,0,1,0,0.,0.,1.,1.,1.,1.,0.,6.283185307,0.,1.,             1059P   1829
6.283185307,0.,0.,1.,0.,0.,1.;                                      1059P   1830
110,-4.132357189,0.,147.,-4.132357189,0.,139.176326981;             1061P   1831
126,1,1,1,0,1,0,0.,0.,1.,1.,1.,1.,1.,6.283185307,0.,1.,             1063P   1832
3.141592654,0.,0.,1.,0.,0.,1.;                                      1063P   1833
100,139.176326981,0.,0.,-4.132357189,0.,4.132357189,0.;             1065P   1834
102,4,1049,1053,1059,1063;                                          1067P   1835
102,4,1051,1057,1061,1065;                                          1069P   1836
142,1,1047,1067,1069,1;                                             1071P   1837
144,1047,1,0,1071;                                                  1073P   1838
128,1,1,1,1,0,0,1,0,0,0.,0.,1.,1.,0.,0.,1.,1.,1.,1.,1.,1.,          1075P   1839
-4.181945475,-4.181945475,147.,4.181945475,-4.181945475,147.,       1075P   1840
-4.181945475,4.181945475,147.,4.181945475,4.181945475,147.,0.,      1075P   1841
1.,0.,1.;                                                           1075P   1842
126,32,2,1,0,1,0,0.,0.,0.,0.0625,0.0625,0.125,0.125,0.1875,         1077P   1843
0.1875,0.25,0.25,0.3125,0.3125,0.375,0.375,0.4375,0.4375,0.5,       1077P   1844
0.5,0.5625,0.5625,0.625,0.625,0.6875,0.6875,0.75,0.75,0.8125,       1077P   1845
0.8125,0.875,0.875,0.9375,0.9375,1.,1.,1.,1.,1.,1.,1.,1.,1.,1.,     1077P   1846
1.,1.,1.,1.,1.,1.,1.,1.,1.,1.,1.,1.,1.,1.,1.,1.,1.,1.,1.,1.,1.,     1077P   1847
1.,1.,1.,1.,1.,0.005928854,0.5,0.,0.005928854,0.451338239,0.,       1077P   1848
0.015422292,0.403611501,0.,0.024915731,0.355884763,0.,              1077P   1849
0.04353778,0.310927158,0.,0.06215983,0.265969553,0.,                1077P   1850
0.089194856,0.225508778,0.,0.116229881,0.185048003,0.,              1077P   1851
0.150638942,0.150638942,0.,0.185048003,0.116229881,0.,              1077P   1852
0.225508778,0.089194856,0.,0.265969553,0.06215983,0.,               1077P   1853
0.310927158,0.04353778,0.,0.355884763,0.024915731,0.,               1077P   1854
0.403611501,0.015422292,0.,0.451338239,0.005928854,0.,0.5,          1077P   1855
0.005928854,0.,0.548661761,0.005928854,0.,0.596388499,              1077P   1856
0.015422292,0.,0.644115237,0.024915731,0.,0.689072842,              1077P   1857
0.04353778,0.,0.734030447,0.06215983,0.,0.774491222,                1077P   1858
0.089194856,0.,0.814951997,0.116229881,0.,0.849361058,              1077P   1859
0.150638942,0.,0.883770119,0.185048003,0.,0.910805144,              1077P   1860
0.225508778,0.,0.93784017,0.265969553,0.,0.95646222,                1077P   1861
0.310927158,0.,0.975084269,0.355884763,0.,0.984577708,              1077P   1862
0.403611501,0.,0.994071146,0.451338239,0.,0.994071146,0.5,0.,       1077P   1863
0.,1.,0.,0.,-1.;                                                    1077P   1864
100,147.,0.,0.,-4.132357189,0.,4.132357189,0.;                      1079P   1865
126,32,2,1,0,1,0,0.,0.,0.,0.0625,0.0625,0.125,0.125,0.1875,         1081P   1866
0.1875,0.25,0.25,0.3125,0.3125,0.375,0.375,0.4375,0.4375,0.5,       1081P   1867
0.5,0.5625,0.5625,0.625,0.625,0.6875,0.6875,0.75,0.75,0.8125,       1081P   1868
0.8125,0.875,0.875,0.9375,0.9375,1.,1.,1.,1.,1.,1.,1.,1.,1.,1.,     1081P   1869
1.,1.,1.,1.,1.,1.,1.,1.,1.,1.,1.,1.,1.,1.,1.,1.,1.,1.,1.,1.,1.,     1081P   1870
1.,1.,1.,1.,1.,0.994071146,0.5,0.,0.994071146,0.548661761,0.,       1081P   1871
0.984577708,0.596388499,0.,0.975084269,0.644115237,0.,              1081P   1872
0.95646222,0.689072842,0.,0.93784017,0.734030447,0.,                1081P   1873
0.910805144,0.774491222,0.,0.883770119,0.814951997,0.,              1081P   1874
0.849361058,0.849361058,0.,0.814951997,0.883770119,0.,              1081P   1875
0.774491222,0.910805144,0.,0.734030447,0.93784017,0.,               1081P   1876
0.689072842,0.95646222,0.,0.644115237,0.975084269,0.,               1081P   1877
0.596388499,0.984577708,0.,0.548661761,0.994071146,0.,0.5,          1081P   1878
0.994071146,0.,0.451338239,0.994071146,0.,0.403611501,              1081P   1879
0.984577708,0.,0.355884763,0.975084269,0.,0.310927158,              1081P   1880
0.95646222,0.,0.265969553,0.93784017,0.,0.225508778,                1081P   1881
0.910805144,0.,0.185048003,0.883770119,0.,0.150638942,              1081P   1882
0.849361058,0.,0.116229881,0.814951997,0.,0.089194856,              1081P   1883
0.774491222,0.,0.06215983,0.734030447,0.,0.04353778,                1081P   1884
0.689072842,0.,0.024915731,0.644115237,0.,0.015422292,              1081P   1885
0.596388499,0.,0.005928854,0.548661761,0.,0.005928854,0.5,0.,       1081P   1886
0.,1.,0.,0.,-1.;                                                    1081P   1887
100,147.,0.,0.,4.132357189,0.,-4.132357189,0.;                      1083P   1888
102,2,1077,1081;                                                    1085P   1889
102,2,1079,1083;                                                    1087P   1890
142,1,1075,1085,1087,1;                                             1089P   1891
126,32,2,1,0,1,0,0.,0.,0.,0.0625,0.0625,0.125,0.125,0.1875,         1091P   1892
0.1875,0.25,0.25,0.3125,0.3125,0.375,0.375,0.4375,0.4375,0.5,       1091P   1893
0.5,0.5625,0.5625,0.625,0.625,0.6875,0.6875,0.75,0.75,0.8125,       1091P   1894
0.8125,0.875,0.875,0.9375,0.9375,1.,1.,1.,1.,1.,1.,1.,1.,1.,1.,     1091P   1895
1.,1.,1.,1.,1.,1.,1.,1.,1.,1.,1.,1.,1.,1.,1.,1.,1.,1.,1.,1.,1.,     1091P   1896
1.,1.,1.,1.,1.,0.888285796,0.358334173,0.,0.883568192,              1091P   1897
0.319481486,0.,0.871460321,0.282659446,0.,0.859230737,              1091P   1898
0.245467259,0.,0.839888206,0.211639253,0.,0.820575418,              1091P   1899
0.177863266,0.,0.794865869,0.148650583,0.,0.76905198,               1091P   1900
0.119319341,0.,0.737769781,0.095697189,0.,0.706755808,              1091P   1901
0.072277583,0.,0.671579211,0.055384093,0.,0.636415555,              1091P   1902
0.038496817,0.,0.598495182,0.028803439,0.,0.560675445,              1091P   1903
0.019135786,0.,0.521633487,0.017012394,0.,0.482755911,              1091P   1904
0.014897942,0.,0.444222941,0.020349579,0.,0.405438079,              1091P   1905
0.025836853,0.,0.368565436,0.038767511,0.,0.331798777,              1091P   1906
0.051661003,0.,0.298403997,0.071440593,0.,0.264691806,              1091P   1907
0.091408183,0.,0.235758257,0.117598358,0.,0.206818885,              1091P   1908
0.143793806,0.,0.183782643,0.175201592,0.,0.160736224,              1091P   1909
0.206623255,0.,0.14445224,0.242102417,0.,0.128191163,               1091P   1910
0.277531667,0.,0.119248687,0.315758686,0.,0.110431196,              1091P   1911
0.353451427,0.,0.109032167,0.392571012,0.,0.107638687,              1091P   1912
0.431535423,0.,0.113650814,0.47051415,0.,0.,1.,0.,0.,1.;            1091P   1913
126,9,3,1,0,1,0,0.,0.,0.,0.,0.25,0.25,0.5,0.5,0.75,0.75,1.,1.,      1093P   1914
1.,1.,1.,1.,1.,1.,1.,1.,1.,1.,1.,1.,3.247580058,-1.18487753,        1093P   1915
147.,3.142041604,-2.054058544,147.,2.679475944,-2.859903721,        1093P   1916
147.,1.297885094,-3.903185521,147.,0.389736465,-4.132885841,        1093P   1917
147.,-1.322762948,-3.890601794,147.,-2.126762493,-3.422884951,      1093P   1918
147.,-3.162852482,-2.010271977,147.,-3.364227138,-1.107895123,      1093P   1919
147.,-3.231382464,-0.246616436,147.,0.,1.,0.,0.,1.;                 1093P   1920
126,32,2,1,0,1,0,0.,0.,0.,0.0625,0.0625,0.125,0.125,0.1875,         1095P   1921
0.1875,0.25,0.25,0.3125,0.3125,0.375,0.375,0.4375,0.4375,0.5,       1095P   1922
0.5,0.5625,0.5625,0.625,0.625,0.6875,0.6875,0.75,0.75,0.8125,       1095P   1923
0.8125,0.875,0.875,0.9375,0.9375,1.,1.,1.,1.,1.,1.,1.,1.,1.,1.,     1095P   1924
1.,1.,1.,1.,1.,1.,1.,1.,1.,1.,1.,1.,1.,1.,1.,1.,1.,1.,1.,1.,1.,     1095P   1925
1.,1.,1.,1.,1.,0.113650814,0.47051415,0.,0.119596106,               1095P   1926
0.509059572,0.,0.132548347,0.546120993,0.,0.145395363,              1095P   1927
0.582881325,0.,0.164609051,0.616677047,0.,0.183985816,              1095P   1928
0.650759613,0.,0.209040558,0.6804224,0.,0.234336191,                1095P   1929
0.710370383,0.,0.26442634,0.73463234,0.,0.294966944,                1095P   1930
0.759257503,0.,0.329297416,0.777097072,0.,0.36412555,               1095P   1931
0.795195247,0.,0.401545861,0.805631636,0.,0.439123314,              1095P   1932
0.816111851,0.,0.477878085,0.818466627,0.,0.516933654,              1095P   1933
0.82083968,0.,0.555656161,0.814869352,0.,0.594050649,               1095P   1934
0.808949599,0.,0.630632913,0.79505409,0.,0.666940777,               1095P   1935
0.78126281,0.,0.700096143,0.760132622,0.,0.732852745,               1095P   1936
0.739256568,0.,0.761315852,0.711992144,0.,0.789256111,              1095P   1937
0.685228549,0.,0.812003631,0.653322292,0.,0.834666686,              1095P   1938
0.621534507,0.,0.851267181,0.585922324,0.,0.867845651,              1095P   1939
0.550357391,0.,0.877685673,0.51246322,0.,0.887533088,               1095P   1940
0.474540581,0.,0.890229733,0.435818448,0.,0.892950446,              1095P   1941
0.396750735,0.,0.888285796,0.358334173,0.,0.,1.,0.,0.,1.;           1095P   1942
126,9,3,1,0,1,0,0.,0.,0.,0.,0.25,0.25,0.5,0.5,0.75,0.75,1.,1.,      1097P   1943
1.,1.,1.,1.,1.,1.,1.,1.,1.,1.,1.,1.,-3.231382464,-0.246616436,      1097P   1944
147.,-3.09859819,0.614270652,147.,-2.651188143,1.413443085,         1097P   1945
147.,-1.289436658,2.51143553,147.,-0.389977346,2.765432772,         1097P   1946
147.,1.320981471,2.501633079,147.,2.105560126,1.989300232,147.,     1097P   1947
3.113568568,0.575441623,147.,3.353070527,-0.316091709,147.,         1097P   1948
3.247580058,-1.18487753,147.,0.,1.,0.,0.,1.;                        1097P   1949
102,2,1091,1095;                                                    1099P   1950
102,2,1093,1097;                                                    1101P   1951
142,1,1075,1099,1101,1;                                             1103P   1952
144,1075,1,1,1089,1103;                                             1105P   1953
314,100.,100.,100.,;                                                1107P   1954
110,0.,0.012441603,12.,0.,0.012441603,-988.;                        1109P   1955
110,-9.319608356,0.012441603,12.,-9.319608356,0.012441603,0.;       1111P   1956
120,1109,1111,0.,6.28318530717959;                                  1113P   1957
126,1,1,1,0,1,0,0.,0.,1.,1.,1.,1.,1.,3.141592654,0.,1.,0.,0.,       1115P   1958
0.,1.,0.,0.,1.;                                                     1115P   1959
100,0.,0.,0.012441603,9.319608356,0.012441603,-9.319608356,         1117P   1960
0.012441603;                                                        1117P   1961
126,1,1,1,0,1,0,0.,0.,1.,1.,1.,1.,1.,0.,0.,0.,0.,0.,0.,1.,0.,       1119P   1962
0.,1.;                                                              1119P   1963
110,-9.319608356,0.012441603,0.,-9.319608356,0.012441603,12.;       1121P   1964
126,1,1,1,0,1,0,0.,0.,1.,1.,1.,1.,0.,0.,0.,0.,3.141592654,0.,       1123P   1965
0.,1.,0.,0.,1.;                                                     1123P   1966
124,-1.,-7.22799452221947E-15,8.55524112609991E-31,                 1125P   1967
8.99278355994694E-17,-7.22799452221947E-15,1.,                      1125P   1968
-6.98296267768627E-15,8.3795828858497E-14,4.96172918705693E-29,     1125P   1969
-6.98296267768627E-15,-1.,24.;                                      1125P   1970
100,12.,0.,0.012441603,9.319608356,0.012441603,-9.319608356,        1127P   1971
0.012441603;                                                        1127P   1972
126,1,1,1,0,1,0,0.,0.,1.,1.,1.,1.,0.,3.141592654,0.,1.,             1129P   1973
3.141592654,0.,0.,1.,0.,0.,1.;                                      1129P   1974
110,9.319608356,0.012441603,12.,9.319608356,0.012441603,0.;         1131P   1975
102,4,1115,1119,1123,1129;                                          1133P   1976
102,4,1117,1121,1127,1131;                                          1135P   1977
142,1,1113,1133,1135,1;                                             1137P   1978
144,1113,1,0,1137;                                                  1139P   1979
314,100.,100.,100.,;                                                1141P   1980
128,1,1,1,1,0,0,1,0,0,0.,0.,1.,1.,0.,0.,1.,1.,1.,1.,1.,1.,          1143P   1981
9.431443656,-9.419002054,12.,-9.431443656,-9.419002054,12.,         1143P   1982
9.431443656,9.443885259,12.,-9.431443656,9.443885259,12.,0.,1.,     1143P   1983
0.,1.;                                                              1143P   1984
126,32,2,1,0,1,0,0.,0.,0.,0.0625,0.0625,0.125,0.125,0.1875,         1145P   1985
0.1875,0.25,0.25,0.3125,0.3125,0.375,0.375,0.4375,0.4375,0.5,       1145P   1986
0.5,0.5625,0.5625,0.625,0.625,0.6875,0.6875,0.75,0.75,0.8125,       1145P   1987
0.8125,0.875,0.875,0.9375,0.9375,1.,1.,1.,1.,1.,1.,1.,1.,1.,1.,     1145P   1988
1.,1.,1.,1.,1.,1.,1.,1.,1.,1.,1.,1.,1.,1.,1.,1.,1.,1.,1.,1.,1.,     1145P   1989
1.,1.,1.,1.,1.,0.994071146,0.5,0.,0.994071146,0.548661761,0.,       1145P   1990
0.984577708,0.596388499,0.,0.975084269,0.644115237,0.,              1145P   1991
0.95646222,0.689072842,0.,0.93784017,0.734030447,0.,                1145P   1992
0.910805144,0.774491222,0.,0.883770119,0.814951997,0.,              1145P   1993
0.849361058,0.849361058,0.,0.814951997,0.883770119,0.,              1145P   1994
0.774491222,0.910805144,0.,0.734030447,0.93784017,0.,               1145P   1995
0.689072842,0.95646222,0.,0.644115237,0.975084269,0.,               1145P   1996
0.596388499,0.984577708,0.,0.548661761,0.994071146,0.,0.5,          1145P   1997
0.994071146,0.,0.451338239,0.994071146,0.,0.403611501,              1145P   1998
0.984577708,0.,0.355884763,0.975084269,0.,0.310927158,              1145P   1999
0.95646222,0.,0.265969553,0.93784017,0.,0.225508778,                1145P   2000
0.910805144,0.,0.185048003,0.883770119,0.,0.150638942,              1145P   2001
0.849361058,0.,0.116229881,0.814951997,0.,0.089194856,              1145P   2002
0.774491222,0.,0.06215983,0.734030447,0.,0.04353778,                1145P   2003
0.689072842,0.,0.024915731,0.644115237,0.,0.015422292,              1145P   2004
0.596388499,0.,0.005928854,0.548661761,0.,0.005928854,0.5,0.,       1145P   2005
0.,1.,0.,0.,-1.;                                                    1145P   2006
124,-1.,-7.22799452221947E-15,8.55524112609991E-31,                 1147P   2007
8.99278355994694E-17,-7.22799452221947E-15,1.,                      1147P   2008
-6.98296267768627E-15,8.3795828858497E-14,4.96172918705693E-29,     1147P   2009
-6.98296267768627E-15,-1.,24.;                                      1147P   2010
100,12.,0.,0.012441603,9.319608356,0.012441603,-9.319608356,        1149P   2011
0.012441603;                                                        1149P   2012
126,32,2,1,0,1,0,0.,0.,0.,0.0625,0.0625,0.125,0.125,0.1875,         1151P   2013
0.1875,0.25,0.25,0.3125,0.3125,0.375,0.375,0.4375,0.4375,0.5,       1151P   2014
0.5,0.5625,0.5625,0.625,0.625,0.6875,0.6875,0.75,0.75,0.8125,       1151P   2015
0.8125,0.875,0.875,0.9375,0.9375,1.,1.,1.,1.,1.,1.,1.,1.,1.,1.,     1151P   2016
1.,1.,1.,1.,1.,1.,1.,1.,1.,1.,1.,1.,1.,1.,1.,1.,1.,1.,1.,1.,1.,     1151P   2017
1.,1.,1.,1.,1.,0.005928854,0.5,0.,0.005928854,0.451338239,0.,       1151P   2018
0.015422292,0.403611501,0.,0.024915731,0.355884763,0.,              1151P   2019
0.04353778,0.310927158,0.,0.06215983,0.265969553,0.,                1151P   2020
0.089194856,0.225508778,0.,0.116229881,0.185048003,0.,              1151P   2021
0.150638942,0.150638942,0.,0.185048003,0.116229881,0.,              1151P   2022
0.225508778,0.089194856,0.,0.265969553,0.06215983,0.,               1151P   2023
0.310927158,0.04353778,0.,0.355884763,0.024915731,0.,               1151P   2024
0.403611501,0.015422292,0.,0.451338239,0.005928854,0.,0.5,          1151P   2025
0.005928854,0.,0.548661761,0.005928854,0.,0.596388499,              1151P   2026
0.015422292,0.,0.644115237,0.024915731,0.,0.689072842,              1151P   2027
0.04353778,0.,0.734030447,0.06215983,0.,0.774491222,                1151P   2028
0.089194856,0.,0.814951997,0.116229881,0.,0.849361058,              1151P   2029
0.150638942,0.,0.883770119,0.185048003,0.,0.910805144,              1151P   2030
0.225508778,0.,0.93784017,0.265969553,0.,0.95646222,                1151P   2031
0.310927158,0.,0.975084269,0.355884763,0.,0.984577708,              1151P   2032
0.403611501,0.,0.994071146,0.451338239,0.,0.994071146,0.5,0.,       1151P   2033
0.,1.,0.,0.,-1.;                                                    1151P   2034
124,1.,-7.105427357601E-15,0.,8.84029036427909E-17,                 1153P   2035
-7.105427357601E-15,-1.,6.98296267768627E-15,                       1153P   2036
0.0248832052439251,-4.96169340471387E-29,-6.98296267768627E-15,     1153P   2037
-1.,24.;                                                            1153P   2038
100,12.,0.,0.012441603,9.319608356,0.012441603,-9.319608356,        1155P   2039
0.012441603;                                                        1155P   2040
102,2,1145,1151;                                                    1157P   2041
102,2,1149,1155;                                                    1159P   2042
142,1,1143,1157,1159,1;                                             1161P   2043
126,32,2,1,0,1,0,0.,0.,0.,0.0625,0.0625,0.125,0.125,0.1875,         1163P   2044
0.1875,0.25,0.25,0.3125,0.3125,0.375,0.375,0.4375,0.4375,0.5,       1163P   2045
0.5,0.5625,0.5625,0.625,0.625,0.6875,0.6875,0.75,0.75,0.8125,       1163P   2046
0.8125,0.875,0.875,0.9375,0.9375,1.,1.,1.,1.,1.,1.,1.,1.,1.,1.,     1163P   2047
1.,1.,1.,1.,1.,1.,1.,1.,1.,1.,1.,1.,1.,1.,1.,1.,1.,1.,1.,1.,1.,     1163P   2048
1.,1.,1.,1.,1.,0.18191508,0.499340419,0.,0.18191508,                1163P   2049
0.530669049,0.,0.188026993,0.561395708,0.,0.194138905,              1163P   2050
0.592122368,0.,0.206127853,0.621066248,0.,0.218116801,              1163P   2051
0.650010128,0.,0.235522055,0.676058932,0.,0.252927309,              1163P   2052
0.702107736,0.,0.275079996,0.724260423,0.,0.297232683,              1163P   2053
0.74641311,0.,0.323281487,0.763818364,0.,0.349330291,               1163P   2054
0.781223618,0.,0.378274171,0.793212566,0.,0.407218051,              1163P   2055
0.805201514,0.,0.437944711,0.811313426,0.,0.46867137,               1163P   2056
0.817425339,0.,0.5,0.817425339,0.,0.53132863,0.817425339,0.,        1163P   2057
0.562055289,0.811313426,0.,0.592781949,0.805201514,0.,              1163P   2058
0.621725829,0.793212566,0.,0.650669709,0.781223618,0.,              1163P   2059
0.676718513,0.763818364,0.,0.702767317,0.74641311,0.,               1163P   2060
0.724920004,0.724260423,0.,0.747072691,0.702107736,0.,              1163P   2061
0.764477945,0.676058932,0.,0.781883199,0.650010128,0.,              1163P   2062
0.793872147,0.621066248,0.,0.805861095,0.592122368,0.,              1163P   2063
0.811973007,0.561395708,0.,0.81808492,0.530669049,0.,               1163P   2064
0.81808492,0.499340419,0.,0.,1.,0.,0.,1.;                           1163P   2065
100,12.,0.,0.,6.,0.,-6.,0.;                                         1165P   2066
126,32,2,1,0,1,0,0.,0.,0.,0.0625,0.0625,0.125,0.125,0.1875,         1167P   2067
0.1875,0.25,0.25,0.3125,0.3125,0.375,0.375,0.4375,0.4375,0.5,       1167P   2068
0.5,0.5625,0.5625,0.625,0.625,0.6875,0.6875,0.75,0.75,0.8125,       1167P   2069
0.8125,0.875,0.875,0.9375,0.9375,1.,1.,1.,1.,1.,1.,1.,1.,1.,1.,     1167P   2070
1.,1.,1.,1.,1.,1.,1.,1.,1.,1.,1.,1.,1.,1.,1.,1.,1.,1.,1.,1.,1.,     1167P   2071
1.,1.,1.,1.,1.,0.81808492,0.499340419,0.,0.81808492,                1167P   2072
0.468011789,0.,0.811973007,0.43728513,0.,0.805861095,               1167P   2073
0.40655847,0.,0.793872147,0.37761459,0.,0.781883199,0.34867071,     1167P   2074
0.,0.764477945,0.322621906,0.,0.747072691,0.296573102,0.,           1167P   2075
0.724920004,0.274420415,0.,0.702767317,0.252267728,0.,              1167P   2076
0.676718513,0.234862474,0.,0.650669709,0.21745722,0.,               1167P   2077
0.621725829,0.205468272,0.,0.592781949,0.193479324,0.,              1167P   2078
0.562055289,0.187367412,0.,0.53132863,0.181255499,0.,0.5,           1167P   2079
0.181255499,0.,0.46867137,0.181255499,0.,0.437944711,               1167P   2080
0.187367412,0.,0.407218051,0.193479324,0.,0.378274171,              1167P   2081
0.205468272,0.,0.349330291,0.21745722,0.,0.323281487,               1167P   2082
0.234862474,0.,0.297232683,0.252267728,0.,0.275079996,              1167P   2083
0.274420415,0.,0.252927309,0.296573102,0.,0.235522055,              1167P   2084
0.322621906,0.,0.218116801,0.34867071,0.,0.206127853,               1167P   2085
0.37761459,0.,0.194138905,0.40655847,0.,0.188026993,0.43728513,     1167P   2086
0.,0.18191508,0.468011789,0.,0.18191508,0.499340419,0.,0.,1.,       1167P   2087
0.,0.,1.;                                                           1167P   2088
100,12.,0.,0.,-6.,0.,6.,0.;                                         1169P   2089
102,2,1163,1167;                                                    1171P   2090
102,2,1165,1169;                                                    1173P   2091
142,1,1143,1171,1173,1;                                             1175P   2092
144,1143,1,1,1161,1175;                                             1177P   2093
314,100.,100.,100.,;                                                1179P   2094
128,3,3,3,3,0,0,0,0,0,0.,0.,0.,0.,1.,1.,1.,1.,0.,0.,0.,0.,1.,       1181P   2095
1.,1.,1.,1.,0.415340097244894,0.415340097244894,1.,                 1181P   2096
0.333333333333333,0.138446699081631,0.138446699081631,              1181P   2097
0.333333333333333,0.333333333333333,0.138446699081631,              1181P   2098
0.138446699081631,0.333333333333333,1.,0.415340097244894,           1181P   2099
0.415340097244894,1.,-2.103282434,0.012441603,-25.605284065,        1181P   2100
-6.332393539,0.012441603,-27.830406672,-4.644393393,                1181P   2101
0.012441603,-32.301112081,0.,0.012441603,-31.175873724,             1181P   2102
-2.103282434,-4.194123266,-25.605284065,-6.332393539,               1181P   2103
-12.652345476,-27.830406672,-4.644393393,-9.276345184,              1181P   2104
-32.301112081,0.,0.012441603,-31.175873724,2.103282434,             1181P   2105
-4.194123266,-25.605284065,6.332393539,-12.652345476,               1181P   2106
-27.830406672,4.644393393,-9.276345184,-32.301112081,0.,            1181P   2107
0.012441603,-31.175873724,2.103282434,0.012441603,                  1181P   2108
-25.605284065,6.332393539,0.012441603,-27.830406672,                1181P   2109
4.644393393,0.012441603,-32.301112081,0.,0.012441603,               1181P   2110
-31.175873724,0.,1.,0.,1.;                                          1181P   2111
126,1,1,1,0,1,0,0.,0.,1.,1.,1.,1.,0.00863346,0.,0.,1.,0.,0.,0.,     1183P   2112
1.,0.,0.,1.;                                                        1183P   2113
124,-0.48083756265062,-0.876809693345261,-1.22464679914735E-16,     1185P   2114
-1.0351543327534,1.12574727421822E-16,7.79354093411698E-17,-1.,     1185P   2115
-28.2477847787074,0.876809693345261,-0.48083756265062,              1185P   2116
6.12323399573677E-17,-27.6348658631162;                             1185P   2117
100,-28.260226381,-0.706399727,0.012441603,2.293600273,             1187P   2118
0.012441603,-3.602531103,0.795016236;                               1187P   2119
126,1,1,1,0,1,0,0.,0.,1.,1.,1.,1.,1.,0.,0.,1.,1.,0.,0.,1.,0.,       1189P   2120
0.,1.;                                                              1189P   2121
126,1,1,1,0,1,0,0.,0.,1.,1.,1.,1.,1.,1.,0.,0.00863346,1.,0.,0.,     1191P   2122
1.,0.,0.,1.;                                                        1191P   2123
124,-0.235466575789417,0.971882447462658,0.,0.860641477103648,      1193P   2124
-5.9510636421632E-17,-1.44181694173349E-17,-1.,                     1193P   2125
-28.2477847787074,-0.971882447462658,-0.235466575789417,            1193P   2126
6.12323399573677E-17,-27.570759303841;                              1193P   2127
100,-28.260226381,0.706399727,0.012441603,3.706399727,              1195P   2128
0.012441603,-2.189731648,0.795016236;                               1195P   2129
126,1,1,1,0,1,0,0.,0.,1.,1.,1.,1.,0.00863346,1.,0.,0.00864705,      1197P   2130
0.997113568,0.,0.,1.,0.,0.,1.;                                      1197P   2131
126,4,3,1,0,1,0,0.,0.,0.,0.,0.5,1.,1.,1.,1.,1.,1.,1.,1.,1.,         1199P   2132
2.148912415,0.012441603,-25.629797301,2.148924425,0.010367293,      1199P   2133
-25.629803887,2.148942435,0.006218853,-25.629817059,                1199P   2134
2.148948432,0.002072622,-25.629830224,2.148948432,0.,               1199P   2135
-25.629836805,0.,1.,0.,0.,0.;                                       1199P   2136
126,12,2,1,0,1,0,0.,0.,0.,0.125,0.125,0.25,0.25,0.5,0.5,0.75,       1201P   2137
0.75,0.875,0.875,1.,1.,1.,1.,1.,1.,1.,1.,1.,1.,1.,1.,1.,1.,1.,      1201P   2138
1.,0.00864705,0.997113568,0.,0.008994638,0.923499239,0.,            1201P   2139
0.009544338,0.832112295,0.,0.010287336,0.708589641,0.,              1201P   2140
0.010302428,0.705928194,0.,0.010985154,0.585528858,0.,              1201P   2141
0.010985748,0.500184538,0.,0.010986343,0.414736664,0.,              1201P   2142
0.010303721,0.294299933,0.,0.010288854,0.291676777,0.,              1201P   2143
0.009543338,0.16772151,0.,0.008994408,0.076452177,0.,               1201P   2144
0.00864705,0.002886432,0.,0.,1.,0.,0.,-1.;                          1201P   2145
126,9,3,1,0,1,0,0.,0.,0.,0.,0.25,0.25,0.5,0.5,0.75,0.75,1.,1.,      1203P   2146
1.,1.,1.,1.,1.,1.,1.,1.,1.,1.,1.,1.,2.148948432,0.,                 1203P   2147
-25.629836805,2.148948432,-0.567314339,-25.631638113,               1203P   2148
1.915958046,-1.123074273,-25.633407162,1.12326614,-1.915845567,     1203P   2149
-25.635933989,0.562283895,-2.14853157,-25.636677222,                1203P   2150
-0.55909303,-2.149364108,-25.63667988,-1.116662687,                 1203P   2151
-1.921819621,-25.635953034,-1.920179565,-1.119480526,               1203P   2152
-25.633395704,-2.148948432,-0.561093413,-25.631618361,              1203P   2153
-2.148948432,0.,-25.629836805,0.,1.,-1.9005E-05,-0.003175134,       1203P   2154
0.999994959;                                                        1203P   2155
126,1,1,1,0,1,0,0.,0.,1.,1.,1.,1.,0.00864705,0.002886432,0.,        1205P   2156
0.00863346,0.,0.,0.,1.,0.,0.,1.;                                    1205P   2157
126,4,3,1,0,1,0,0.,0.,0.,0.,0.5,1.,1.,1.,1.,1.,1.,1.,1.,1.,         1207P   2158
-2.148948432,0.,-25.629836805,-2.148948432,0.002073187,             1207P   2159
-25.629830222,-2.148942431,0.006219974,-25.629817055,               1207P   2160
-2.148924423,0.010367588,-25.629803886,-2.148912415,                1207P   2161
0.012441603,-25.629797301,0.,1.,0.,0.,0.;                           1207P   2162
102,6,1183,1189,1191,1197,1201,1205;                                1209P   2163
102,5,1187,1195,1199,1203,1207;                                     1211P   2164
142,1,1181,1209,1211,1;                                             1213P   2165
144,1181,1,0,1213;                                                  1215P   2166
314,100.,100.,100.,;                                                1217P   2167
110,0.,0.,-26.,0.,0.,974.;                                          1219P   2168
110,2.148948432,0.,-25.658541712,2.148948432,0.,-22.;               1221P   2169
120,1219,1221,0.,6.28318530717959;                                  1223P   2170
126,1,1,1,0,1,0,0.,0.,1.,1.,1.,1.,1.,3.141592654,0.,                1225P   2171
0.007845997,3.141592654,0.,0.,1.,0.,0.,1.;                          1225P   2172
110,-2.148948432,0.,-22.,-2.148948432,0.,-25.629836805;             1227P   2173
126,8,2,1,0,1,0,0.,0.,0.,0.25,0.25,0.5,0.5,0.75,0.75,1.,1.,1.,      1229P   2174
1.,1.,1.,1.,1.,1.,1.,1.,1.,0.007845997,3.141592654,0.,              1229P   2175
0.0068748,3.662337606,0.,0.006523731,3.927724247,0.,                1229P   2176
0.005975406,4.342225017,0.,0.005975922,4.713131405,0.,              1229P   2177
0.005976438,5.083656524,0.,0.006524768,5.497837216,0.,              1229P   2178
0.006875744,5.762946529,0.,0.007845997,6.283185307,0.,0.,1.,0.,     1229P   2179
0.,-1.;                                                             1229P   2180
126,9,3,1,0,1,0,0.,0.,0.,0.,0.25,0.25,0.5,0.5,0.75,0.75,1.,1.,      1231P   2181
1.,1.,1.,1.,1.,1.,1.,1.,1.,1.,1.,1.,-2.148948432,0.,                1231P   2182
-25.629836805,-2.148948432,-0.561093413,-25.631618361,              1231P   2183
-1.920179565,-1.119480526,-25.633395704,-1.116662687,               1231P   2184
-1.921819621,-25.635953034,-0.55909303,-2.149364108,                1231P   2185
-25.63667988,0.562283895,-2.14853157,-25.636677222,1.12326614,      1231P   2186
-1.915845567,-25.635933989,1.915958046,-1.123074273,                1231P   2187
-25.633407162,2.148948432,-0.567314339,-25.631638113,               1231P   2188
2.148948432,0.,-25.629836805,0.,1.,-1.9147E-05,0.003175134,         1231P   2189
-0.999994959;                                                       1231P   2190
126,1,1,1,0,1,0,0.,0.,1.,1.,1.,1.,0.007845997,6.283185307,0.,       1233P   2191
1.,6.283185307,0.,0.,1.,0.,0.,1.;                                   1233P   2192
110,2.148948432,0.,-25.629836805,2.148948432,0.,-22.;               1235P   2193
126,1,1,1,0,1,0,0.,0.,1.,1.,1.,1.,1.,6.283185307,0.,1.,             1237P   2194
3.141592654,0.,0.,1.,0.,0.,1.;                                      1237P   2195
124,1.,-7.35035671743047E-15,8.55166289179392E-31,                  1239P   2196
1.88136583619466E-29,-7.35035671743047E-15,-1.,                     1239P   2197
6.98296267768627E-15,1.53625178909098E-13,                          1239P   2198
-5.04721003363181E-29,-6.98296267768627E-15,-1.,-44.;               1239P   2199
100,-22.,0.,0.,2.148948432,0.,-2.148948432,0.;                      1241P   2200
102,4,1225,1229,1233,1237;                                          1243P   2201
102,4,1227,1231,1235,1241;                                          1245P   2202
142,1,1223,1243,1245,1;                                             1247P   2203
144,1223,1,0,1247;                                                  1249P   2204
314,10.1960784313725,10.1960784313725,10.1960784313725,;            1251P   2205
128,1,1,1,1,0,0,1,0,0,0.,0.,1.,1.,0.,0.,1.,1.,1.,1.,1.,1.,5.06,     1253P   2206
-5.06,-22.,-5.06,-5.06,-22.,5.06,5.06,-22.,-5.06,5.06,-22.,0.,      1253P   2207
1.,0.,1.;                                                           1253P   2208
126,32,2,1,0,1,0,0.,0.,0.,0.0625,0.0625,0.125,0.125,0.1875,         1255P   2209
0.1875,0.25,0.25,0.3125,0.3125,0.375,0.375,0.4375,0.4375,0.5,       1255P   2210
0.5,0.5625,0.5625,0.625,0.625,0.6875,0.6875,0.75,0.75,0.8125,       1255P   2211
0.8125,0.875,0.875,0.9375,0.9375,1.,1.,1.,1.,1.,1.,1.,1.,1.,1.,     1255P   2212
1.,1.,1.,1.,1.,1.,1.,1.,1.,1.,1.,1.,1.,1.,1.,1.,1.,1.,1.,1.,1.,     1255P   2213
1.,1.,1.,1.,1.,0.005928854,0.5,0.,0.005928854,0.451338239,0.,       1255P   2214
0.015422292,0.403611501,0.,0.024915731,0.355884763,0.,              1255P   2215
0.04353778,0.310927158,0.,0.06215983,0.265969553,0.,                1255P   2216
0.089194856,0.225508778,0.,0.116229881,0.185048003,0.,              1255P   2217
0.150638942,0.150638942,0.,0.185048003,0.116229881,0.,              1255P   2218
0.225508778,0.089194856,0.,0.265969553,0.06215983,0.,               1255P   2219
0.310927158,0.04353778,0.,0.355884763,0.024915731,0.,               1255P   2220
0.403611501,0.015422292,0.,0.451338239,0.005928854,0.,0.5,          1255P   2221
0.005928854,0.,0.548661761,0.005928854,0.,0.596388499,              1255P   2222
0.015422292,0.,0.644115237,0.024915731,0.,0.689072842,              1255P   2223
0.04353778,0.,0.734030447,0.06215983,0.,0.774491222,                1255P   2224
0.089194856,0.,0.814951997,0.116229881,0.,0.849361058,              1255P   2225
0.150638942,0.,0.883770119,0.185048003,0.,0.910805144,              1255P   2226
0.225508778,0.,0.93784017,0.265969553,0.,0.95646222,                1255P   2227
0.310927158,0.,0.975084269,0.355884763,0.,0.984577708,              1255P   2228
0.403611501,0.,0.994071146,0.451338239,0.,0.994071146,0.5,0.,       1255P   2229
0.,1.,0.,0.,-1.;                                                    1255P   2230
124,1.,-7.35035671743047E-15,8.55166289179392E-31,                  1257P   2231
1.88136583619466E-29,-7.35035671743047E-15,-1.,                     1257P   2232
6.98296267768627E-15,1.53625178909098E-13,                          1257P   2233
-5.04721003363181E-29,-6.98296267768627E-15,-1.,-44.;               1257P   2234
100,-22.,0.,0.,5.,0.,-5.,0.;                                        1259P   2235
126,32,2,1,0,1,0,0.,0.,0.,0.0625,0.0625,0.125,0.125,0.1875,         1261P   2236
0.1875,0.25,0.25,0.3125,0.3125,0.375,0.375,0.4375,0.4375,0.5,       1261P   2237
0.5,0.5625,0.5625,0.625,0.625,0.6875,0.6875,0.75,0.75,0.8125,       1261P   2238
0.8125,0.875,0.875,0.9375,0.9375,1.,1.,1.,1.,1.,1.,1.,1.,1.,1.,     1261P   2239
1.,1.,1.,1.,1.,1.,1.,1.,1.,1.,1.,1.,1.,1.,1.,1.,1.,1.,1.,1.,1.,     1261P   2240
1.,1.,1.,1.,1.,0.994071146,0.5,0.,0.994071146,0.548661761,0.,       1261P   2241
0.984577708,0.596388499,0.,0.975084269,0.644115237,0.,              1261P   2242
0.95646222,0.689072842,0.,0.93784017,0.734030447,0.,                1261P   2243
0.910805144,0.774491222,0.,0.883770119,0.814951997,0.,              1261P   2244
0.849361058,0.849361058,0.,0.814951997,0.883770119,0.,              1261P   2245
0.774491222,0.910805144,0.,0.734030447,0.93784017,0.,               1261P   2246
0.689072842,0.95646222,0.,0.644115237,0.975084269,0.,               1261P   2247
0.596388499,0.984577708,0.,0.548661761,0.994071146,0.,0.5,          1261P   2248
0.994071146,0.,0.451338239,0.994071146,0.,0.403611501,              1261P   2249
0.984577708,0.,0.355884763,0.975084269,0.,0.310927158,              1261P   2250
0.95646222,0.,0.265969553,0.93784017,0.,0.225508778,                1261P   2251
0.910805144,0.,0.185048003,0.883770119,0.,0.150638942,              1261P   2252
0.849361058,0.,0.116229881,0.814951997,0.,0.089194856,              1261P   2253
0.774491222,0.,0.06215983,0.734030447,0.,0.04353778,                1261P   2254
0.689072842,0.,0.024915731,0.644115237,0.,0.015422292,              1261P   2255
0.596388499,0.,0.005928854,0.548661761,0.,0.005928854,0.5,0.,       1261P   2256
0.,1.,0.,0.,-1.;                                                    1261P   2257
124,-1.,-6.98296267768627E-15,0.,0.,-6.98296267768627E-15,1.,       1263P   2258
-6.98296267768627E-15,-1.53625178909098E-13,                        1263P   2259
4.87617677579594E-29,-6.98296267768627E-15,-1.,-44.;                1263P   2260
100,-22.,0.,0.,5.,0.,-5.,0.;                                        1265P   2261
102,2,1255,1261;                                                    1267P   2262
102,2,1259,1265;                                                    1269P   2263
142,1,1253,1267,1269,1;                                             1271P   2264
126,32,2,1,0,1,0,0.,0.,0.,0.0625,0.0625,0.125,0.125,0.1875,         1273P   2265
0.1875,0.25,0.25,0.3125,0.3125,0.375,0.375,0.4375,0.4375,0.5,       1273P   2266
0.5,0.5625,0.5625,0.625,0.625,0.6875,0.6875,0.75,0.75,0.8125,       1273P   2267
0.8125,0.875,0.875,0.9375,0.9375,1.,1.,1.,1.,1.,1.,1.,1.,1.,1.,     1273P   2268
1.,1.,1.,1.,1.,1.,1.,1.,1.,1.,1.,1.,1.,1.,1.,1.,1.,1.,1.,1.,1.,     1273P   2269
1.,1.,1.,1.,1.,0.712346683,0.5,0.,0.712346683,0.479085677,0.,       1273P   2270
0.708266501,0.458573217,0.,0.704186319,0.438060757,0.,              1273P   2271
0.696182754,0.418738443,0.,0.688179189,0.399416128,0.,              1273P   2272
0.676559814,0.382026504,0.,0.664940439,0.36463688,0.,               1273P   2273
0.650151779,0.349848221,0.,0.63536312,0.335059561,0.,               1273P   2274
0.617973496,0.323440186,0.,0.600583872,0.311820811,0.,              1273P   2275
0.581261557,0.303817246,0.,0.561939243,0.295813681,0.,              1273P   2276
0.541426783,0.291733499,0.,0.520914323,0.287653317,0.,0.5,          1273P   2277
0.287653317,0.,0.479085677,0.287653317,0.,0.458573217,              1273P   2278
0.291733499,0.,0.438060757,0.295813681,0.,0.418738443,              1273P   2279
0.303817246,0.,0.399416128,0.311820811,0.,0.382026504,              1273P   2280
0.323440186,0.,0.36463688,0.335059561,0.,0.349848221,               1273P   2281
0.349848221,0.,0.335059561,0.36463688,0.,0.323440186,               1273P   2282
0.382026504,0.,0.311820811,0.399416128,0.,0.303817246,              1273P   2283
0.418738443,0.,0.295813681,0.438060757,0.,0.291733499,              1273P   2284
0.458573217,0.,0.287653317,0.479085677,0.,0.287653317,0.5,0.,       1273P   2285
0.,1.,0.,0.,1.;                                                     1273P   2286
100,-22.,0.,0.,-2.148948432,0.,2.148948432,0.;                      1275P   2287
126,32,2,1,0,1,0,0.,0.,0.,0.0625,0.0625,0.125,0.125,0.1875,         1277P   2288
0.1875,0.25,0.25,0.3125,0.3125,0.375,0.375,0.4375,0.4375,0.5,       1277P   2289
0.5,0.5625,0.5625,0.625,0.625,0.6875,0.6875,0.75,0.75,0.8125,       1277P   2290
0.8125,0.875,0.875,0.9375,0.9375,1.,1.,1.,1.,1.,1.,1.,1.,1.,1.,     1277P   2291
1.,1.,1.,1.,1.,1.,1.,1.,1.,1.,1.,1.,1.,1.,1.,1.,1.,1.,1.,1.,1.,     1277P   2292
1.,1.,1.,1.,1.,0.287653317,0.5,0.,0.287653317,0.520914323,0.,       1277P   2293
0.291733499,0.541426783,0.,0.295813681,0.561939243,0.,              1277P   2294
0.303817246,0.581261557,0.,0.311820811,0.600583872,0.,              1277P   2295
0.323440186,0.617973496,0.,0.335059561,0.63536312,0.,               1277P   2296
0.349848221,0.650151779,0.,0.36463688,0.664940439,0.,               1277P   2297
0.382026504,0.676559814,0.,0.399416128,0.688179189,0.,              1277P   2298
0.418738443,0.696182754,0.,0.438060757,0.704186319,0.,              1277P   2299
0.458573217,0.708266501,0.,0.479085677,0.712346683,0.,0.5,          1277P   2300
0.712346683,0.,0.520914323,0.712346683,0.,0.541426783,              1277P   2301
0.708266501,0.,0.561939243,0.704186319,0.,0.581261557,              1277P   2302
0.696182754,0.,0.600583872,0.688179189,0.,0.617973496,              1277P   2303
0.676559814,0.,0.63536312,0.664940439,0.,0.650151779,               1277P   2304
0.650151779,0.,0.664940439,0.63536312,0.,0.676559814,               1277P   2305
0.617973496,0.,0.688179189,0.600583872,0.,0.696182754,              1277P   2306
0.581261557,0.,0.704186319,0.561939243,0.,0.708266501,              1277P   2307
0.541426783,0.,0.712346683,0.520914323,0.,0.712346683,0.5,0.,       1277P   2308
0.,1.,0.,0.,1.;                                                     1277P   2309
100,-22.,0.,0.,2.148948432,0.,-2.148948432,0.;                      1279P   2310
102,2,1273,1277;                                                    1281P   2311
102,2,1275,1279;                                                    1283P   2312
142,1,1253,1281,1283,1;                                             1285P   2313
144,1253,1,1,1271,1285;                                             1287P   2314
314,10.1960784313725,10.1960784313725,10.1960784313725,;            1289P   2315
110,0.,0.,-37.000012,0.,0.,962.999988;                              1291P   2316
110,5.,0.,-37.,5.,0.,-22.;                                          1293P   2317
120,1291,1293,0.,6.28318530717959;                                  1295P   2318
126,1,1,1,0,1,0,0.,0.,1.,1.,1.,1.,0.066666667,3.141592654,0.,       1297P   2319
0.066666667,2.366195157,0.,0.,1.,0.,0.,1.;                          1297P   2320
124,-1.,0.,4.88807387438038E-15,1.75970659477694E-13,               1299P   2321
2.77555756156289E-16,1.,4.98683281818824E-15,                       1299P   2322
1.79525981454777E-13,-4.88807387438038E-15,                         1299P   2323
4.98683281818825E-15,-1.,-72.;                                      1299P   2324
100,-36.,0.,0.,5.,0.,3.570714214,3.5;                               1301P   2325
126,4,2,1,0,1,0,0.,0.,0.,0.5,0.5,1.,1.,1.,1.,1.,1.,1.,1.,           1303P   2326
0.066666667,2.366195157,0.,0.177867017,2.453782952,0.,              1303P   2327
0.316923739,2.548135482,0.,0.443593368,2.634083142,0.,0.6,          1303P   2328
2.730075808,0.,0.,1.,0.,0.,-1.;                                     1303P   2329
126,3,3,1,0,0,0,0.,0.,0.,0.,1.,1.,1.,1.,1.,0.98899631025536,        1305P   2330
0.98899631025536,1.,-3.570714214,3.5,-36.,-3.997600702,             1305P   2331
3.064488671,-33.677272915,-4.338640559,2.558925612,-30.9809366,     1305P   2332
-4.582575695,2.,-28.,0.,1.,0.,-0.982872187,-0.184288535;            1305P   2333
126,16,2,1,0,1,0,0.,0.,0.,0.125,0.125,0.25,0.25,0.375,0.375,        1307P   2334
0.5,0.5,0.625,0.625,0.75,0.75,0.875,0.875,1.,1.,1.,1.,1.,1.,1.,     1307P   2335
1.,1.,1.,1.,1.,1.,1.,1.,1.,1.,1.,1.,1.,0.6,2.730075808,0.,          1307P   2336
0.613316435,2.730075808,0.,0.626416949,2.738711399,0.,              1307P   2337
0.639222877,2.747152805,0.,0.651387912,2.763554045,0.,              1307P   2338
0.663397236,2.779745349,0.,0.674314113,2.803053529,0.,              1307P   2339
0.685031086,2.8259349,0.,0.694230294,2.854677887,0.,                1307P   2340
0.703440719,2.883455924,0.,0.710715155,2.916815898,0.,              1307P   2341
0.718002846,2.950236659,0.,0.723037882,2.986848871,0.,              1307P   2342
0.728117592,3.023785932,0.,0.730712953,3.062598452,0.,              1307P   2343
0.733333333,3.101785129,0.,0.733333333,3.141592654,0.,0.,1.,0.,     1307P   2344
0.,1.;                                                              1307P   2345
126,5,3,1,0,1,0,0.,0.,0.,0.,0.5,0.5,1.,1.,1.,1.,1.,1.,1.,1.,1.,     1309P   2346
1.,-4.582575695,2.,-28.,-4.582575695,2.,-27.465826017,              1309P   2347
-4.687748163,1.780528652,-26.952494505,-4.903467266,                1309P   2348
1.049415974,-26.220596686,-5.,0.527828931,-26.,-5.,0.,-26.,0.,      1309P   2349
1.,-0.901801435,0.432150635,0.;                                     1309P   2350
126,1,1,1,0,1,0,0.,0.,1.,1.,1.,1.,0.733333333,3.141592654,0.,       1311P   2351
1.,3.141592654,0.,0.,1.,0.,0.,1.;                                   1311P   2352
110,-5.,0.,-26.,-5.,0.,-22.;                                        1313P   2353
126,1,1,1,0,1,0,0.,0.,1.,1.,1.,1.,1.,3.141592654,0.,1.,0.,0.,       1315P   2354
0.,1.,0.,0.,1.;                                                     1315P   2355
124,-1.,-6.98296267768627E-15,0.,0.,-6.98296267768627E-15,1.,       1317P   2356
-6.98296267768627E-15,-1.53625178909098E-13,                        1317P   2357
4.87617677579594E-29,-6.98296267768627E-15,-1.,-44.;                1317P   2358
100,-22.,0.,0.,5.,0.,-5.,0.;                                        1319P   2359
126,1,1,1,0,1,0,0.,0.,1.,1.,1.,1.,1.,0.,0.,0.733333333,0.,0.,       1321P   2360
0.,1.,0.,0.,1.;                                                     1321P   2361
110,5.,0.,-22.,5.,0.,-26.;                                          1323P   2362
126,16,2,1,0,1,0,0.,0.,0.,0.125,0.125,0.25,0.25,0.375,0.375,        1325P   2363
0.5,0.5,0.625,0.625,0.75,0.75,0.875,0.875,1.,1.,1.,1.,1.,1.,1.,     1325P   2364
1.,1.,1.,1.,1.,1.,1.,1.,1.,1.,1.,1.,1.,0.733333333,0.,0.,           1325P   2365
0.733333333,0.039597997,0.,0.730740249,0.078584904,0.,              1325P   2366
0.728149967,0.117529681,0.,0.723058783,0.154591716,0.,              1325P   2367
0.718034511,0.191166656,0.,0.710762123,0.224561223,0.,              1325P   2368
0.703502644,0.257896513,0.,0.694310078,0.286665279,0.,              1325P   2369
0.685060795,0.315611543,0.,0.674274187,0.338624338,0.,              1325P   2370
0.66337774,0.361871469,0.,0.65139379,0.378030684,0.,                1325P   2371
0.639143245,0.394549376,0.,0.626244265,0.4029947,0.,0.61322795,     1325P   2372
0.411516846,0.,0.6,0.411516846,0.,0.,1.,0.,0.,1.;                   1325P   2373
126,5,3,1,0,1,0,0.,0.,0.,0.,0.5,0.5,1.,1.,1.,1.,1.,1.,1.,1.,1.,     1327P   2374
1.,5.,0.,-26.,5.,0.528652428,-26.,4.903596706,1.048641133,          1327P   2375
-26.220440078,4.688324462,1.778910514,-26.95025759,4.582575695,     1327P   2376
2.,-27.465122867,4.582575695,2.,-28.,0.,1.,0.916217214,0.,          1327P   2377
-0.400681939;                                                       1327P   2378
126,4,2,1,0,1,0,0.,0.,0.,0.5,0.5,1.,1.,1.,1.,1.,1.,1.,1.,0.6,       1329P   2379
0.411516846,0.,0.443593368,0.507509511,0.,0.316923739,              1329P   2380
0.593457171,0.,0.177867017,0.687809702,0.,0.066666667,              1329P   2381
0.775397497,0.,0.,1.,0.,0.,-1.;                                     1329P   2382
126,3,3,1,0,0,0,0.,0.,0.,0.,1.,1.,1.,1.,1.,0.98899631025536,        1331P   2383
0.98899631025536,1.,4.582575695,2.,-28.,4.338640559,                1331P   2384
2.558925612,-30.9809366,3.997600702,3.064488671,-33.677272915,      1331P   2385
3.570714214,3.5,-36.,0.,1.,0.,-0.982872187,-0.184288535;            1331P   2386
126,1,1,1,0,1,0,0.,0.,1.,1.,1.,1.,0.066666667,0.775397497,0.,       1333P   2387
0.066666667,0.,0.,0.,1.,0.,0.,1.;                                   1333P   2388
124,0.714142842854285,0.7,0.,0.,0.7,-0.714142842854285,             1335P   2389
-6.98296267768627E-15,-2.51386656396706E-13,                        1335P   2390
-4.88807387438039E-15,4.98683281818824E-15,-1.,-72.;                1335P   2391
100,-36.,0.,0.,5.,0.,3.570714214,3.5;                               1337P   2392
126,1,1,1,0,1,0,0.,0.,1.,1.,1.,1.,0.066666667,0.,0.,0.,0.,0.,       1339P   2393
0.,1.,0.,0.,1.;                                                     1339P   2394
110,5.,0.,-36.,5.,0.,-37.;                                          1341P   2395
126,1,1,1,0,1,0,0.,0.,1.,1.,1.,1.,0.,0.,0.,0.,3.141592654,0.,       1343P   2396
0.,1.,0.,0.,1.;                                                     1343P   2397
100,-37.,0.,0.,5.,0.,-5.,0.;                                        1345P   2398
126,1,1,1,0,1,0,0.,0.,1.,1.,1.,1.,0.,3.141592654,0.,                1347P   2399
0.066666667,3.141592654,0.,0.,1.,0.,0.,1.;                          1347P   2400
110,-5.,0.,-37.,-5.,0.,-36.;                                        1349P   2401
102,12,1297,1303,1307,1311,1315,1321,1325,1329,1333,1339,1343,      1351P   2402
1347;                                                               1351P   2403
102,12,1301,1305,1309,1313,1319,1323,1327,1331,1337,1341,1345,      1353P   2404
1349;                                                               1353P   2405
142,1,1295,1351,1353,1;                                             1355P   2406
126,16,2,1,0,1,0,0.,0.,0.,0.125,0.125,0.25,0.25,0.375,0.375,        1357P   2407
0.5,0.5,0.625,0.625,0.75,0.75,0.875,0.875,1.,1.,1.,1.,1.,1.,1.,     1357P   2408
1.,1.,1.,1.,1.,1.,1.,1.,1.,1.,1.,1.,1.,0.6,1.159279481,0.,          1357P   2409
0.61322795,1.159279481,0.,0.626244265,1.167801627,0.,               1357P   2410
0.639143245,1.17624695,0.,0.65139379,1.192765643,0.,0.66337774,     1357P   2411
1.208924858,0.,0.674274187,1.232171988,0.,0.685060795,              1357P   2412
1.255184784,0.,0.694310078,1.284131048,0.,0.703502644,              1357P   2413
1.312899814,0.,0.710762123,1.346235104,0.,0.718034511,              1357P   2414
1.379629671,0.,0.723058783,1.416204611,0.,0.728149967,              1357P   2415
1.453266646,0.,0.730740249,1.492211423,0.,0.733333333,              1357P   2416
1.531198329,0.,0.733333333,1.570796327,0.,0.,1.,0.,0.,1.;           1357P   2417
126,5,3,1,0,1,0,0.,0.,0.,0.,0.5,0.5,1.,1.,1.,1.,1.,1.,1.,1.,1.,     1359P   2418
1.,2.,4.582575695,-28.,2.,4.582575695,-27.465122867,                1359P   2419
1.778910514,4.688324462,-26.95025759,1.048641133,4.903596706,       1359P   2420
-26.220440078,0.528652428,5.,-26.,0.,5.,-26.,0.,1.,0.431489758,     1359P   2421
0.902117836,0.;                                                     1359P   2422
126,16,2,1,0,1,0,0.,0.,0.,0.125,0.125,0.25,0.25,0.375,0.375,        1361P   2423
0.5,0.5,0.625,0.625,0.75,0.75,0.875,0.875,1.,1.,1.,1.,1.,1.,1.,     1361P   2424
1.,1.,1.,1.,1.,1.,1.,1.,1.,1.,1.,1.,1.,0.733333333,1.570796327,     1361P   2425
0.,0.733333333,1.610603851,0.,0.730712953,1.649790529,0.,           1361P   2426
0.728117592,1.688603049,0.,0.723037882,1.72554011,0.,               1361P   2427
0.718002846,1.762152321,0.,0.710715155,1.795573082,0.,              1361P   2428
0.703440719,1.828933057,0.,0.694230294,1.857711093,0.,              1361P   2429
0.685031086,1.88645408,0.,0.674314113,1.909335451,0.,               1361P   2430
0.663397236,1.932643631,0.,0.651387912,1.948834936,0.,              1361P   2431
0.639222877,1.965236176,0.,0.626416949,1.973677582,0.,              1361P   2432
0.613316435,1.982313173,0.,0.6,1.982313173,0.,0.,1.,0.,0.,1.;       1361P   2433
126,5,3,1,0,1,0,0.,0.,0.,0.,0.5,0.5,1.,1.,1.,1.,1.,1.,1.,1.,1.,     1363P   2434
1.,0.,5.,-26.,-0.527828931,5.,-26.,-1.049415974,4.903467266,        1363P   2435
-26.220596686,-1.780528652,4.687748163,-26.952494505,-2.,           1363P   2436
4.582575695,-27.465826017,-2.,4.582575695,-28.,0.,1.,0.,            1363P   2437
0.916124264,-0.400894416;                                           1363P   2438
126,4,2,1,0,1,0,0.,0.,0.,0.5,0.5,1.,1.,1.,1.,1.,1.,1.,1.,0.6,       1365P   2439
1.982313173,0.,0.443593368,2.078305838,0.,0.316923739,              1365P   2440
2.164253498,0.,0.177867017,2.258606028,0.,0.066666667,              1365P   2441
2.346193823,0.,0.,1.,0.,0.,-1.;                                     1365P   2442
126,3,3,1,0,0,0,0.,0.,0.,0.,1.,1.,1.,1.,1.,0.98899631025536,        1367P   2443
0.98899631025536,1.,-2.,4.582575695,-28.,-2.558925612,              1367P   2444
4.338640559,-30.9809366,-3.064488671,3.997600702,-33.677272915,     1367P   2445
-3.5,3.570714214,-36.,0.,1.,0.982872187,0.,-0.184288535;            1367P   2446
126,1,1,1,0,1,0,0.,0.,1.,1.,1.,1.,0.066666667,2.346193823,0.,       1369P   2447
0.066666667,0.79539883,0.,0.,1.,0.,0.,1.;                           1369P   2448
124,-0.7,0.714142842854285,4.98683281818824E-15,                    1371P   2449
1.79525981454777E-13,0.714142842854285,0.7,                         1371P   2450
-4.88807387438038E-15,-1.75970659477694E-13,                        1371P   2451
-6.98156594546354E-15,1.3965925355373E-16,-1.,-72.;                 1371P   2452
100,-36.,0.,0.,5.,0.,0.1,4.9989999;                                 1373P   2453
126,4,2,1,0,1,0,0.,0.,0.,0.5,0.5,1.,1.,1.,1.,1.,1.,1.,1.,           1375P   2454
0.066666667,0.79539883,0.,0.177867017,0.882986625,0.,               1375P   2455
0.316923739,0.977339155,0.,0.443593368,1.063286816,0.,0.6,          1375P   2456
1.159279481,0.,0.,1.,0.,0.,-1.;                                     1375P   2457
126,3,3,1,0,0,0,0.,0.,0.,0.,1.,1.,1.,1.,1.,0.98899631025536,        1377P   2458
0.98899631025536,1.,3.5,3.570714214,-36.,3.064488671,               1377P   2459
3.997600702,-33.677272915,2.558925612,4.338640559,-30.9809366,      1377P   2460
2.,4.582575695,-28.,0.,1.,-0.982872187,0.,-0.184288535;             1377P   2461
102,5,1357,1361,1365,1369,1375;                                     1379P   2462
102,5,1359,1363,1367,1373,1377;                                     1381P   2463
142,1,1295,1379,1381,1;                                             1383P   2464
144,1295,1,1,1355,1383;                                             1385P   2465
314,10.1960784313725,10.1960784313725,10.1960784313725,;            1387P   2466
128,1,1,1,1,0,0,1,0,0,0.,0.,1.,1.,0.,0.,1.,1.,1.,1.,1.,1.,          1389P   2467
6.072,-6.072,-37.,-6.072,-6.072,-37.,6.072,6.072,-37.,-6.072,       1389P   2468
6.072,-37.,0.,1.,0.,1.;                                             1389P   2469
126,32,2,1,0,1,0,0.,0.,0.,0.0625,0.0625,0.125,0.125,0.1875,         1391P   2470
0.1875,0.25,0.25,0.3125,0.3125,0.375,0.375,0.4375,0.4375,0.5,       1391P   2471
0.5,0.5625,0.5625,0.625,0.625,0.6875,0.6875,0.75,0.75,0.8125,       1391P   2472
0.8125,0.875,0.875,0.9375,0.9375,1.,1.,1.,1.,1.,1.,1.,1.,1.,1.,     1391P   2473
1.,1.,1.,1.,1.,1.,1.,1.,1.,1.,1.,1.,1.,1.,1.,1.,1.,1.,1.,1.,1.,     1391P   2474
1.,1.,1.,1.,1.,0.005928854,0.5,0.,0.005928854,0.451338239,0.,       1391P   2475
0.015422292,0.403611501,0.,0.024915731,0.355884763,0.,              1391P   2476
0.04353778,0.310927158,0.,0.06215983,0.265969553,0.,                1391P   2477
0.089194856,0.225508778,0.,0.116229881,0.185048003,0.,              1391P   2478
0.150638942,0.150638942,0.,0.185048003,0.116229881,0.,              1391P   2479
0.225508778,0.089194856,0.,0.265969553,0.06215983,0.,               1391P   2480
0.310927158,0.04353778,0.,0.355884763,0.024915731,0.,               1391P   2481
0.403611501,0.015422292,0.,0.451338239,0.005928854,0.,0.5,          1391P   2482
0.005928854,0.,0.548661761,0.005928854,0.,0.596388499,              1391P   2483
0.015422292,0.,0.644115237,0.024915731,0.,0.689072842,              1391P   2484
0.04353778,0.,0.734030447,0.06215983,0.,0.774491222,                1391P   2485
0.089194856,0.,0.814951997,0.116229881,0.,0.849361058,              1391P   2486
0.150638942,0.,0.883770119,0.185048003,0.,0.910805144,              1391P   2487
0.225508778,0.,0.93784017,0.265969553,0.,0.95646222,                1391P   2488
0.310927158,0.,0.975084269,0.355884763,0.,0.984577708,              1391P   2489
0.403611501,0.,0.994071146,0.451338239,0.,0.994071146,0.5,0.,       1391P   2490
0.,1.,0.,0.,-1.;                                                    1391P   2491
124,1.,-7.35035671743047E-15,8.55166289179392E-31,                  1393P   2492
3.16411526996376E-29,-7.35035671743047E-15,-1.,                     1393P   2493
6.98296267768627E-15,2.58369619074392E-13,                          1393P   2494
-5.04721003363181E-29,-6.98296267768627E-15,-1.,-74.;               1393P   2495
100,-37.,0.,0.,6.,0.,-6.,0.;                                        1395P   2496
126,32,2,1,0,1,0,0.,0.,0.,0.0625,0.0625,0.125,0.125,0.1875,         1397P   2497
0.1875,0.25,0.25,0.3125,0.3125,0.375,0.375,0.4375,0.4375,0.5,       1397P   2498
0.5,0.5625,0.5625,0.625,0.625,0.6875,0.6875,0.75,0.75,0.8125,       1397P   2499
0.8125,0.875,0.875,0.9375,0.9375,1.,1.,1.,1.,1.,1.,1.,1.,1.,1.,     1397P   2500
1.,1.,1.,1.,1.,1.,1.,1.,1.,1.,1.,1.,1.,1.,1.,1.,1.,1.,1.,1.,1.,     1397P   2501
1.,1.,1.,1.,1.,0.994071146,0.5,0.,0.994071146,0.548661761,0.,       1397P   2502
0.984577708,0.596388499,0.,0.975084269,0.644115237,0.,              1397P   2503
0.95646222,0.689072842,0.,0.93784017,0.734030447,0.,                1397P   2504
0.910805144,0.774491222,0.,0.883770119,0.814951997,0.,              1397P   2505
0.849361058,0.849361058,0.,0.814951997,0.883770119,0.,              1397P   2506
0.774491222,0.910805144,0.,0.734030447,0.93784017,0.,               1397P   2507
0.689072842,0.95646222,0.,0.644115237,0.975084269,0.,               1397P   2508
0.596388499,0.984577708,0.,0.548661761,0.994071146,0.,0.5,          1397P   2509
0.994071146,0.,0.451338239,0.994071146,0.,0.403611501,              1397P   2510
0.984577708,0.,0.355884763,0.975084269,0.,0.310927158,              1397P   2511
0.95646222,0.,0.265969553,0.93784017,0.,0.225508778,                1397P   2512
0.910805144,0.,0.185048003,0.883770119,0.,0.150638942,              1397P   2513
0.849361058,0.,0.116229881,0.814951997,0.,0.089194856,              1397P   2514
0.774491222,0.,0.06215983,0.734030447,0.,0.04353778,                1397P   2515
0.689072842,0.,0.024915731,0.644115237,0.,0.015422292,              1397P   2516
0.596388499,0.,0.005928854,0.548661761,0.,0.005928854,0.5,0.,       1397P   2517
0.,1.,0.,0.,-1.;                                                    1397P   2518
124,-1.,-6.98296267768627E-15,0.,0.,-6.98296267768627E-15,1.,       1399P   2519
-6.98296267768627E-15,-2.58369619074392E-13,                        1399P   2520
4.87617677579594E-29,-6.98296267768627E-15,-1.,-74.;                1399P   2521
100,-37.,0.,0.,6.,0.,-6.,0.;                                        1401P   2522
102,2,1391,1397;                                                    1403P   2523
102,2,1395,1401;                                                    1405P   2524
142,1,1389,1403,1405,1;                                             1407P   2525
126,32,2,1,0,1,0,0.,0.,0.,0.0625,0.0625,0.125,0.125,0.1875,         1409P   2526
0.1875,0.25,0.25,0.3125,0.3125,0.375,0.375,0.4375,0.4375,0.5,       1409P   2527
0.5,0.5625,0.5625,0.625,0.625,0.6875,0.6875,0.75,0.75,0.8125,       1409P   2528
0.8125,0.875,0.875,0.9375,0.9375,1.,1.,1.,1.,1.,1.,1.,1.,1.,1.,     1409P   2529
1.,1.,1.,1.,1.,1.,1.,1.,1.,1.,1.,1.,1.,1.,1.,1.,1.,1.,1.,1.,1.,     1409P   2530
1.,1.,1.,1.,1.,0.088274045,0.5,0.,0.088274045,0.540551467,0.,       1409P   2531
0.096185244,0.580323749,0.,0.104096442,0.620096031,0.,              1409P   2532
0.119614817,0.657560702,0.,0.135133192,0.695025372,0.,              1409P   2533
0.15766238,0.728742685,0.,0.180191568,0.762459998,0.,               1409P   2534
0.208865785,0.791134215,0.,0.237540002,0.819808432,0.,              1409P   2535
0.271257315,0.84233762,0.,0.304974628,0.864866808,0.,               1409P   2536
0.342439298,0.880385183,0.,0.379903969,0.895903558,0.,              1409P   2537
0.419676251,0.903814756,0.,0.459448533,0.911725955,0.,0.5,          1409P   2538
0.911725955,0.,0.540551467,0.911725955,0.,0.580323749,              1409P   2539
0.903814756,0.,0.620096031,0.895903558,0.,0.657560702,              1409P   2540
0.880385183,0.,0.695025372,0.864866808,0.,0.728742685,              1409P   2541
0.84233762,0.,0.762459998,0.819808432,0.,0.791134215,               1409P   2542
0.791134215,0.,0.819808432,0.762459998,0.,0.84233762,               1409P   2543
0.728742685,0.,0.864866808,0.695025372,0.,0.880385183,              1409P   2544
0.657560702,0.,0.895903558,0.620096031,0.,0.903814756,              1409P   2545
0.580323749,0.,0.911725955,0.540551467,0.,0.911725955,0.5,0.,       1409P   2546
0.,1.,0.,0.,1.;                                                     1409P   2547
100,-37.,0.,0.,5.,0.,-5.,0.;                                        1411P   2548
126,32,2,1,0,1,0,0.,0.,0.,0.0625,0.0625,0.125,0.125,0.1875,         1413P   2549
0.1875,0.25,0.25,0.3125,0.3125,0.375,0.375,0.4375,0.4375,0.5,       1413P   2550
0.5,0.5625,0.5625,0.625,0.625,0.6875,0.6875,0.75,0.75,0.8125,       1413P   2551
0.8125,0.875,0.875,0.9375,0.9375,1.,1.,1.,1.,1.,1.,1.,1.,1.,1.,     1413P   2552
1.,1.,1.,1.,1.,1.,1.,1.,1.,1.,1.,1.,1.,1.,1.,1.,1.,1.,1.,1.,1.,     1413P   2553
1.,1.,1.,1.,1.,0.911725955,0.5,0.,0.911725955,0.459448533,0.,       1413P   2554
0.903814756,0.419676251,0.,0.895903558,0.379903969,0.,              1413P   2555
0.880385183,0.342439298,0.,0.864866808,0.304974628,0.,              1413P   2556
0.84233762,0.271257315,0.,0.819808432,0.237540002,0.,               1413P   2557
0.791134215,0.208865785,0.,0.762459998,0.180191568,0.,              1413P   2558
0.728742685,0.15766238,0.,0.695025372,0.135133192,0.,               1413P   2559
0.657560702,0.119614817,0.,0.620096031,0.104096442,0.,              1413P   2560
0.580323749,0.096185244,0.,0.540551467,0.088274045,0.,0.5,          1413P   2561
0.088274045,0.,0.459448533,0.088274045,0.,0.419676251,              1413P   2562
0.096185244,0.,0.379903969,0.104096442,0.,0.342439298,              1413P   2563
0.119614817,0.,0.304974628,0.135133192,0.,0.271257315,              1413P   2564
0.15766238,0.,0.237540002,0.180191568,0.,0.208865785,               1413P   2565
0.208865785,0.,0.180191568,0.237540002,0.,0.15766238,               1413P   2566
0.271257315,0.,0.135133192,0.304974628,0.,0.119614817,              1413P   2567
0.342439298,0.,0.104096442,0.379903969,0.,0.096185244,              1413P   2568
0.419676251,0.,0.088274045,0.459448533,0.,0.088274045,0.5,0.,       1413P   2569
0.,1.,0.,0.,1.;                                                     1413P   2570
100,-37.,0.,0.,-5.,0.,5.,0.;                                        1415P   2571
102,2,1409,1413;                                                    1417P   2572
102,2,1411,1415;                                                    1419P   2573
142,1,1389,1417,1419,1;                                             1421P   2574
144,1389,1,1,1407,1421;                                             1423P   2575
128,1,1,1,1,0,0,1,0,0,0.,0.,1.,1.,0.,0.,1.,1.,1.,1.,1.,1.,          1425P   2576
-5.66937109,-2.,-28.,-5.66937109,-3.5,-36.,-3.558197374,-2.,        1425P   2577
-28.,-3.558197374,-3.5,-36.,0.,1.,0.,1.;                            1425P   2578
126,1,1,1,0,1,0,0.,0.,1.,1.,1.,1.,0.,0.514782553,0.,0.,             1427P   2579
0.005928854,0.,0.,1.,0.,0.,1.;                                      1427P   2580
110,-4.582575695,-2.,-28.,-5.656854249,-2.,-28.;                    1429P   2581
126,4,2,1,0,1,0,0.,0.,0.,0.5,0.5,1.,1.,1.,1.,1.,1.,1.,1.,0.,        1431P   2582
0.005928854,0.,0.267251256,0.07306278,0.,0.518506742,               1431P   2583
0.166303752,0.,0.769762229,0.259544724,0.,1.,0.377029096,0.,0.,     1431P   2584
1.,0.,0.,-1.;                                                       1431P   2585
126,3,3,1,0,0,0,0.,0.,0.,0.,1.,1.,1.,1.,1.,0.993337530402763,       1433P   2586
0.993337530402763,1.,-5.656854249,-2.,-28.,-5.467562203,            1433P   2587
-2.535398759,-30.85546005,-5.204658254,-3.038752337,                1433P   2588
-33.540012466,-4.873397172,-3.5,-36.,0.,1.,0.,0.982872187,          1433P   2589
-0.184288535;                                                       1433P   2590
126,1,1,1,0,1,0,0.,0.,1.,1.,1.,1.,1.,0.377029096,0.,1.,             1435P   2591
0.994071146,0.,0.,1.,0.,0.,1.;                                      1435P   2592
110,-4.873397172,-3.5,-36.,-3.570714214,-3.5,-36.;                  1437P   2593
126,4,2,1,0,1,0,0.,0.,0.,0.5,0.5,1.,1.,1.,1.,1.,1.,1.,1.,1.,        1439P   2594
0.994071146,0.,0.782848349,0.842839258,0.,0.530767989,              1439P   2595
0.722020016,0.,0.278687628,0.601200775,0.,0.,0.514782553,0.,0.,     1439P   2596
1.,0.,0.,1.;                                                        1439P   2597
126,3,3,1,0,0,0,0.,0.,0.,0.,1.,1.,1.,1.,1.,0.98899631025536,        1441P   2598
0.98899631025536,1.,-3.570714214,-3.5,-36.,-3.997600702,            1441P   2599
-3.064488671,-33.677272915,-4.338640559,-2.558925612,               1441P   2600
-30.9809366,-4.582575695,-2.,-28.,0.,1.,0.,-0.982872187,            1441P   2601
0.184288535;                                                        1441P   2602
102,4,1427,1431,1435,1439;                                          1443P   2603
102,4,1429,1433,1437,1441;                                          1445P   2604
142,1,1425,1443,1445,1;                                             1447P   2605
144,1425,1,0,1447;                                                  1449P   2606
110,-11.,0.,-28.,989.,0.,-28.;                                      1451P   2607
110,-6.01245464,0.,-30.,-4.57404759,0.,-30.;                        1453P   2608
120,1451,1453,0.,6.28318530717959;                                  1455P   2609
126,16,2,1,0,1,0,0.,0.,0.,0.125,0.125,0.25,0.25,0.375,0.375,        1457P   2610
0.5,0.5,0.625,0.625,0.75,0.75,0.875,0.875,1.,1.,1.,1.,1.,1.,1.,     1457P   2611
1.,1.,1.,1.,1.,1.,1.,1.,1.,1.,1.,1.,1.,0.703872134,3.141592654,     1457P   2612
0.,0.703872134,3.043470237,0.,0.714711972,2.943009854,0.,           1457P   2613
0.724920335,2.848401788,0.,0.74540748,2.746040927,0.,               1457P   2614
0.763263573,2.656825707,0.,0.79131647,2.55055633,0.,                1457P   2615
0.810195171,2.479040445,0.,0.84596841,2.355657829,0.,               1457P   2616
0.88602415,2.217504782,0.,0.901170796,2.161994039,0.,               1457P   2617
0.930842543,2.053250448,0.,0.949315978,1.966447722,0.,              1457P   2618
0.971244099,1.863412161,0.,0.982182926,1.770243113,0.,              1457P   2619
0.994071146,1.668987819,0.,0.994071146,1.570796327,0.,0.,1.,0.,     1457P   2620
0.,1.;                                                              1457P   2621
126,5,3,1,0,1,0,0.,0.,0.,0.,0.5,0.5,1.,1.,1.,1.,1.,1.,1.,1.,1.,     1459P   2622
1.,-5.,0.,-26.,-5.,0.527828931,-26.,-4.903467266,1.049415974,       1459P   2623
-26.220596686,-4.687748163,1.780528652,-26.952494505,               1459P   2624
-4.582575695,2.,-27.465826017,-4.582575695,2.,-28.,0.,1.,           1459P   2625
0.916124264,0.,0.400894416;                                         1459P   2626
126,1,1,1,0,1,0,0.,0.,1.,1.,1.,1.,0.994071146,1.570796327,0.,       1461P   2627
0.247218192,1.570796327,0.,0.,1.,0.,0.,1.;                          1461P   2628
110,-4.582575695,2.,-28.,-5.656854249,2.,-28.;                      1463P   2629
126,16,2,1,0,1,0,0.,0.,0.,0.125,0.125,0.25,0.25,0.375,0.375,        1465P   2630
0.5,0.5,0.625,0.625,0.75,0.75,0.875,0.875,1.,1.,1.,1.,1.,1.,1.,     1465P   2631
1.,1.,1.,1.,1.,1.,1.,1.,1.,1.,1.,1.,1.,0.247218192,1.570796327,     1465P   2632
0.,0.247218192,1.668136056,0.,0.237763228,1.768325886,0.,           1465P   2633
0.228900488,1.862240205,0.,0.211007784,1.965684218,0.,              1465P   2634
0.195922443,2.052897872,0.,0.171800954,2.161049538,0.,              1465P   2635
0.158569045,2.22037643,0.,0.126086876,2.35659827,0.,                1465P   2636
0.096265351,2.481662054,0.,0.081005843,2.551647538,0.,              1465P   2637
0.057743627,2.658336266,0.,0.042994292,2.747326897,0.,              1465P   2638
0.025981326,2.849975226,0.,0.017546422,2.944586479,0.,              1465P   2639
0.008658634,3.044277581,0.,0.008658634,3.141592654,0.,0.,1.,0.,     1465P   2640
0.,1.;                                                              1465P   2641
126,5,3,1,0,1,0,0.,0.,0.,0.,0.5,0.5,1.,1.,1.,1.,1.,1.,1.,1.,1.,     1467P   2642
1.,-5.656854249,2.,-28.,-5.656854249,2.,-27.467116865,              1467P   2643
-5.742264226,1.780038737,-26.951316075,-5.919916551,                1467P   2644
1.047246095,-26.219114969,-6.,0.52638393,-26.,-6.,0.,-26.,0.,       1467P   2645
1.,-0.932191391,0.361965758,0.;                                     1467P   2646
126,16,2,1,0,1,0,0.,0.,0.,0.125,0.125,0.25,0.25,0.375,0.375,        1469P   2647
0.5,0.5,0.625,0.625,0.75,0.75,0.875,0.875,1.,1.,1.,1.,1.,1.,1.,     1469P   2648
1.,1.,1.,1.,1.,1.,1.,1.,1.,1.,1.,1.,1.,0.008658634,3.141592654,     1469P   2649
0.,0.008658634,3.239383679,0.,0.017634739,3.339587084,0.,           1469P   2650
0.026076446,3.433824809,0.,0.043026976,3.536055569,0.,              1469P   2651
0.0577921,3.625105872,0.,0.081086375,3.731907055,0.,                1469P   2652
0.096336087,3.801824974,0.,0.126250659,3.927273886,0.,              1469P   2653
0.15845845,4.062339576,0.,0.171670923,4.121552892,0.,               1469P   2654
0.195896456,4.230122576,0.,0.211022695,4.317587304,0.,              1469P   2655
0.228775862,4.420241763,0.,0.237632771,4.513481556,0.,              1469P   2656
0.247218192,4.61439064,0.,0.247218192,4.71238898,0.,0.,1.,0.,       1469P   2657
0.,-1.;                                                             1469P   2658
126,5,3,1,0,1,0,0.,0.,0.,0.,0.5,0.5,1.,1.,1.,1.,1.,1.,1.,1.,1.,     1471P   2659
1.,-6.,0.,-26.,-6.,-0.525676104,-26.,-5.920078368,-1.046845855,     1471P   2660
-26.218210577,-5.741631237,-1.782381796,-26.95416305,               1471P   2661
-5.656854249,-2.,-27.467776402,-5.656854249,-2.,-28.,0.,1.,         1471P   2662
-0.938999919,0.,-0.343917362;                                       1471P   2663
126,1,1,1,0,1,0,0.,0.,1.,1.,1.,1.,0.247218192,4.71238898,0.,        1473P   2664
0.994071146,4.71238898,0.,0.,1.,0.,0.,1.;                           1473P   2665
110,-5.656854249,-2.,-28.,-4.582575695,-2.,-28.;                    1475P   2666
126,16,2,1,0,1,0,0.,0.,0.,0.125,0.125,0.25,0.25,0.375,0.375,        1477P   2667
0.5,0.5,0.625,0.625,0.75,0.75,0.875,0.875,1.,1.,1.,1.,1.,1.,1.,     1477P   2668
1.,1.,1.,1.,1.,1.,1.,1.,1.,1.,1.,1.,1.,0.994071146,4.71238898,      1477P   2669
0.,0.994071146,4.614827546,0.,0.982337557,4.514263338,0.,           1477P   2670
0.971393439,4.420465389,0.,0.94930581,4.31668981,0.,                1477P   2671
0.930862784,4.230037877,0.,0.901269183,4.121551891,0.,              1477P   2672
0.88613924,4.066087646,0.,0.845723091,3.926681337,0.,               1477P   2673
0.810049064,3.8036319,0.,0.79114956,3.731996511,0.,0.763152513,     1477P   2674
3.625878418,0.,0.745326049,3.536737355,0.,0.724789984,              1477P   2675
3.434046957,0.,0.71459999,3.339135042,0.,0.703872134,               1477P   2676
3.239213356,0.,0.703872134,3.141592654,0.,0.,1.,0.,0.,-1.;          1477P   2677
126,5,3,1,0,1,0,0.,0.,0.,0.,0.5,0.5,1.,1.,1.,1.,1.,1.,1.,1.,1.,     1479P   2678
1.,-4.582575695,-2.,-28.,-4.582575695,-2.,-27.465122867,            1479P   2679
-4.688324462,-1.778910514,-26.95025759,-4.903596706,                1479P   2680
-1.048641133,-26.220440078,-5.,-0.528652428,-26.,-5.,0.,-26.,       1479P   2681
0.,1.,0.902117836,0.431489758,0.;                                   1479P   2682
102,6,1457,1461,1465,1469,1473,1477;                                1481P   2683
102,6,1459,1463,1467,1471,1475,1479;                                1483P   2684
142,1,1455,1481,1483,1;                                             1485P   2685
144,1455,1,0,1485;                                                  1487P   2686
128,1,1,1,1,0,0,1,0,0,0.,0.,1.,1.,0.,0.,1.,1.,1.,1.,1.,1.,          1489P   2687
-5.66937109,3.5,-36.,-5.66937109,2.,-28.,-3.558197374,3.5,-36.,     1489P   2688
-3.558197374,2.,-28.,0.,1.,0.,1.;                                   1489P   2689
126,1,1,1,0,1,0,0.,0.,1.,1.,1.,1.,0.,0.994071146,0.,0.,             1491P   2690
0.377029096,0.,0.,1.,0.,0.,1.;                                      1491P   2691
110,-3.570714214,3.5,-36.,-4.873397172,3.5,-36.;                    1493P   2692
126,4,2,1,0,1,0,0.,0.,0.,0.5,0.5,1.,1.,1.,1.,1.,1.,1.,1.,0.,        1495P   2693
0.377029096,0.,0.230237771,0.259544724,0.,0.481493258,              1495P   2694
0.166303752,0.,0.732748744,0.07306278,0.,1.,0.005928854,0.,0.,      1495P   2695
1.,0.,0.,-1.;                                                       1495P   2696
126,3,3,1,0,0,0,0.,0.,0.,0.,1.,1.,1.,1.,1.,0.993337530402763,       1497P   2697
0.993337530402763,1.,-4.873397172,3.5,-36.,-5.204658254,            1497P   2698
3.038752337,-33.540012466,-5.467562203,2.535398759,                 1497P   2699
-30.85546005,-5.656854249,2.,-28.,0.,1.,0.,-0.982872187,            1497P   2700
-0.184288535;                                                       1497P   2701
126,1,1,1,0,1,0,0.,0.,1.,1.,1.,1.,1.,0.005928854,0.,1.,             1499P   2702
0.514782553,0.,0.,1.,0.,0.,1.;                                      1499P   2703
110,-5.656854249,2.,-28.,-4.582575695,2.,-28.;                      1501P   2704
126,4,2,1,0,1,0,0.,0.,0.,0.5,0.5,1.,1.,1.,1.,1.,1.,1.,1.,1.,        1503P   2705
0.514782553,0.,0.721312372,0.601200775,0.,0.469232011,              1503P   2706
0.722020016,0.,0.217151651,0.842839258,0.,0.,0.994071146,0.,0.,     1503P   2707
1.,0.,0.,1.;                                                        1503P   2708
126,3,3,1,0,0,0,0.,0.,0.,0.,1.,1.,1.,1.,1.,0.98899631025536,        1505P   2709
0.98899631025536,1.,-4.582575695,2.,-28.,-4.338640559,              1505P   2710
2.558925612,-30.9809366,-3.997600702,3.064488671,-33.677272915,     1505P   2711
-3.570714214,3.5,-36.,0.,1.,0.,0.982872187,0.184288535;             1505P   2712
102,4,1491,1495,1499,1503;                                          1507P   2713
102,4,1493,1497,1501,1505;                                          1509P   2714
142,1,1489,1507,1509,1;                                             1511P   2715
144,1489,1,0,1511;                                                  1513P   2716
128,1,1,1,1,0,0,1,0,0,0.,0.,1.,1.,0.,0.,1.,1.,1.,1.,1.,1.,          1515P   2717
-3.5561385,-3.5,-36.,-6.014575715,-3.5,-36.,-3.5561385,3.5,         1515P   2718
-36.,-6.014575715,3.5,-36.,0.,1.,0.,1.;                             1515P   2719
126,8,2,1,0,1,0,0.,0.,0.,0.25,0.25,0.5,0.5,0.75,0.75,1.,1.,1.,      1517P   2720
1.,1.,1.,1.,1.,1.,1.,1.,1.,0.587308674,0.5,0.,0.587308674,          1517P   2721
0.430550466,0.,0.549215313,0.362401723,0.,0.511121952,              1517P   2722
0.29425298,0.,0.43636221,0.229957884,0.,0.361602468,                1517P   2723
0.165662789,0.,0.252976849,0.107629838,0.,0.144351229,              1517P   2724
0.049596888,0.,0.005928854,0.,0.,0.,1.,0.,0.,1.;                    1517P   2725
100,-36.,0.,0.,-5.,0.,-3.570714214,-3.5;                            1519P   2726
126,1,1,1,0,1,0,0.,0.,1.,1.,1.,1.,0.005928854,0.,0.,                1521P   2727
0.535811395,0.,0.,0.,1.,0.,0.,1.;                                   1521P   2728
110,-3.570714214,-3.5,-36.,-4.873397172,-3.5,-36.;                  1523P   2729
126,8,2,1,0,1,0,0.,0.,0.,0.25,0.25,0.5,0.5,0.75,0.75,1.,1.,1.,      1525P   2730
1.,1.,1.,1.,1.,1.,1.,1.,1.,0.535811395,0.,0.,0.646873208,           1525P   2731
0.054311226,0.,0.73260975,0.114014309,0.,0.818346292,               1525P   2732
0.173717392,0.,0.876683113,0.237367779,0.,0.935019935,              1525P   2733
0.301018167,0.,0.96454554,0.367075798,0.,0.994071146,               1525P   2734
0.43313343,0.,0.994071146,0.5,0.,0.,1.,0.,0.,-1.;                   1525P   2735
124,-0.812232862067414,-0.583333333333333,8.55166289179392E-31,     1527P   2736
6.15719728209162E-29,-0.583333333333333,0.812232862067414,          1527P   2737
6.98296267768627E-15,2.51386656396706E-13,                          1527P   2738
-4.07339489531699E-15,5.67179176140705E-15,-1.,-72.;                1527P   2739
100,-36.,0.,0.,6.,0.,4.873397172,3.5;                               1529P   2740
126,8,2,1,0,1,0,0.,0.,0.,0.25,0.25,0.5,0.5,0.75,0.75,1.,1.,1.,      1531P   2741
1.,1.,1.,1.,1.,1.,1.,1.,1.,0.994071146,0.5,0.,0.994071146,          1531P   2742
0.56686657,0.,0.96454554,0.632924202,0.,0.935019935,                1531P   2743
0.698981833,0.,0.876683113,0.762632221,0.,0.818346292,              1531P   2744
0.826282608,0.,0.73260975,0.885985691,0.,0.646873208,               1531P   2745
0.945688774,0.,0.535811395,1.,0.,0.,1.,0.,0.,-1.;                   1531P   2746
124,-1.,0.,4.07339489531699E-15,1.46642216231411E-13,               1533P   2747
4.9960036108132E-16,1.,5.67179176140705E-15,                        1533P   2748
2.04184503410654E-13,-4.07339489531699E-15,                         1533P   2749
5.67179176140705E-15,-1.,-72.;                                      1533P   2750
100,-36.,0.,0.,6.,0.,4.873397172,3.5;                               1535P   2751
126,1,1,1,0,1,0,0.,0.,1.,1.,1.,1.,0.535811395,1.,0.,                1537P   2752
0.005928854,1.,0.,0.,1.,0.,0.,1.;                                   1537P   2753
110,-4.873397172,3.5,-36.,-3.570714214,3.5,-36.;                    1539P   2754
126,8,2,1,0,1,0,0.,0.,0.,0.25,0.25,0.5,0.5,0.75,0.75,1.,1.,1.,      1541P   2755
1.,1.,1.,1.,1.,1.,1.,1.,1.,0.005928854,1.,0.,0.144351229,           1541P   2756
0.950403112,0.,0.252976849,0.892370162,0.,0.361602468,              1541P   2757
0.834337211,0.,0.43636221,0.770042116,0.,0.511121952,               1541P   2758
0.70574702,0.,0.549215313,0.637598277,0.,0.587308674,               1541P   2759
0.569449534,0.,0.587308674,0.5,0.,0.,1.,0.,0.,1.;                   1541P   2760
100,-36.,0.,0.,-3.570714214,3.5,-5.,0.;                             1543P   2761
102,6,1517,1521,1525,1531,1537,1541;                                1545P   2762
102,6,1519,1523,1529,1535,1539,1543;                                1547P   2763
142,1,1515,1545,1547,1;                                             1549P   2764
144,1515,1,0,1549;                                                  1551P   2765
128,1,1,1,1,0,0,1,0,0,0.,0.,1.,1.,0.,0.,1.,1.,1.,1.,1.,1.,          1553P   2766
3.558197374,-2.,-28.,3.558197374,-3.5,-36.,5.66937109,-2.,-28.,     1553P   2767
5.66937109,-3.5,-36.,0.,1.,0.,1.;                                   1553P   2768
126,1,1,1,0,1,0,0.,0.,1.,1.,1.,1.,1.,0.005928854,0.,1.,             1555P   2769
0.622970904,0.,0.,1.,0.,0.,1.;                                      1555P   2770
110,3.570714214,-3.5,-36.,4.873397172,-3.5,-36.;                    1557P   2771
126,4,2,1,0,1,0,0.,0.,0.,0.5,0.5,1.,1.,1.,1.,1.,1.,1.,1.,1.,        1559P   2772
0.622970904,0.,0.769762229,0.740455276,0.,0.518506742,              1559P   2773
0.833696248,0.,0.267251256,0.92693722,0.,0.,0.994071146,0.,0.,      1559P   2774
1.,0.,0.,-1.;                                                       1559P   2775
126,3,3,1,0,0,0,0.,0.,0.,0.,1.,1.,1.,1.,1.,0.993337530402763,       1561P   2776
0.993337530402763,1.,4.873397172,-3.5,-36.,5.204658254,             1561P   2777
-3.038752337,-33.540012466,5.467562203,-2.535398759,                1561P   2778
-30.85546005,5.656854249,-2.,-28.,0.,1.,0.,0.982872187,             1561P   2779
-0.184288535;                                                       1561P   2780
126,1,1,1,0,1,0,0.,0.,1.,1.,1.,1.,0.,0.994071146,0.,0.,             1563P   2781
0.485217447,0.,0.,1.,0.,0.,1.;                                      1563P   2782
110,5.656854249,-2.,-28.,4.582575695,-2.,-28.;                      1565P   2783
126,4,2,1,0,1,0,0.,0.,0.,0.5,0.5,1.,1.,1.,1.,1.,1.,1.,1.,0.,        1567P   2784
0.485217447,0.,0.278687628,0.398799225,0.,0.530767989,              1567P   2785
0.277979984,0.,0.782848349,0.157160742,0.,1.,0.005928854,0.,0.,     1567P   2786
1.,0.,0.,1.;                                                        1567P   2787
126,3,3,1,0,0,0,0.,0.,0.,0.,1.,1.,1.,1.,1.,0.98899631025536,        1569P   2788
0.98899631025536,1.,4.582575695,-2.,-28.,4.338640559,               1569P   2789
-2.558925612,-30.9809366,3.997600702,-3.064488671,                  1569P   2790
-33.677272915,3.570714214,-3.5,-36.,0.,1.,0.,-0.982872187,          1569P   2791
0.184288535;                                                        1569P   2792
102,4,1555,1559,1563,1567;                                          1571P   2793
102,4,1557,1561,1565,1569;                                          1573P   2794
142,1,1553,1571,1573,1;                                             1575P   2795
144,1553,1,0,1575;                                                  1577P   2796
128,1,1,1,1,0,0,1,0,0,0.,0.,1.,1.,0.,0.,1.,1.,1.,1.,1.,1.,          1579P   2797
6.014575715,-3.5,-36.,3.5561385,-3.5,-36.,6.014575715,3.5,-36.,     1579P   2798
3.5561385,3.5,-36.,0.,1.,0.,1.;                                     1579P   2799
126,8,2,1,0,1,0,0.,0.,0.,0.25,0.25,0.5,0.5,0.75,0.75,1.,1.,1.,      1581P   2800
1.,1.,1.,1.,1.,1.,1.,1.,1.,0.412691326,0.5,0.,0.412691326,          1581P   2801
0.569449534,0.,0.450784687,0.637598277,0.,0.488878048,              1581P   2802
0.70574702,0.,0.56363779,0.770042116,0.,0.638397532,                1581P   2803
0.834337211,0.,0.747023151,0.892370162,0.,0.855648771,              1581P   2804
0.950403112,0.,0.994071146,1.,0.,0.,1.,0.,0.,1.;                    1581P   2805
100,-36.,0.,0.,5.,0.,3.570714214,3.5;                               1583P   2806
126,1,1,1,0,1,0,0.,0.,1.,1.,1.,1.,0.994071146,1.,0.,                1585P   2807
0.464188605,1.,0.,0.,1.,0.,0.,1.;                                   1585P   2808
110,3.570714214,3.5,-36.,4.873397172,3.5,-36.;                      1587P   2809
126,8,2,1,0,1,0,0.,0.,0.,0.25,0.25,0.5,0.5,0.75,0.75,1.,1.,1.,      1589P   2810
1.,1.,1.,1.,1.,1.,1.,1.,1.,0.464188605,1.,0.,0.353126792,           1589P   2811
0.945688774,0.,0.26739025,0.885985691,0.,0.181653708,               1589P   2812
0.826282608,0.,0.123316887,0.762632221,0.,0.064980065,              1589P   2813
0.698981833,0.,0.03545446,0.632924202,0.,0.005928854,               1589P   2814
0.56686657,0.,0.005928854,0.5,0.,0.,1.,0.,0.,-1.;                   1589P   2815
124,0.812232862067422,0.583333333333322,0.,0.,                      1591P   2816
0.583333333333322,-0.812232862067422,-6.98296267768627E-15,         1591P   2817
-2.51386656396706E-13,-4.07339489531691E-15,                        1591P   2818
5.67179176140711E-15,-1.,-72.;                                      1591P   2819
100,-36.,0.,0.,6.,0.,4.873397172,3.5;                               1593P   2820
126,8,2,1,0,1,0,0.,0.,0.,0.25,0.25,0.5,0.5,0.75,0.75,1.,1.,1.,      1595P   2821
1.,1.,1.,1.,1.,1.,1.,1.,1.,0.005928854,0.5,0.,0.005928854,          1595P   2822
0.43313343,0.,0.03545446,0.367075798,0.,0.064980065,                1595P   2823
0.301018167,0.,0.123316887,0.237367779,0.,0.181653708,              1595P   2824
0.173717392,0.,0.26739025,0.114014309,0.,0.353126792,               1595P   2825
0.054311226,0.,0.464188605,0.,0.,0.,1.,0.,0.,-1.;                   1595P   2826
124,1.,-1.38222766565832E-14,-4.07339489531699E-15,                 1597P   2827
-1.46642216231412E-13,-1.40998324127395E-14,-1.,                    1597P   2828
-5.67179176140704E-15,-2.04184503410654E-13,                        1597P   2829
-4.07339489531691E-15,5.6717917614071E-15,-1.,-72.;                 1597P   2830
100,-36.,0.,0.,6.,0.,4.873397172,3.5;                               1599P   2831
126,1,1,1,0,1,0,0.,0.,1.,1.,1.,1.,0.464188605,0.,0.,                1601P   2832
0.994071146,0.,0.,0.,1.,0.,0.,1.;                                   1601P   2833
110,4.873397172,-3.5,-36.,3.570714214,-3.5,-36.;                    1603P   2834
126,8,2,1,0,1,0,0.,0.,0.,0.25,0.25,0.5,0.5,0.75,0.75,1.,1.,1.,      1605P   2835
1.,1.,1.,1.,1.,1.,1.,1.,1.,0.994071146,0.,0.,0.855648771,           1605P   2836
0.049596888,0.,0.747023151,0.107629838,0.,0.638397532,              1605P   2837
0.165662789,0.,0.56363779,0.229957884,0.,0.488878048,               1605P   2838
0.29425298,0.,0.450784687,0.362401723,0.,0.412691326,               1605P   2839
0.430550466,0.,0.412691326,0.5,0.,0.,1.,0.,0.,1.;                   1605P   2840
100,-36.,0.,0.,3.570714214,-3.5,5.,0.;                              1607P   2841
102,6,1581,1585,1589,1595,1601,1605;                                1609P   2842
102,6,1583,1587,1593,1599,1603,1607;                                1611P   2843
142,1,1579,1609,1611,1;                                             1613P   2844
144,1579,1,0,1613;                                                  1615P   2845
128,1,1,1,1,0,0,1,0,0,0.,0.,1.,1.,0.,0.,1.,1.,1.,1.,1.,1.,          1617P   2846
3.558197374,3.5,-36.,3.558197374,2.,-28.,5.66937109,3.5,-36.,       1617P   2847
5.66937109,2.,-28.,0.,1.,0.,1.;                                     1617P   2848
126,1,1,1,0,1,0,0.,0.,1.,1.,1.,1.,1.,0.485217447,0.,1.,             1619P   2849
0.994071146,0.,0.,1.,0.,0.,1.;                                      1619P   2850
110,4.582575695,2.,-28.,5.656854249,2.,-28.;                        1621P   2851
126,4,2,1,0,1,0,0.,0.,0.,0.5,0.5,1.,1.,1.,1.,1.,1.,1.,1.,1.,        1623P   2852
0.994071146,0.,0.732748744,0.92693722,0.,0.481493258,               1623P   2853
0.833696248,0.,0.230237771,0.740455276,0.,0.,0.622970904,0.,0.,     1623P   2854
1.,0.,0.,-1.;                                                       1623P   2855
126,3,3,1,0,0,0,0.,0.,0.,0.,1.,1.,1.,1.,1.,0.993337530402763,       1625P   2856
0.993337530402763,1.,5.656854249,2.,-28.,5.467562203,               1625P   2857
2.535398759,-30.85546005,5.204658254,3.038752337,-33.540012466,     1625P   2858
4.873397172,3.5,-36.,0.,1.,0.,-0.982872187,-0.184288535;            1625P   2859
126,1,1,1,0,1,0,0.,0.,1.,1.,1.,1.,0.,0.622970904,0.,0.,             1627P   2860
0.005928854,0.,0.,1.,0.,0.,1.;                                      1627P   2861
110,4.873397172,3.5,-36.,3.570714214,3.5,-36.;                      1629P   2862
126,4,2,1,0,1,0,0.,0.,0.,0.5,0.5,1.,1.,1.,1.,1.,1.,1.,1.,0.,        1631P   2863
0.005928854,0.,0.217151651,0.157160742,0.,0.469232011,              1631P   2864
0.277979984,0.,0.721312372,0.398799225,0.,1.,0.485217447,0.,0.,     1631P   2865
1.,0.,0.,1.;                                                        1631P   2866
126,3,3,1,0,0,0,0.,0.,0.,0.,1.,1.,1.,1.,1.,0.98899631025536,        1633P   2867
0.98899631025536,1.,3.570714214,3.5,-36.,3.997600702,               1633P   2868
3.064488671,-33.677272915,4.338640559,2.558925612,-30.9809366,      1633P   2869
4.582575695,2.,-28.,0.,1.,0.,0.982872187,0.184288535;               1633P   2870
102,4,1619,1623,1627,1631;                                          1635P   2871
102,4,1621,1625,1629,1633;                                          1637P   2872
142,1,1617,1635,1637,1;                                             1639P   2873
144,1617,1,0,1639;                                                  1641P   2874
110,-11.,0.,-28.,989.,0.,-28.;                                      1643P   2875
110,4.57404759,0.,-30.,6.01245464,0.,-30.;                          1645P   2876
120,1643,1645,0.,6.28318530717959;                                  1647P   2877
126,16,2,1,0,1,0,0.,0.,0.,0.125,0.125,0.25,0.25,0.375,0.375,        1649P   2878
0.5,0.5,0.625,0.625,0.75,0.75,0.875,0.875,1.,1.,1.,1.,1.,1.,1.,     1649P   2879
1.,1.,1.,1.,1.,1.,1.,1.,1.,1.,1.,1.,1.,0.296127866,3.141592654,     1649P   2880
0.,0.296127866,3.239715071,0.,0.285288028,3.340175453,0.,           1649P   2881
0.275079665,3.43478352,0.,0.25459252,3.537144381,0.,                1649P   2882
0.236736427,3.6263596,0.,0.20868353,3.732628977,0.,0.189804829,     1649P   2883
3.804144862,0.,0.15403159,3.927527479,0.,0.11397585,                1649P   2884
4.065680525,0.,0.098829204,4.121191268,0.,0.069157457,              1649P   2885
4.229934859,0.,0.050684022,4.316737586,0.,0.028755901,              1649P   2886
4.419773146,0.,0.017817074,4.512942194,0.,0.005928854,              1649P   2887
4.614197488,0.,0.005928854,4.71238898,0.,0.,1.,0.,0.,1.;            1649P   2888
126,5,3,1,0,1,0,0.,0.,0.,0.,0.5,0.5,1.,1.,1.,1.,1.,1.,1.,1.,1.,     1651P   2889
1.,5.,0.,-26.,5.,-0.527828931,-26.,4.903467266,-1.049415974,        1651P   2890
-26.220596686,4.687748163,-1.780528652,-26.952494505,               1651P   2891
4.582575695,-2.,-27.465826017,4.582575695,-2.,-28.,0.,1.,           1651P   2892
-0.916124264,0.,0.400894416;                                        1651P   2893
126,1,1,1,0,1,0,0.,0.,1.,1.,1.,1.,0.005928854,4.71238898,0.,        1653P   2894
0.752781808,4.71238898,0.,0.,1.,0.,0.,1.;                           1653P   2895
110,4.582575695,-2.,-28.,5.656854249,-2.,-28.;                      1655P   2896
126,16,2,1,0,1,0,0.,0.,0.,0.125,0.125,0.25,0.25,0.375,0.375,        1657P   2897
0.5,0.5,0.625,0.625,0.75,0.75,0.875,0.875,1.,1.,1.,1.,1.,1.,1.,     1657P   2898
1.,1.,1.,1.,1.,1.,1.,1.,1.,1.,1.,1.,1.,0.752781808,4.71238898,      1657P   2899
0.,0.752781808,4.615049251,0.,0.762236772,4.514859422,0.,           1657P   2900
0.771099512,4.420945102,0.,0.788992216,4.317501089,0.,              1657P   2901
0.804077557,4.230287436,0.,0.828199046,4.122135769,0.,              1657P   2902
0.841430955,4.062808877,0.,0.873913124,3.926587037,0.,              1657P   2903
0.903734649,3.801523253,0.,0.918994157,3.73153777,0.,               1657P   2904
0.942256373,3.624849041,0.,0.957005708,3.53585841,0.,               1657P   2905
0.974018674,3.433210081,0.,0.982453578,3.338598828,0.,              1657P   2906
0.991341366,3.238907726,0.,0.991341366,3.141592654,0.,0.,1.,0.,     1657P   2907
0.,1.;                                                              1657P   2908
126,5,3,1,0,1,0,0.,0.,0.,0.,0.5,0.5,1.,1.,1.,1.,1.,1.,1.,1.,1.,     1659P   2909
1.,5.656854249,-2.,-28.,5.656854249,-2.,-27.467116865,              1659P   2910
5.742264226,-1.780038737,-26.951316075,5.919916551,                 1659P   2911
-1.047246095,-26.219114969,6.,-0.52638393,-26.,6.,0.,-26.,0.,       1659P   2912
1.,0.932191391,-0.361965758,0.;                                     1659P   2913
126,16,2,1,0,1,0,0.,0.,0.,0.125,0.125,0.25,0.25,0.375,0.375,        1661P   2914
0.5,0.5,0.625,0.625,0.75,0.75,0.875,0.875,1.,1.,1.,1.,1.,1.,1.,     1661P   2915
1.,1.,1.,1.,1.,1.,1.,1.,1.,1.,1.,1.,1.,0.991341366,3.141592654,     1661P   2916
0.,0.991341366,3.043801628,0.,0.982365261,2.943598223,0.,           1661P   2917
0.973923554,2.849360499,0.,0.956973024,2.747129739,0.,              1661P   2918
0.9422079,2.658079436,0.,0.918913625,2.551278253,0.,                1661P   2919
0.903663913,2.481360333,0.,0.873749341,2.355911422,0.,              1661P   2920
0.84154155,2.220845731,0.,0.828329077,2.161632415,0.,               1661P   2921
0.804103544,2.053062731,0.,0.788977305,1.965598003,0.,              1661P   2922
0.771224138,1.862943544,0.,0.762367229,1.769703751,0.,              1661P   2923
0.752781808,1.668794667,0.,0.752781808,1.570796327,0.,0.,1.,0.,     1661P   2924
0.,-1.;                                                             1661P   2925
126,5,3,1,0,1,0,0.,0.,0.,0.,0.5,0.5,1.,1.,1.,1.,1.,1.,1.,1.,1.,     1663P   2926
1.,6.,0.,-26.,6.,0.525676104,-26.,5.920078368,1.046845855,          1663P   2927
-26.218210577,5.741631237,1.782381796,-26.95416305,5.656854249,     1663P   2928
2.,-27.467776402,5.656854249,2.,-28.,0.,1.,0.938999919,0.,          1663P   2929
-0.343917362;                                                       1663P   2930
126,1,1,1,0,1,0,0.,0.,1.,1.,1.,1.,0.752781808,1.570796327,0.,       1665P   2931
0.005928854,1.570796327,0.,0.,1.,0.,0.,1.;                          1665P   2932
110,5.656854249,2.,-28.,4.582575695,2.,-28.;                        1667P   2933
126,16,2,1,0,1,0,0.,0.,0.,0.125,0.125,0.25,0.25,0.375,0.375,        1669P   2934
0.5,0.5,0.625,0.625,0.75,0.75,0.875,0.875,1.,1.,1.,1.,1.,1.,1.,     1669P   2935
1.,1.,1.,1.,1.,1.,1.,1.,1.,1.,1.,1.,1.,0.005928854,1.570796327,     1669P   2936
0.,0.005928854,1.668357761,0.,0.017662443,1.768921969,0.,           1669P   2937
0.028606561,1.862719918,0.,0.05069419,1.966495497,0.,               1669P   2938
0.069137216,2.05314743,0.,0.098730817,2.161633417,0.,               1669P   2939
0.11386076,2.217097661,0.,0.154276909,2.356503971,0.,               1669P   2940
0.189950936,2.479553407,0.,0.20885044,2.551188797,0.,               1669P   2941
0.236847487,2.65730689,0.,0.254673951,2.746447952,0.,               1669P   2942
0.275210016,2.84913835,0.,0.28540001,2.944050265,0.,                1669P   2943
0.296127866,3.043971951,0.,0.296127866,3.141592654,0.,0.,1.,0.,     1669P   2944
0.,-1.;                                                             1669P   2945
126,5,3,1,0,1,0,0.,0.,0.,0.,0.5,0.5,1.,1.,1.,1.,1.,1.,1.,1.,1.,     1671P   2946
1.,4.582575695,2.,-28.,4.582575695,2.,-27.465122867,                1671P   2947
4.688324462,1.778910514,-26.95025759,4.903596706,1.048641133,       1671P   2948
-26.220440078,5.,0.528652428,-26.,5.,0.,-26.,0.,1.,                 1671P   2949
-0.902117836,-0.431489758,0.;                                       1671P   2950
102,6,1649,1653,1657,1661,1665,1669;                                1673P   2951
102,6,1651,1655,1659,1663,1667,1671;                                1675P   2952
142,1,1647,1673,1675,1;                                             1677P   2953
144,1647,1,0,1677;                                                  1679P   2954
128,1,1,1,1,0,0,1,0,0,0.,0.,1.,1.,0.,0.,1.,1.,1.,1.,1.,1.,-3.5,     1681P   2955
-5.66937109,-36.,-2.,-5.66937109,-28.,-3.5,-3.558197374,-36.,       1681P   2956
-2.,-3.558197374,-28.,0.,1.,0.,1.;                                  1681P   2957
126,4,2,1,0,1,0,0.,0.,0.,0.5,0.5,1.,1.,1.,1.,1.,1.,1.,1.,0.,        1683P   2958
0.377029096,0.,0.230237771,0.259544724,0.,0.481493258,              1683P   2959
0.166303752,0.,0.732748744,0.07306278,0.,1.,0.005928854,0.,0.,      1683P   2960
1.,0.,0.,-1.;                                                       1683P   2961
126,3,3,1,0,0,0,0.,0.,0.,0.,1.,1.,1.,1.,1.,0.993337530402763,       1685P   2962
0.993337530402763,1.,-3.5,-4.873397172,-36.,-3.038752337,           1685P   2963
-5.204658254,-33.540012466,-2.535398759,-5.467562203,               1685P   2964
-30.85546005,-2.,-5.656854249,-28.,0.,1.,0.982872187,0.,            1685P   2965
-0.184288535;                                                       1685P   2966
126,1,1,1,0,1,0,0.,0.,1.,1.,1.,1.,1.,0.005928854,0.,1.,             1687P   2967
0.514782553,0.,0.,1.,0.,0.,1.;                                      1687P   2968
110,-2.,-5.656854249,-28.,-2.,-4.582575695,-28.;                    1689P   2969
126,4,2,1,0,1,0,0.,0.,0.,0.5,0.5,1.,1.,1.,1.,1.,1.,1.,1.,1.,        1691P   2970
0.514782553,0.,0.721312372,0.601200775,0.,0.469232011,              1691P   2971
0.722020016,0.,0.217151651,0.842839258,0.,0.,0.994071146,0.,0.,     1691P   2972
1.,0.,0.,1.;                                                        1691P   2973
126,3,3,1,0,0,0,0.,0.,0.,0.,1.,1.,1.,1.,1.,0.98899631025536,        1693P   2974
0.98899631025536,1.,-2.,-4.582575695,-28.,-2.558925612,             1693P   2975
-4.338640559,-30.9809366,-3.064488671,-3.997600702,                 1693P   2976
-33.677272915,-3.5,-3.570714214,-36.,0.,1.,-0.982872187,0.,         1693P   2977
0.184288535;                                                        1693P   2978
126,1,1,1,0,1,0,0.,0.,1.,1.,1.,1.,0.,0.994071146,0.,0.,             1695P   2979
0.377029096,0.,0.,1.,0.,0.,1.;                                      1695P   2980
110,-3.5,-3.570714214,-36.,-3.5,-4.873397172,-36.;                  1697P   2981
102,4,1683,1687,1691,1695;                                          1699P   2982
102,4,1685,1689,1693,1697;                                          1701P   2983
142,1,1681,1699,1701,1;                                             1703P   2984
144,1681,1,0,1703;                                                  1705P   2985
128,1,1,1,1,0,0,1,0,0,0.,0.,1.,1.,0.,0.,1.,1.,1.,1.,1.,1.,3.5,      1707P   2986
-6.014575715,-36.,-3.5,-6.014575715,-36.,3.5,-3.5561385,-36.,       1707P   2987
-3.5,-3.5561385,-36.,0.,1.,0.,1.;                                   1707P   2988
126,16,2,1,0,1,0,0.,0.,0.,0.125,0.125,0.25,0.25,0.375,0.375,        1709P   2989
0.5,0.5,0.625,0.625,0.75,0.75,0.875,0.875,1.,1.,1.,1.,1.,1.,1.,     1709P   2990
1.,1.,1.,1.,1.,1.,1.,1.,1.,1.,1.,1.,1.,0.,0.464188605,0.,           1709P   2991
0.054311226,0.353126792,0.,0.114014309,0.26739025,0.,               1709P   2992
0.173717392,0.181653708,0.,0.237367779,0.123316887,0.,              1709P   2993
0.301018167,0.064980065,0.,0.367075798,0.03545446,0.,               1709P   2994
0.43313343,0.005928854,0.,0.5,0.005928854,0.,0.56686657,            1709P   2995
0.005928854,0.,0.632924202,0.03545446,0.,0.698981833,               1709P   2996
0.064980065,0.,0.762632221,0.123316887,0.,0.826282608,              1709P   2997
0.181653708,0.,0.885985691,0.26739025,0.,0.945688774,               1709P   2998
0.353126792,0.,1.,0.464188605,0.,0.,1.,0.,0.,-1.;                   1709P   2999
124,0.583333333333322,-0.812232862067422,-5.67179176140705E-15,     1711P   3000
-2.04184503410654E-13,-0.812232862067422,-0.583333333333322,        1711P   3001
4.07339489531699E-15,1.46642216231412E-13,                          1711P   3002
-6.61709038830819E-15,2.23066863314987E-15,-1.,-72.;                1711P   3003
100,-36.,0.,0.,6.,0.,1.916666667,5.685630034;                       1713P   3004
126,1,1,1,0,1,0,0.,0.,1.,1.,1.,1.,1.,0.464188605,0.,1.,             1715P   3005
0.994071146,0.,0.,1.,0.,0.,1.;                                      1715P   3006
110,-3.5,-4.873397172,-36.,-3.5,-3.570714214,-36.;                  1717P   3007
126,16,2,1,0,1,0,0.,0.,0.,0.125,0.125,0.25,0.25,0.375,0.375,        1719P   3008
0.5,0.5,0.625,0.625,0.75,0.75,0.875,0.875,1.,1.,1.,1.,1.,1.,1.,     1719P   3009
1.,1.,1.,1.,1.,1.,1.,1.,1.,1.,1.,1.,1.,1.,0.994071146,0.,           1719P   3010
0.950403112,0.855648771,0.,0.892370162,0.747023151,0.,              1719P   3011
0.834337211,0.638397532,0.,0.770042116,0.56363779,0.,               1719P   3012
0.70574702,0.488878048,0.,0.637598277,0.450784687,0.,               1719P   3013
0.569449534,0.412691326,0.,0.5,0.412691326,0.,0.430550466,          1719P   3014
0.412691326,0.,0.362401723,0.450784687,0.,0.29425298,               1719P   3015
0.488878048,0.,0.229957884,0.56363779,0.,0.165662789,               1719P   3016
0.638397532,0.,0.107629838,0.747023151,0.,0.049596888,              1719P   3017
0.855648771,0.,0.,0.994071146,0.,0.,1.,0.,0.,1.;                    1719P   3018
100,-36.,0.,0.,-3.5,-3.570714214,3.5,-3.570714214;                  1721P   3019
126,1,1,1,0,1,0,0.,0.,1.,1.,1.,1.,0.,0.994071146,0.,0.,             1723P   3020
0.464188605,0.,0.,1.,0.,0.,1.;                                      1723P   3021
110,3.5,-3.570714214,-36.,3.5,-4.873397172,-36.;                    1725P   3022
102,4,1709,1715,1719,1723;                                          1727P   3023
102,4,1713,1717,1721,1725;                                          1729P   3024
142,1,1707,1727,1729,1;                                             1731P   3025
144,1707,1,0,1731;                                                  1733P   3026
128,1,1,1,1,0,0,1,0,0,0.,0.,1.,1.,0.,0.,1.,1.,1.,1.,1.,1.,2.,       1735P   3027
-5.66937109,-28.,3.5,-5.66937109,-36.,2.,-3.558197374,-28.,3.5,     1735P   3028
-3.558197374,-36.,0.,1.,0.,1.;                                      1735P   3029
126,4,2,1,0,1,0,0.,0.,0.,0.5,0.5,1.,1.,1.,1.,1.,1.,1.,1.,0.,        1737P   3030
0.005928854,0.,0.267251256,0.07306278,0.,0.518506742,               1737P   3031
0.166303752,0.,0.769762229,0.259544724,0.,1.,0.377029096,0.,0.,     1737P   3032
1.,0.,0.,-1.;                                                       1737P   3033
126,3,3,1,0,0,0,0.,0.,0.,0.,1.,1.,1.,1.,1.,0.993337530402763,       1739P   3034
0.993337530402763,1.,2.,-5.656854249,-28.,2.535398759,              1739P   3035
-5.467562203,-30.85546005,3.038752337,-5.204658254,                 1739P   3036
-33.540012466,3.5,-4.873397172,-36.,0.,1.,-0.982872187,0.,          1739P   3037
-0.184288535;                                                       1739P   3038
126,1,1,1,0,1,0,0.,0.,1.,1.,1.,1.,1.,0.377029096,0.,1.,             1741P   3039
0.994071146,0.,0.,1.,0.,0.,1.;                                      1741P   3040
110,3.5,-4.873397172,-36.,3.5,-3.570714214,-36.;                    1743P   3041
126,4,2,1,0,1,0,0.,0.,0.,0.5,0.5,1.,1.,1.,1.,1.,1.,1.,1.,1.,        1745P   3042
0.994071146,0.,0.782848349,0.842839258,0.,0.530767989,              1745P   3043
0.722020016,0.,0.278687628,0.601200775,0.,0.,0.514782553,0.,0.,     1745P   3044
1.,0.,0.,1.;                                                        1745P   3045
126,3,3,1,0,0,0,0.,0.,0.,0.,1.,1.,1.,1.,1.,0.98899631025536,        1747P   3046
0.98899631025536,1.,3.5,-3.570714214,-36.,3.064488671,              1747P   3047
-3.997600702,-33.677272915,2.558925612,-4.338640559,                1747P   3048
-30.9809366,2.,-4.582575695,-28.,0.,1.,0.982872187,0.,              1747P   3049
0.184288535;                                                        1747P   3050
126,1,1,1,0,1,0,0.,0.,1.,1.,1.,1.,0.,0.514782553,0.,0.,             1749P   3051
0.005928854,0.,0.,1.,0.,0.,1.;                                      1749P   3052
110,2.,-4.582575695,-28.,2.,-5.656854249,-28.;                      1751P   3053
102,4,1737,1741,1745,1749;                                          1753P   3054
102,4,1739,1743,1747,1751;                                          1755P   3055
142,1,1735,1753,1755,1;                                             1757P   3056
144,1735,1,0,1757;                                                  1759P   3057
110,0.,-11.,-28.,0.,989.,-28.;                                      1761P   3058
110,0.,-6.008504546,-26.,0.,-4.574071149,-26.;                      1763P   3059
120,1761,1763,0.,6.28318530717959;                                  1765P   3060
126,16,2,1,0,1,0,0.,0.,0.,0.125,0.125,0.25,0.25,0.375,0.375,        1767P   3061
0.5,0.5,0.625,0.625,0.75,0.75,0.875,0.875,1.,1.,1.,1.,1.,1.,1.,     1767P   3062
1.,1.,1.,1.,1.,1.,1.,1.,1.,1.,1.,1.,1.,0.703068228,6.283185307,     1767P   3063
0.,0.703068228,6.185564605,0.,0.713825802,6.085642918,0.,           1767P   3064
0.724044024,5.990731003,0.,0.744636978,5.888040606,0.,              1767P   3065
0.762512824,5.798899543,0.,0.790587428,5.69278145,0.,               1767P   3066
0.809539288,5.621146061,0.,0.845312138,5.498096624,0.,              1767P   3067
0.885840248,5.358690315,0.,0.901012104,5.30322607,0.,               1767P   3068
0.930687685,5.194740084,0.,0.949181801,5.108088151,0.,              1767P   3069
0.971330617,5.004312572,0.,0.982305053,4.910514623,0.,              1767P   3070
0.994071146,4.809950414,0.,0.994071146,4.71238898,0.,0.,1.,0.,      1767P   3071
0.,1.;                                                              1767P   3072
126,5,3,1,0,1,0,0.,0.,0.,0.,0.5,0.5,1.,1.,1.,1.,1.,1.,1.,1.,1.,     1769P   3073
1.,0.,-5.,-26.,-0.528652428,-5.,-26.,-1.048641133,-4.903596706,     1769P   3074
-26.220440078,-1.778910514,-4.688324462,-26.95025759,-2.,           1769P   3075
-4.582575695,-27.465122867,-2.,-4.582575695,-28.,0.,1.,0.,          1769P   3076
0.916217214,0.400681939;                                            1769P   3077
126,1,1,1,0,1,0,0.,0.,1.,1.,1.,1.,0.994071146,4.71238898,0.,        1771P   3078
0.245149267,4.71238898,0.,0.,1.,0.,0.,1.;                           1771P   3079
110,-2.,-4.582575695,-28.,-2.,-5.656854249,-28.;                    1773P   3080
126,16,2,1,0,1,0,0.,0.,0.,0.125,0.125,0.25,0.25,0.375,0.375,        1775P   3081
0.5,0.5,0.625,0.625,0.75,0.75,0.875,0.875,1.,1.,1.,1.,1.,1.,1.,     1775P   3082
1.,1.,1.,1.,1.,1.,1.,1.,1.,1.,1.,1.,1.,0.245149267,4.71238898,      1775P   3083
0.,0.245149267,4.80972871,0.,0.235668112,4.909918539,0.,            1775P   3084
0.22678082,5.003832858,0.,0.208838549,5.107276871,0.,               1775P   3085
0.19371142,5.194490525,0.,0.169523109,5.302642192,0.,               1775P   3086
0.156254545,5.361969084,0.,0.123682394,5.498190924,0.,              1775P   3087
0.093778259,5.623254708,0.,0.078476479,5.693240191,0.,              1775P   3088
0.055149822,5.799928919,0.,0.040359628,5.888919551,0.,              1775P   3089
0.023299533,5.99156788,0.,0.014841263,6.086179132,0.,               1775P   3090
0.005928854,6.185870235,0.,0.005928854,6.283185307,0.,0.,1.,0.,     1775P   3091
0.,1.;                                                              1775P   3092
126,5,3,1,0,1,0,0.,0.,0.,0.,0.5,0.5,1.,1.,1.,1.,1.,1.,1.,1.,1.,     1777P   3093
1.,-2.,-5.656854249,-28.,-2.,-5.656854249,-27.467116865,            1777P   3094
-1.780038737,-5.742264226,-26.951316075,-1.047246095,               1777P   3095
-5.919916551,-26.219114969,-0.52638393,-6.,-26.,0.,-6.,-26.,0.,     1777P   3096
1.,-0.361965758,-0.932191391,0.;                                    1777P   3097
126,1,1,1,0,1,0,0.,0.,1.,1.,1.,1.,0.005928854,6.283185307,0.,       1779P   3098
0.703068228,6.283185307,0.,0.,1.,0.,0.,1.;                          1779P   3099
110,0.,-6.,-26.,0.,-5.,-26.;                                        1781P   3100
102,4,1767,1771,1775,1779;                                          1783P   3101
102,4,1769,1773,1777,1781;                                          1785P   3102
142,1,1765,1783,1785,1;                                             1787P   3103
144,1765,1,0,1787;                                                  1789P   3104
128,1,1,1,1,0,0,1,0,0,0.,0.,1.,1.,0.,0.,1.,1.,1.,1.,1.,1.,-3.5,     1791P   3105
3.558197374,-36.,-2.,3.558197374,-28.,-3.5,5.66937109,-36.,-2.,     1791P   3106
5.66937109,-28.,0.,1.,0.,1.;                                        1791P   3107
126,4,2,1,0,1,0,0.,0.,0.,0.5,0.5,1.,1.,1.,1.,1.,1.,1.,1.,1.,        1793P   3108
0.994071146,0.,0.732748744,0.92693722,0.,0.481493258,               1793P   3109
0.833696248,0.,0.230237771,0.740455276,0.,0.,0.622970904,0.,0.,     1793P   3110
1.,0.,0.,-1.;                                                       1793P   3111
126,3,3,1,0,0,0,0.,0.,0.,0.,1.,1.,1.,1.,1.,0.993337530402763,       1795P   3112
0.993337530402763,1.,-2.,5.656854249,-28.,-2.535398759,             1795P   3113
5.467562203,-30.85546005,-3.038752337,5.204658254,                  1795P   3114
-33.540012466,-3.5,4.873397172,-36.,0.,1.,0.982872187,0.,           1795P   3115
-0.184288535;                                                       1795P   3116
126,1,1,1,0,1,0,0.,0.,1.,1.,1.,1.,0.,0.622970904,0.,0.,             1797P   3117
0.005928854,0.,0.,1.,0.,0.,1.;                                      1797P   3118
110,-3.5,4.873397172,-36.,-3.5,3.570714214,-36.;                    1799P   3119
126,4,2,1,0,1,0,0.,0.,0.,0.5,0.5,1.,1.,1.,1.,1.,1.,1.,1.,0.,        1801P   3120
0.005928854,0.,0.217151651,0.157160742,0.,0.469232011,              1801P   3121
0.277979984,0.,0.721312372,0.398799225,0.,1.,0.485217447,0.,0.,     1801P   3122
1.,0.,0.,1.;                                                        1801P   3123
126,3,3,1,0,0,0,0.,0.,0.,0.,1.,1.,1.,1.,1.,0.98899631025536,        1803P   3124
0.98899631025536,1.,-3.5,3.570714214,-36.,-3.064488671,             1803P   3125
3.997600702,-33.677272915,-2.558925612,4.338640559,-30.9809366,     1803P   3126
-2.,4.582575695,-28.,0.,1.,-0.982872187,0.,0.184288535;             1803P   3127
126,1,1,1,0,1,0,0.,0.,1.,1.,1.,1.,1.,0.485217447,0.,1.,             1805P   3128
0.994071146,0.,0.,1.,0.,0.,1.;                                      1805P   3129
110,-2.,4.582575695,-28.,-2.,5.656854249,-28.;                      1807P   3130
102,4,1793,1797,1801,1805;                                          1809P   3131
102,4,1795,1799,1803,1807;                                          1811P   3132
142,1,1791,1809,1811,1;                                             1813P   3133
144,1791,1,0,1813;                                                  1815P   3134
110,0.,-11.,-28.,0.,989.,-28.;                                      1817P   3135
110,0.,4.574071149,-26.,0.,6.008504546,-26.;                        1819P   3136
120,1817,1819,0.,6.28318530717959;                                  1821P   3137
126,16,2,1,0,1,0,0.,0.,0.,0.125,0.125,0.25,0.25,0.375,0.375,        1823P   3138
0.5,0.5,0.625,0.625,0.75,0.75,0.875,0.875,1.,1.,1.,1.,1.,1.,1.,     1823P   3139
1.,1.,1.,1.,1.,1.,1.,1.,1.,1.,1.,1.,1.,0.994071146,6.283185307,     1823P   3140
0.,0.994071146,6.185394281,0.,0.985070175,6.085190877,0.,           1823P   3141
0.976605084,5.990953152,0.,0.959607597,5.888722392,0.,              1823P   3142
0.944801571,5.799672089,0.,0.921442766,5.692870906,0.,              1823P   3143
0.90615081,5.622952986,0.,0.876153369,5.497504075,0.,               1823P   3144
0.843856356,5.362438385,0.,0.830607281,5.303225069,0.,              1823P   3145
0.80631464,5.194655385,0.,0.791146498,5.107190657,0.,               1823P   3146
0.773344152,5.004536197,0.,0.764462707,4.911296405,0.,              1823P   3147
0.754850733,4.81038732,0.,0.754850733,4.71238898,0.,0.,1.,0.,       1823P   3148
0.,-1.;                                                             1823P   3149
126,5,3,1,0,1,0,0.,0.,0.,0.,0.5,0.5,1.,1.,1.,1.,1.,1.,1.,1.,1.,     1825P   3150
1.,0.,6.,-26.,-0.525676104,6.,-26.,-1.046845855,5.920078368,        1825P   3151
-26.218210577,-1.782381796,5.741631237,-26.95416305,-2.,            1825P   3152
5.656854249,-27.467776402,-2.,5.656854249,-28.,0.,1.,0.,            1825P   3153
0.938999919,-0.343917362;                                           1825P   3154
126,1,1,1,0,1,0,0.,0.,1.,1.,1.,1.,0.754850733,4.71238898,0.,        1827P   3155
0.005928854,4.71238898,0.,0.,1.,0.,0.,1.;                           1827P   3156
110,-2.,5.656854249,-28.,-2.,4.582575695,-28.;                      1829P   3157
126,16,2,1,0,1,0,0.,0.,0.,0.125,0.125,0.25,0.25,0.375,0.375,        1831P   3158
0.5,0.5,0.625,0.625,0.75,0.75,0.875,0.875,1.,1.,1.,1.,1.,1.,1.,     1831P   3159
1.,1.,1.,1.,1.,1.,1.,1.,1.,1.,1.,1.,1.,0.005928854,4.71238898,      1831P   3160
0.,0.005928854,4.810580473,0.,0.017850006,4.911835767,0.,           1831P   3161
0.028819136,5.005004815,0.,0.050808002,5.108040375,0.,              1831P   3162
0.069332612,5.194843102,0.,0.099086555,5.303586692,0.,              1831P   3163
0.114275161,5.359097436,0.,0.154441863,5.497250482,0.,              1831P   3164
0.190314201,5.620633098,0.,0.209245199,5.692148984,0.,              1831P   3165
0.237375808,5.798418361,0.,0.255281366,5.88763358,0.,               1831P   3166
0.275825263,5.989994441,0.,0.286061906,6.084602507,0.,              1831P   3167
0.296931772,6.18506289,0.,0.296931772,6.283185307,0.,0.,1.,0.,      1831P   3168
0.,-1.;                                                             1831P   3169
126,5,3,1,0,1,0,0.,0.,0.,0.,0.5,0.5,1.,1.,1.,1.,1.,1.,1.,1.,1.,     1833P   3170
1.,-2.,4.582575695,-28.,-2.,4.582575695,-27.465826017,              1833P   3171
-1.780528652,4.687748163,-26.952494505,-1.049415974,                1833P   3172
4.903467266,-26.220596686,-0.527828931,5.,-26.,0.,5.,-26.,0.,       1833P   3173
1.,0.432150635,-0.901801435,0.;                                     1833P   3174
126,1,1,1,0,1,0,0.,0.,1.,1.,1.,1.,0.296931772,6.283185307,0.,       1835P   3175
0.994071146,6.283185307,0.,0.,1.,0.,0.,1.;                          1835P   3176
110,0.,5.,-26.,0.,6.,-26.;                                          1837P   3177
102,4,1823,1827,1831,1835;                                          1839P   3178
102,4,1825,1829,1833,1837;                                          1841P   3179
142,1,1821,1839,1841,1;                                             1843P   3180
144,1821,1,0,1843;                                                  1845P   3181
128,1,1,1,1,0,0,1,0,0,0.,0.,1.,1.,0.,0.,1.,1.,1.,1.,1.,1.,2.,       1847P   3182
3.558197374,-28.,3.5,3.558197374,-36.,2.,5.66937109,-28.,3.5,       1847P   3183
5.66937109,-36.,0.,1.,0.,1.;                                        1847P   3184
126,4,2,1,0,1,0,0.,0.,0.,0.5,0.5,1.,1.,1.,1.,1.,1.,1.,1.,1.,        1849P   3185
0.622970904,0.,0.769762229,0.740455276,0.,0.518506742,              1849P   3186
0.833696248,0.,0.267251256,0.92693722,0.,0.,0.994071146,0.,0.,      1849P   3187
1.,0.,0.,-1.;                                                       1849P   3188
126,3,3,1,0,0,0,0.,0.,0.,0.,1.,1.,1.,1.,1.,0.993337530402763,       1851P   3189
0.993337530402763,1.,3.5,4.873397172,-36.,3.038752337,              1851P   3190
5.204658254,-33.540012466,2.535398759,5.467562203,-30.85546005,     1851P   3191
2.,5.656854249,-28.,0.,1.,-0.982872187,0.,-0.184288535;             1851P   3192
126,1,1,1,0,1,0,0.,0.,1.,1.,1.,1.,0.,0.994071146,0.,0.,             1853P   3193
0.485217447,0.,0.,1.,0.,0.,1.;                                      1853P   3194
110,2.,5.656854249,-28.,2.,4.582575695,-28.;                        1855P   3195
126,4,2,1,0,1,0,0.,0.,0.,0.5,0.5,1.,1.,1.,1.,1.,1.,1.,1.,0.,        1857P   3196
0.485217447,0.,0.278687628,0.398799225,0.,0.530767989,              1857P   3197
0.277979984,0.,0.782848349,0.157160742,0.,1.,0.005928854,0.,0.,     1857P   3198
1.,0.,0.,1.;                                                        1857P   3199
126,3,3,1,0,0,0,0.,0.,0.,0.,1.,1.,1.,1.,1.,0.98899631025536,        1859P   3200
0.98899631025536,1.,2.,4.582575695,-28.,2.558925612,                1859P   3201
4.338640559,-30.9809366,3.064488671,3.997600702,-33.677272915,      1859P   3202
3.5,3.570714214,-36.,0.,1.,0.982872187,0.,0.184288535;              1859P   3203
126,1,1,1,0,1,0,0.,0.,1.,1.,1.,1.,1.,0.005928854,0.,1.,             1861P   3204
0.622970904,0.,0.,1.,0.,0.,1.;                                      1861P   3205
110,3.5,3.570714214,-36.,3.5,4.873397172,-36.;                      1863P   3206
102,4,1849,1853,1857,1861;                                          1865P   3207
102,4,1851,1855,1859,1863;                                          1867P   3208
142,1,1847,1865,1867,1;                                             1869P   3209
144,1847,1,0,1869;                                                  1871P   3210
128,1,1,1,1,0,0,1,0,0,0.,0.,1.,1.,0.,0.,1.,1.,1.,1.,1.,1.,3.5,      1873P   3211
3.5561385,-36.,-3.5,3.5561385,-36.,3.5,6.014575715,-36.,-3.5,       1873P   3212
6.014575715,-36.,0.,1.,0.,1.;                                       1873P   3213
126,16,2,1,0,1,0,0.,0.,0.,0.125,0.125,0.25,0.25,0.375,0.375,        1875P   3214
0.5,0.5,0.625,0.625,0.75,0.75,0.875,0.875,1.,1.,1.,1.,1.,1.,1.,     1875P   3215
1.,1.,1.,1.,1.,1.,1.,1.,1.,1.,1.,1.,1.,1.,0.535811395,0.,           1875P   3216
0.945688774,0.646873208,0.,0.885985691,0.73260975,0.,               1875P   3217
0.826282608,0.818346292,0.,0.762632221,0.876683113,0.,              1875P   3218
0.698981833,0.935019935,0.,0.632924202,0.96454554,0.,               1875P   3219
0.56686657,0.994071146,0.,0.5,0.994071146,0.,0.43313343,            1875P   3220
0.994071146,0.,0.367075798,0.96454554,0.,0.301018167,               1875P   3221
0.935019935,0.,0.237367779,0.876683113,0.,0.173717392,              1875P   3222
0.818346292,0.,0.114014309,0.73260975,0.,0.054311226,               1875P   3223
0.646873208,0.,0.,0.535811395,0.,0.,1.,0.,0.,-1.;                   1875P   3224
124,-0.583333333333333,0.812232862067414,5.67179176140705E-15,      1877P   3225
2.04184503410654E-13,0.812232862067414,0.583333333333333,           1877P   3226
-4.07339489531699E-15,-1.46642216231411E-13,                        1877P   3227
-6.61709038830822E-15,2.23066863314978E-15,-1.,-72.;                1877P   3228
100,-36.,0.,0.,6.,0.,1.916666667,5.685630034;                       1879P   3229
126,1,1,1,0,1,0,0.,0.,1.,1.,1.,1.,0.,0.535811395,0.,0.,             1881P   3230
0.005928854,0.,0.,1.,0.,0.,1.;                                      1881P   3231
110,3.5,4.873397172,-36.,3.5,3.570714214,-36.;                      1883P   3232
126,16,2,1,0,1,0,0.,0.,0.,0.125,0.125,0.25,0.25,0.375,0.375,        1885P   3233
0.5,0.5,0.625,0.625,0.75,0.75,0.875,0.875,1.,1.,1.,1.,1.,1.,1.,     1885P   3234
1.,1.,1.,1.,1.,1.,1.,1.,1.,1.,1.,1.,1.,0.,0.005928854,0.,           1885P   3235
0.049596888,0.144351229,0.,0.107629838,0.252976849,0.,              1885P   3236
0.165662789,0.361602468,0.,0.229957884,0.43636221,0.,               1885P   3237
0.29425298,0.511121952,0.,0.362401723,0.549215313,0.,               1885P   3238
0.430550466,0.587308674,0.,0.5,0.587308674,0.,0.569449534,          1885P   3239
0.587308674,0.,0.637598277,0.549215313,0.,0.70574702,               1885P   3240
0.511121952,0.,0.770042116,0.43636221,0.,0.834337211,               1885P   3241
0.361602468,0.,0.892370162,0.252976849,0.,0.950403112,              1885P   3242
0.144351229,0.,1.,0.005928854,0.,0.,1.,0.,0.,1.;                    1885P   3243
100,-36.,0.,0.,3.5,3.570714214,-3.5,3.570714214;                    1887P   3244
126,1,1,1,0,1,0,0.,0.,1.,1.,1.,1.,1.,0.005928854,0.,1.,             1889P   3245
0.535811395,0.,0.,1.,0.,0.,1.;                                      1889P   3246
110,-3.5,3.570714214,-36.,-3.5,4.873397172,-36.;                    1891P   3247
102,4,1875,1881,1885,1889;                                          1893P   3248
102,4,1879,1883,1887,1891;                                          1895P   3249
142,1,1873,1893,1895,1;                                             1897P   3250
144,1873,1,0,1897;                                                  1899P   3251
314,10.1960784313725,10.1960784313725,10.1960784313725,;            1901P   3252
110,0.,0.,-37.,0.,0.,963.;                                          1903P   3253
110,6.,0.,-37.,6.,0.,12.;                                           1905P   3254
120,1903,1905,0.,6.28318530717959;                                  1907P   3255
126,1,1,1,0,1,0,0.,0.,1.,1.,1.,1.,0.020408163,3.141592654,0.,       1909P   3256
0.,3.141592654,0.,0.,1.,0.,0.,1.;                                   1909P   3257
110,-6.,0.,-36.,-6.,0.,-37.;                                        1911P   3258
126,1,1,1,0,1,0,0.,0.,1.,1.,1.,1.,0.,3.141592654,0.,0.,             1913P   3259
6.283185307,0.,0.,1.,0.,0.,1.;                                      1913P   3260
100,-37.,0.,0.,-6.,0.,6.,0.;                                        1915P   3261
126,1,1,1,0,1,0,0.,0.,1.,1.,1.,1.,0.,6.283185307,0.,                1917P   3262
0.020408163,6.283185307,0.,0.,1.,0.,0.,1.;                          1917P   3263
110,6.,0.,-37.,6.,0.,-36.;                                          1919P   3264
126,1,1,1,0,1,0,0.,0.,1.,1.,1.,1.,0.020408163,6.283185307,0.,       1921P   3265
0.020408163,5.660358722,0.,0.,1.,0.,0.,1.;                          1921P   3266
124,1.,-1.38222766565832E-14,-4.07339489531699E-15,                 1923P   3267
-1.46642216231412E-13,-1.40998324127395E-14,-1.,                    1923P   3268
-5.67179176140704E-15,-2.04184503410654E-13,                        1923P   3269
-4.07339489531691E-15,5.6717917614071E-15,-1.,-72.;                 1923P   3270
100,-36.,0.,0.,6.,0.,4.873397172,3.5;                               1925P   3271
126,4,2,1,0,1,0,0.,0.,0.,0.5,0.5,1.,1.,1.,1.,1.,1.,1.,1.,           1927P   3272
0.020408163,5.660358722,0.,0.056498058,5.728396663,0.,              1927P   3273
0.099019307,5.80185356,0.,0.137752912,5.868767172,0.,               1927P   3274
0.183673469,5.943348398,0.,0.,1.,0.,0.,-1.;                         1927P   3275
126,3,3,1,0,0,0,0.,0.,0.,0.,1.,1.,1.,1.,1.,0.993337530402763,       1929P   3276
0.993337530402763,1.,4.873397172,-3.5,-36.,5.204658254,             1929P   3277
-3.038752337,-33.540012466,5.467562203,-2.535398759,                1929P   3278
-30.85546005,5.656854249,-2.,-28.,0.,1.,0.,0.982872187,             1929P   3279
-0.184288535;                                                       1929P   3280
126,16,2,1,0,1,0,0.,0.,0.,0.125,0.125,0.25,0.25,0.375,0.375,        1931P   3281
0.5,0.5,0.625,0.625,0.75,0.75,0.875,0.875,1.,1.,1.,1.,1.,1.,1.,     1931P   3282
1.,1.,1.,1.,1.,1.,1.,1.,1.,1.,1.,1.,1.,0.183673469,5.943348398,     1931P   3283
0.,0.187713098,5.943348398,0.,0.191683573,5.950215178,0.,           1931P   3284
0.195634335,5.957047868,0.,0.199375702,5.970431626,0.,              1931P   3285
0.203055697,5.98359584,0.,0.20639067,6.002584239,0.,                1931P   3286
0.209709076,6.021478312,0.,0.212546622,6.045342132,0.,              1931P   3287
0.215366658,6.069058691,0.,0.217590662,6.096667252,0.,              1931P   3288
0.219819872,6.124340443,0.,0.221358321,6.154789359,0.,              1931P   3289
0.222910491,6.185509849,0.,0.223700284,6.217894163,0.,              1931P   3290
0.224489796,6.250266933,0.,0.224489796,6.283185307,0.,0.,1.,0.,     1931P   3291
0.,1.;                                                              1931P   3292
126,5,3,1,0,1,0,0.,0.,0.,0.,0.5,0.5,1.,1.,1.,1.,1.,1.,1.,1.,1.,     1933P   3293
1.,5.656854249,-2.,-28.,5.656854249,-2.,-27.467116865,              1933P   3294
5.742264226,-1.780038737,-26.951316075,5.919916551,                 1933P   3295
-1.047246095,-26.219114969,6.,-0.52638393,-26.,6.,0.,-26.,0.,       1933P   3296
1.,0.932191391,-0.361965758,0.;                                     1933P   3297
126,1,1,1,0,1,0,0.,0.,1.,1.,1.,1.,0.224489796,6.283185307,0.,       1935P   3298
1.,6.283185307,0.,0.,1.,0.,0.,1.;                                   1935P   3299
110,6.,0.,-26.,6.,0.,12.;                                           1937P   3300
126,1,1,1,0,1,0,0.,0.,1.,1.,1.,1.,1.,6.283185307,0.,1.,             1939P   3301
3.141592654,0.,0.,1.,0.,0.,1.;                                      1939P   3302
124,1.,-7.35035671743047E-15,8.55166289179392E-31,                  1941P   3303
-1.02619954701528E-29,-7.35035671743047E-15,-1.,                    1941P   3304
6.98296267768627E-15,-8.37955521322352E-14,                         1941P   3305
-5.04721003363181E-29,-6.98296267768627E-15,-1.,24.;                1941P   3306
100,12.,0.,0.,6.,0.,-6.,0.;                                         1943P   3307
126,1,1,1,0,1,0,0.,0.,1.,1.,1.,1.,1.,3.141592654,0.,                1945P   3308
0.224489796,3.141592654,0.,0.,1.,0.,0.,1.;                          1945P   3309
110,-6.,0.,12.,-6.,0.,-26.;                                         1947P   3310
126,16,2,1,0,1,0,0.,0.,0.,0.125,0.125,0.25,0.25,0.375,0.375,        1949P   3311
0.5,0.5,0.625,0.625,0.75,0.75,0.875,0.875,1.,1.,1.,1.,1.,1.,1.,     1949P   3312
1.,1.,1.,1.,1.,1.,1.,1.,1.,1.,1.,1.,1.,0.224489796,3.141592654,     1949P   3313
0.,0.224489796,3.174677022,0.,0.223692369,3.207207506,0.,           1949P   3314
0.222901866,3.239455574,0.,0.221355229,3.270049781,0.,              1949P   3315
0.219814686,3.300523431,0.,0.217582274,3.328214791,0.,              1949P   3316
0.215353383,3.355862473,0.,0.2125268,3.379602423,0.,0.20970591,     1949P   3317
3.403294553,0.,0.206410431,3.422081136,0.,0.203065229,              1949P   3318
3.441151178,0.,0.199372454,3.454357953,0.,0.195658958,              1949P   3319
3.467638836,0.,0.191738711,3.474467083,0.,0.187741398,              1949P   3320
3.481429563,0.,0.183673469,3.481429563,0.,0.,1.,0.,0.,1.;           1949P   3321
126,5,3,1,0,1,0,0.,0.,0.,0.,0.5,0.5,1.,1.,1.,1.,1.,1.,1.,1.,1.,     1951P   3322
1.,-6.,0.,-26.,-6.,-0.525676104,-26.,-5.920078368,-1.046845855,     1951P   3323
-26.218210577,-5.741631237,-1.782381796,-26.95416305,               1951P   3324
-5.656854249,-2.,-27.467776402,-5.656854249,-2.,-28.,0.,1.,         1951P   3325
-0.938999919,0.,-0.343917362;                                       1951P   3326
126,4,2,1,0,1,0,0.,0.,0.,0.5,0.5,1.,1.,1.,1.,1.,1.,1.,1.,           1953P   3327
0.183673469,3.481429563,0.,0.137752912,3.556010789,0.,              1953P   3328
0.099019307,3.622924401,0.,0.056498058,3.696381298,0.,              1953P   3329
0.020408163,3.764419239,0.,0.,1.,0.,0.,-1.;                         1953P   3330
126,3,3,1,0,0,0,0.,0.,0.,0.,1.,1.,1.,1.,1.,0.993337530402763,       1955P   3331
0.993337530402763,1.,-5.656854249,-2.,-28.,-5.467562203,            1955P   3332
-2.535398759,-30.85546005,-5.204658254,-3.038752337,                1955P   3333
-33.540012466,-4.873397172,-3.5,-36.,0.,1.,0.,0.982872187,          1955P   3334
-0.184288535;                                                       1955P   3335
126,1,1,1,0,1,0,0.,0.,1.,1.,1.,1.,0.020408163,3.764419239,0.,       1957P   3336
0.020408163,3.141592654,0.,0.,1.,0.,0.,1.;                          1957P   3337
124,-0.812232862067414,-0.583333333333333,8.55166289179392E-31,     1959P   3338
6.15719728209162E-29,-0.583333333333333,0.812232862067414,          1959P   3339
6.98296267768627E-15,2.51386656396706E-13,                          1959P   3340
-4.07339489531699E-15,5.67179176140705E-15,-1.,-72.;                1959P   3341
100,-36.,0.,0.,6.,0.,4.873397172,3.5;                               1961P   3342
102,12,1909,1913,1917,1921,1927,1931,1935,1939,1945,1949,1953,      1963P   3343
1957;                                                               1963P   3344
102,12,1911,1915,1919,1925,1929,1933,1937,1943,1947,1951,1955,      1965P   3345
1961;                                                               1965P   3346
142,1,1907,1963,1965,1;                                             1967P   3347
126,16,2,1,0,1,0,0.,0.,0.,0.125,0.125,0.25,0.25,0.375,0.375,        1969P   3348
0.5,0.5,0.625,0.625,0.75,0.75,0.875,0.875,1.,1.,1.,1.,1.,1.,1.,     1969P   3349
1.,1.,1.,1.,1.,1.,1.,1.,1.,1.,1.,1.,1.,0.183673469,4.372552071,     1969P   3350
0.,0.187713098,4.372552071,0.,0.191683573,4.379418852,0.,           1969P   3351
0.195634335,4.386251541,0.,0.199375702,4.399635299,0.,              1969P   3352
0.203055697,4.412799513,0.,0.20639067,4.431787912,0.,               1969P   3353
0.209709076,4.450681985,0.,0.212546622,4.474545805,0.,              1969P   3354
0.215366658,4.498262364,0.,0.217590662,4.525870925,0.,              1969P   3355
0.219819872,4.553544117,0.,0.221358321,4.583993032,0.,              1969P   3356
0.222910491,4.614713522,0.,0.223700284,4.647097836,0.,              1969P   3357
0.224489796,4.679470607,0.,0.224489796,4.71238898,0.,0.,1.,0.,      1969P   3358
0.,1.;                                                              1969P   3359
126,5,3,1,0,1,0,0.,0.,0.,0.,0.5,0.5,1.,1.,1.,1.,1.,1.,1.,1.,1.,     1971P   3360
1.,-2.,-5.656854249,-28.,-2.,-5.656854249,-27.467116865,            1971P   3361
-1.780038737,-5.742264226,-26.951316075,-1.047246095,               1971P   3362
-5.919916551,-26.219114969,-0.52638393,-6.,-26.,0.,-6.,-26.,0.,     1971P   3363
1.,-0.361965758,-0.932191391,0.;                                    1971P   3364
126,16,2,1,0,1,0,0.,0.,0.,0.125,0.125,0.25,0.25,0.375,0.375,        1973P   3365
0.5,0.5,0.625,0.625,0.75,0.75,0.875,0.875,1.,1.,1.,1.,1.,1.,1.,     1973P   3366
1.,1.,1.,1.,1.,1.,1.,1.,1.,1.,1.,1.,1.,0.224489796,4.71238898,      1973P   3367
0.,0.224489796,4.745473348,0.,0.223692369,4.778003833,0.,           1973P   3368
0.222901866,4.810251901,0.,0.221355229,4.840846108,0.,              1973P   3369
0.219814686,4.871319758,0.,0.217582274,4.899011117,0.,              1973P   3370
0.215353383,4.9266588,0.,0.2125268,4.95039875,0.,0.20970591,        1973P   3371
4.97409088,0.,0.206410431,4.992877462,0.,0.203065229,               1973P   3372
5.011947505,0.,0.199372454,5.02515428,0.,0.195658958,               1973P   3373
5.038435162,0.,0.191738711,5.04526341,0.,0.187741398,               1973P   3374
5.05222589,0.,0.183673469,5.05222589,0.,0.,1.,0.,0.,1.;             1973P   3375
126,5,3,1,0,1,0,0.,0.,0.,0.,0.5,0.5,1.,1.,1.,1.,1.,1.,1.,1.,1.,     1975P   3376
1.,0.,-6.,-26.,0.525676104,-6.,-26.,1.046845855,-5.920078368,       1975P   3377
-26.218210577,1.782381796,-5.741631237,-26.95416305,2.,             1975P   3378
-5.656854249,-27.467776402,2.,-5.656854249,-28.,0.,1.,0.,           1975P   3379
-0.938999919,-0.343917362;                                          1975P   3380
126,4,2,1,0,1,0,0.,0.,0.,0.5,0.5,1.,1.,1.,1.,1.,1.,1.,1.,           1977P   3381
0.183673469,5.05222589,0.,0.137752912,5.126807115,0.,               1977P   3382
0.099019307,5.193720728,0.,0.056498058,5.267177625,0.,              1977P   3383
0.020408163,5.335215566,0.,0.,1.,0.,0.,-1.;                         1977P   3384
126,3,3,1,0,0,0,0.,0.,0.,0.,1.,1.,1.,1.,1.,0.993337530402763,       1979P   3385
0.993337530402763,1.,2.,-5.656854249,-28.,2.535398759,              1979P   3386
-5.467562203,-30.85546005,3.038752337,-5.204658254,                 1979P   3387
-33.540012466,3.5,-4.873397172,-36.,0.,1.,-0.982872187,0.,          1979P   3388
-0.184288535;                                                       1979P   3389
126,1,1,1,0,1,0,0.,0.,1.,1.,1.,1.,0.020408163,5.335215566,0.,       1981P   3390
0.020408163,4.089562395,0.,0.,1.,0.,0.,1.;                          1981P   3391
124,0.583333333333322,-0.812232862067422,-5.67179176140705E-15,     1983P   3392
-2.04184503410654E-13,-0.812232862067422,-0.583333333333322,        1983P   3393
4.07339489531699E-15,1.46642216231412E-13,                          1983P   3394
-6.61709038830819E-15,2.23066863314987E-15,-1.,-72.;                1983P   3395
100,-36.,0.,0.,6.,0.,1.916666667,5.685630034;                       1985P   3396
126,4,2,1,0,1,0,0.,0.,0.,0.5,0.5,1.,1.,1.,1.,1.,1.,1.,1.,           1987P   3397
0.020408163,4.089562395,0.,0.056498058,4.157600336,0.,              1987P   3398
0.099019307,4.231057233,0.,0.137752912,4.297970845,0.,              1987P   3399
0.183673469,4.372552071,0.,0.,1.,0.,0.,-1.;                         1987P   3400
126,3,3,1,0,0,0,0.,0.,0.,0.,1.,1.,1.,1.,1.,0.993337530402763,       1989P   3401
0.993337530402763,1.,-3.5,-4.873397172,-36.,-3.038752337,           1989P   3402
-5.204658254,-33.540012466,-2.535398759,-5.467562203,               1989P   3403
-30.85546005,-2.,-5.656854249,-28.,0.,1.,0.982872187,0.,            1989P   3404
-0.184288535;                                                       1989P   3405
102,5,1969,1973,1977,1981,1987;                                     1991P   3406
102,5,1971,1975,1979,1985,1989;                                     1993P   3407
142,1,1907,1991,1993,1;                                             1995P   3408
144,1907,1,1,1967,1995;                                             1997P   3409
314,10.1960784313725,10.1960784313725,10.1960784313725,;            1999P   3410
128,1,1,1,1,0,0,1,0,0,0.,0.,1.,1.,0.,0.,1.,1.,1.,1.,1.,1.,          2001P   3411
-2.299458138,3.20471133,233.746422005,2.299458138,3.20471133,       2001P   3412
233.746422005,-2.299458138,3.167224796,229.147658512,               2001P   3413
2.299458138,3.167224796,229.147658512,0.,1.,0.,1.;                  2001P   3414
126,32,2,1,0,1,0,0.,0.,0.,0.0625,0.0625,0.125,0.125,0.1875,         2003P   3415
0.1875,0.25,0.25,0.3125,0.3125,0.375,0.375,0.4375,0.4375,0.5,       2003P   3416
0.5,0.5625,0.5625,0.625,0.625,0.6875,0.6875,0.75,0.75,0.8125,       2003P   3417
0.8125,0.875,0.875,0.9375,0.9375,1.,1.,1.,1.,1.,1.,1.,1.,1.,1.,     2003P   3418
1.,1.,1.,1.,1.,1.,1.,1.,1.,1.,1.,1.,1.,1.,1.,1.,1.,1.,1.,1.,1.,     2003P   3419
1.,1.,1.,1.,1.,0.994071146,0.5,0.,0.994071146,0.548661761,0.,       2003P   3420
0.984577708,0.596388499,0.,0.975084269,0.644115237,0.,              2003P   3421
0.95646222,0.689072842,0.,0.93784017,0.734030447,0.,                2003P   3422
0.910805144,0.774491222,0.,0.883770119,0.814951997,0.,              2003P   3423
0.849361058,0.849361058,0.,0.814951997,0.883770119,0.,              2003P   3424
0.774491222,0.910805144,0.,0.734030447,0.93784017,0.,               2003P   3425
0.689072842,0.95646222,0.,0.644115237,0.975084269,0.,               2003P   3426
0.596388499,0.984577708,0.,0.548661761,0.994071146,0.,0.5,          2003P   3427
0.994071146,0.,0.451338239,0.994071146,0.,0.403611501,              2003P   3428
0.984577708,0.,0.355884763,0.975084269,0.,0.310927158,              2003P   3429
0.95646222,0.,0.265969553,0.93784017,0.,0.225508778,                2003P   3430
0.910805144,0.,0.185048003,0.883770119,0.,0.150638942,              2003P   3431
0.849361058,0.,0.116229881,0.814951997,0.,0.089194856,              2003P   3432
0.774491222,0.,0.06215983,0.734030447,0.,0.04353778,                2003P   3433
0.689072842,0.,0.024915731,0.644115237,0.,0.015422292,              2003P   3434
0.596388499,0.,0.005928854,0.548661761,0.,0.005928854,0.5,0.,       2003P   3435
0.,1.,0.,0.,-1.;                                                    2003P   3436
124,1.,0.,0.,0.,0.,-0.0081511669109845,0.999966778687167,           2005P   3437
-228.227413863197,0.,-0.999966778687167,-0.0081511669109845,        2005P   3438
236.519465935514;                                                   2005P   3439
100,231.447040258,0.,3.185968063,2.272191836,3.185968063,           2007P   3440
-2.272191836,3.185968063;                                           2007P   3441
126,32,2,1,0,1,0,0.,0.,0.,0.0625,0.0625,0.125,0.125,0.1875,         2009P   3442
0.1875,0.25,0.25,0.3125,0.3125,0.375,0.375,0.4375,0.4375,0.5,       2009P   3443
0.5,0.5625,0.5625,0.625,0.625,0.6875,0.6875,0.75,0.75,0.8125,       2009P   3444
0.8125,0.875,0.875,0.9375,0.9375,1.,1.,1.,1.,1.,1.,1.,1.,1.,1.,     2009P   3445
1.,1.,1.,1.,1.,1.,1.,1.,1.,1.,1.,1.,1.,1.,1.,1.,1.,1.,1.,1.,1.,     2009P   3446
1.,1.,1.,1.,1.,0.005928854,0.5,0.,0.005928854,0.451338239,0.,       2009P   3447
0.015422292,0.403611501,0.,0.024915731,0.355884763,0.,              2009P   3448
0.04353778,0.310927158,0.,0.06215983,0.265969553,0.,                2009P   3449
0.089194856,0.225508778,0.,0.116229881,0.185048003,0.,              2009P   3450
0.150638942,0.150638942,0.,0.185048003,0.116229881,0.,              2009P   3451
0.225508778,0.089194856,0.,0.265969553,0.06215983,0.,               2009P   3452
0.310927158,0.04353778,0.,0.355884763,0.024915731,0.,               2009P   3453
0.403611501,0.015422292,0.,0.451338239,0.005928854,0.,0.5,          2009P   3454
0.005928854,0.,0.548661761,0.005928854,0.,0.596388499,              2009P   3455
0.015422292,0.,0.644115237,0.024915731,0.,0.689072842,              2009P   3456
0.04353778,0.,0.734030447,0.06215983,0.,0.774491222,                2009P   3457
0.089194856,0.,0.814951997,0.116229881,0.,0.849361058,              2009P   3458
0.150638942,0.,0.883770119,0.185048003,0.,0.910805144,              2009P   3459
0.225508778,0.,0.93784017,0.265969553,0.,0.95646222,                2009P   3460
0.310927158,0.,0.975084269,0.355884763,0.,0.984577708,              2009P   3461
0.403611501,0.,0.994071146,0.451338239,0.,0.994071146,0.5,0.,       2009P   3462
0.,1.,0.,0.,-1.;                                                    2009P   3463
124,-1.,6.98296267768627E-15,0.,-2.2247496076843E-14,               2011P   3464
5.6919294318996E-17,0.0081511669109845,0.999966778687167,           2011P   3465
-228.279352578108,6.98273069449865E-15,0.999966778687167,           2011P   3466
-0.0081511669109845,230.147741493421;                               2011P   3467
100,231.447040258,0.,3.185968063,2.272191836,3.185968063,           2013P   3468
-2.272191836,3.185968063;                                           2013P   3469
102,2,2003,2009;                                                    2015P   3470
102,2,2007,2013;                                                    2017P   3471
142,1,2001,2015,2017,1;                                             2019P   3472
144,2001,1,0,2019;                                                  2021P   3473
314,10.1960784313725,10.1960784313725,10.1960784313725,;            2023P   3474
128,6,31,3,3,0,0,0,0,0,0.49996395416121,0.49996395416121,           2025P   3475
0.49996395416121,0.49996395416121,0.5,0.5,0.5,1.,1.,1.,1.,          2025P   3476
0.00461936772608273,0.00461936772608273,0.00461936772608273,        2025P   3477
0.00461936772608273,0.0242065438851145,0.0242065438851145,          2025P   3478
0.048413087770229,0.048413087770229,0.0726196316553434,             2025P   3479
0.0726196316553434,0.0968261755404579,0.0968261755404579,           2025P   3480
0.145239263310687,0.145239263310687,0.193652351080916,              2025P   3481
0.193652351080916,0.300109793028772,0.300109793028772,              2025P   3482
0.447149332210341,0.447149332210341,0.594188871391911,              2025P   3483
0.594188871391911,0.695641653543933,0.695641653543933,              2025P   3484
0.797094435695956,0.797094435695956,0.847820826771967,              2025P   3485
0.847820826771967,0.898547217847978,0.898547217847978,              2025P   3486
0.949273608923989,0.949273608923989,1.,1.,1.,1.,                    2025P   3487
0.999855827039258,0.999903881228032,0.999951938881613,1.,           2025P   3488
0.333333333333333,0.333333333333333,1.,0.999855827039258,           2025P   3489
0.999903881228032,0.999951938881613,1.,0.333333333333333,           2025P   3490
0.333333333333333,1.,0.999855827039258,0.999903881228032,           2025P   3491
0.999951938881613,1.,0.333333333333333,0.333333333333333,1.,        2025P   3492
0.999855827039258,0.999903881228032,0.999951938881613,1.,           2025P   3493
0.333333333333333,0.333333333333333,1.,0.999855827039258,           2025P   3494
0.999903881228032,0.999951938881613,1.,0.333333333333333,           2025P   3495
0.333333333333333,1.,0.999855827039258,0.999903881228032,           2025P   3496
0.999951938881613,1.,0.333333333333333,0.333333333333333,1.,        2025P   3497
0.999855827039258,0.999903881228032,0.999951938881613,1.,           2025P   3498
0.333333333333333,0.333333333333333,1.,0.999855827039258,           2025P   3499
0.999903881228032,0.999951938881613,1.,0.333333333333333,           2025P   3500
0.333333333333333,1.,0.999855827039258,0.999903881228032,           2025P   3501
0.999951938881613,1.,0.333333333333333,0.333333333333333,1.,        2025P   3502
0.999855827039258,0.999903881228032,0.999951938881613,1.,           2025P   3503
0.333333333333333,0.333333333333333,1.,0.999855827039258,           2025P   3504
0.999903881228032,0.999951938881613,1.,0.333333333333333,           2025P   3505
0.333333333333333,1.,0.999855827039258,0.999903881228032,           2025P   3506
0.999951938881613,1.,0.333333333333333,0.333333333333333,1.,        2025P   3507
0.999855827039258,0.999903881228032,0.999951938881613,1.,           2025P   3508
0.333333333333333,0.333333333333333,1.,0.999855827039258,           2025P   3509
0.999903881228032,0.999951938881613,1.,0.333333333333333,           2025P   3510
0.333333333333333,1.,0.999855827039258,0.999903881228032,           2025P   3511
0.999951938881613,1.,0.333333333333333,0.333333333333333,1.,        2025P   3512
0.999855827039258,0.999903881228032,0.999951938881613,1.,           2025P   3513
0.333333333333333,0.333333333333333,1.,0.999855827039258,           2025P   3514
0.999903881228032,0.999951938881613,1.,0.333333333333333,           2025P   3515
0.333333333333333,1.,0.999855827039258,0.999903881228032,           2025P   3516
0.999951938881613,1.,0.333333333333333,0.333333333333333,1.,        2025P   3517
0.999855827039258,0.999903881228032,0.999951938881613,1.,           2025P   3518
0.333333333333333,0.333333333333333,1.,0.999855827039258,           2025P   3519
0.999903881228032,0.999951938881613,1.,0.333333333333333,           2025P   3520
0.333333333333333,1.,0.999855827039258,0.999903881228032,           2025P   3521
0.999951938881613,1.,0.333333333333333,0.333333333333333,1.,        2025P   3522
0.999855827039258,0.999903881228032,0.999951938881613,1.,           2025P   3523
0.333333333333333,0.333333333333333,1.,0.999855827039258,           2025P   3524
0.999903881228032,0.999951938881613,1.,0.333333333333333,           2025P   3525
0.333333333333333,1.,0.999855827039258,0.999903881228032,           2025P   3526
0.999951938881613,1.,0.333333333333333,0.333333333333333,1.,        2025P   3527
0.999855827039258,0.999903881228032,0.999951938881613,1.,           2025P   3528
0.333333333333333,0.333333333333333,1.,0.999855827039258,           2025P   3529
0.999903881228032,0.999951938881613,1.,0.333333333333333,           2025P   3530
0.333333333333333,1.,0.999855827039258,0.999903881228032,           2025P   3531
0.999951938881613,1.,0.333333333333333,0.333333333333333,1.,        2025P   3532
0.999855827039258,0.999903881228032,0.999951938881613,1.,           2025P   3533
0.333333333333333,0.333333333333333,1.,0.999855827039258,           2025P   3534
0.999903881228032,0.999951938881613,1.,0.333333333333333,           2025P   3535
0.333333333333333,1.,0.999855827039258,0.999903881228032,           2025P   3536
0.999951938881613,1.,0.333333333333333,0.333333333333333,1.,        2025P   3537
0.999855827039258,0.999903881228032,0.999951938881613,1.,           2025P   3538
0.333333333333333,0.333333333333333,1.,0.999855827039258,           2025P   3539
0.999903881228032,0.999951938881613,1.,0.333333333333333,           2025P   3540
0.333333333333333,1.,-2.272191812,-0.362186109,147.441975652,       2025P   3541
-2.272191828,-0.362295226,147.441980299,-2.272191836,               2025P   3542
-0.36240434,147.441984946,-2.272191836,-0.362513452,                2025P   3543
147.441989593,-2.272191836,-4.902835065,147.635350002,              2025P   3544
2.272191836,-4.902835065,147.635350002,2.272191836,                 2025P   3545
-0.362513452,147.441989593,-2.272191812,-0.849245148,               2025P   3546
148.061788526,-2.272191828,-0.849353978,148.061799969,              2025P   3547
-2.272191836,-0.849462806,148.061811412,-2.272191836,               2025P   3548
-0.849571631,148.061822854,-2.272191836,-5.377971049,               2025P   3549
148.537964337,2.272191836,-5.377971049,148.537964337,               2025P   3550
2.272191836,-0.849571631,148.061822854,-2.272191812,                2025P   3551
-1.230000104,148.661096571,-2.272191828,-1.230107974,               2025P   3552
148.661115757,-2.272191836,-1.23021584,148.661134942,               2025P   3553
-2.272191836,-1.230323704,148.661154127,-2.272191836,               2025P   3554
-5.718729188,149.45946365,2.272191836,-5.718729188,                 2025P   3555
149.45946365,2.272191836,-1.230323704,148.661154127,                2025P   3556
-2.272191812,-1.873898102,149.960509205,-2.272191828,               2025P   3557
-1.87400104,149.960547253,-2.272191836,-1.874103976,                2025P   3558
149.960585301,-2.272191836,-1.874206909,149.960623349,              2025P   3559
-2.272191836,-6.157426968,151.543825917,2.272191836,                2025P   3560
-6.157426968,151.543825917,2.272191836,-1.874206909,                2025P   3561
149.960623349,-2.272191812,-2.088514359,150.651137472,              2025P   3562
-2.272191828,-2.088612506,150.651186972,-2.272191836,               2025P   3563
-2.08871065,150.65123647,-2.272191836,-2.088808792,                 2025P   3564
150.651285967,-2.272191836,-6.172661784,152.710936089,              2025P   3565
2.272191836,-6.172661784,152.710936089,2.272191836,                 2025P   3566
-2.088808792,150.651285967,-2.272191812,-2.281112765,               2025P   3567
151.993561519,-2.272191828,-2.281197246,151.993631846,              2025P   3568
-2.272191836,-2.281281725,151.993702171,-2.272191836,               2025P   3569
-2.281366202,151.993772495,-2.272191836,-5.796606357,               2025P   3570
154.920050085,2.272191836,-5.796606357,154.920050085,               2025P   3571
2.272191836,-2.281366202,151.993772495,-2.272191812,                2025P   3572
-2.258815605,152.645909307,-2.272191828,-2.258891332,               2025P   3573
152.645988776,-2.272191836,-2.258967056,152.646068243,              2025P   3574
-2.272191836,-2.259042779,152.646147708,-2.272191836,               2025P   3575
-5.409991512,155.952813295,2.272191836,-5.409991512,                2025P   3576
155.952813295,2.272191836,-2.259042779,152.646147708,               2025P   3577
-2.272191812,-2.013907587,153.924733768,-2.272191828,               2025P   3578
-2.013965875,153.924826786,-2.272191836,-2.014024161,               2025P   3579
153.924919802,-2.272191836,-2.014082446,153.925012815,              2025P   3580
-2.272191836,-4.439408997,157.795452896,2.272191836,                2025P   3581
-4.439408997,157.795452896,2.272191836,-2.014082446,                2025P   3582
153.925012815,-2.272191812,-1.790953804,154.55093608,               2025P   3583
-2.272191828,-1.791003554,154.551033622,-2.272191836,               2025P   3584
-1.791053303,154.551131161,-2.272191836,-1.79110305,                2025P   3585
154.551228699,-2.272191836,-3.861181646,158.609922048,              2025P   3586
2.272191836,-3.861181646,158.609922048,2.272191836,-1.79110305,     2025P   3587
154.551228699,-2.272191812,-0.881796428,156.394478674,              2025P   3588
-2.272191828,-0.881824475,156.394585388,-2.272191836,               2025P   3589
-0.881852522,156.394692099,-2.272191836,-0.881880567,               2025P   3590
156.394798808,-2.272191836,-2.048913146,160.835140539,              2025P   3591
2.272191836,-2.048913146,160.835140539,2.272191836,                 2025P   3592
-0.881880567,156.394798808,-2.272191812,0.044689465,                2025P   3593
157.574986067,-2.272191828,0.044670679,157.575093782,               2025P   3594
-2.272191836,0.044651893,157.575201495,-2.272191836,                2025P   3595
0.044633108,157.575309205,-2.272191836,-0.737055199,                2025P   3596
162.057306207,2.272191836,-0.737055199,162.057306207,               2025P   3597
2.272191836,0.044633108,157.575309205,-2.272191812,2.164438617,     2025P   3598
159.870350361,-2.272191828,2.16443027,159.870459383,                2025P   3599
-2.272191836,2.164421924,159.870568402,-2.272191836,                2025P   3600
2.164413577,159.870677419,-2.272191836,1.817105335,                 2025P   3601
164.407053807,2.272191836,1.817105335,164.407053807,                2025P   3602
2.272191836,2.164413577,159.870677419,-2.272191812,3.356814746,     2025P   3603
160.985937258,-2.272191828,3.356807956,160.986046275,               2025P   3604
-2.272191836,3.356801166,160.986155289,-2.272191836,                2025P   3605
3.356794376,160.9862643,-2.272191836,3.074258691,165.522415606,     2025P   3606
2.272191836,3.074258691,165.522415606,2.272191836,3.356794376,      2025P   3607
160.9862643,-2.272191812,7.002592088,164.533948708,                 2025P   3608
-2.272191828,7.00257984,164.534057299,-2.272191836,7.002567591,     2025P   3609
164.534165887,-2.272191836,7.002555343,164.534274472,               2025P   3610
-2.272191836,6.492885204,169.052701715,2.272191836,6.492885204,     2025P   3611
169.052701715,2.272191836,7.002555343,164.534274472,                2025P   3612
-2.272191812,9.230596226,166.940750433,-2.272191828,9.23057438,     2025P   3613
166.940858465,-2.272191836,9.230552536,166.940966494,               2025P   3614
-2.272191836,9.230530691,166.941074521,-2.272191836,                2025P   3615
8.321555385,171.43624604,2.272191836,8.321555385,171.43624604,      2025P   3616
2.272191836,9.230530691,166.941074521,-2.272191812,                 2025P   3617
13.233915056,173.506153152,-2.272191828,13.23385983,                2025P   3618
173.506249579,-2.272191836,13.233804604,173.506346003,              2025P   3619
-2.272191836,13.23374938,173.506442425,-2.272191836,                2025P   3620
10.935785606,177.518717915,2.272191836,10.935785606,                2025P   3621
177.518717915,2.272191836,13.23374938,173.506442425,                2025P   3622
-2.272191812,14.48385002,177.97454412,-2.272191828,                 2025P   3623
14.483779376,177.974629103,-2.272191836,14.483708734,               2025P   3624
177.974714083,-2.272191836,14.483638094,177.974799062,              2025P   3625
-2.272191836,11.544181481,181.510891653,2.272191836,                2025P   3626
11.544181481,181.510891653,2.272191836,14.483638094,                2025P   3627
177.974799062,-2.272191812,14.803037495,187.410890541,              2025P   3628
-2.272191828,14.802944499,187.410950242,-2.272191836,               2025P   3629
14.802851504,187.411009941,-2.272191836,14.802758512,               2025P   3630
187.411069639,-2.272191836,10.933199007,189.895192268,              2025P   3631
2.272191836,10.933199007,189.895192268,2.272191836,                 2025P   3632
14.802758512,187.411069639,-2.272191812,13.87316788,                2025P   3633
192.379163026,-2.272191828,13.873067573,192.379208753,              2025P   3634
-2.272191836,13.872967268,192.37925448,-2.272191836,                2025P   3635
13.872866966,192.379300205,-2.272191836,9.699125146,                2025P   3636
194.282012087,2.272191836,9.699125146,194.282012087,                2025P   3637
2.272191836,13.872866966,192.379300205,-2.272191812,                2025P   3638
10.434427124,200.514698686,-2.272191828,10.434319541,               2025P   3639
200.514720149,-2.272191836,10.434211961,200.514741612,              2025P   3640
-2.272191836,10.434104383,200.514763074,-2.272191836,               2025P   3641
5.957608163,201.407845342,2.272191836,5.957608163,                  2025P   3642
201.407845342,2.272191836,10.434104383,200.514763074,               2025P   3643
-2.272191812,8.50177598,203.750881656,-2.272191828,8.501668007,     2025P   3644
203.750898104,-2.272191836,8.501560036,203.750914552,               2025P   3645
-2.272191836,8.501452068,203.750930999,-2.272191836,                2025P   3646
4.008712415,204.43532685,2.272191836,4.008712415,204.43532685,      2025P   3647
2.272191836,8.501452068,203.750930999,-2.272191812,4.640410318,     2025P   3648
210.006638563,-2.272191828,4.640302065,210.006653058,               2025P   3649
-2.272191836,4.640193814,210.006667553,-2.272191836,                2025P   3650
4.640085567,210.006682048,-2.272191836,0.135718125,                 2025P   3651
210.60982483,2.272191836,0.135718125,210.60982483,2.272191836,      2025P   3652
4.640085567,210.006682048,-2.272191812,2.711938662,                 2025P   3653
213.026673982,-2.272191828,2.711830416,213.026691343,               2025P   3654
-2.272191836,2.711722174,213.026708703,-2.272191836,                2025P   3655
2.711613933,213.026726064,-2.272191836,-1.792446066,                2025P   3656
213.749116142,2.272191836,-1.792446066,213.749116142,               2025P   3657
2.272191836,2.711613933,213.026726064,-2.272191812,0.602745822,     2025P   3658
217.34862362,-2.272191828,0.602641055,217.348654834,                2025P   3659
-2.272191836,0.60253629,217.348686048,-2.272191836,0.602431528,     2025P   3660
217.34871726,-2.272191836,-3.756898662,218.647527668,               2025P   3661
2.272191836,-3.756898662,218.647527668,2.272191836,0.602431528,     2025P   3662
217.34871726,-2.272191812,0.030116355,218.754255753,                2025P   3663
-2.272191828,0.03001339,218.754293319,-2.272191836,0.029910427,     2025P   3664
218.754330885,-2.272191836,0.029807466,218.754368449,               2025P   3665
-2.272191836,-4.254556917,220.317498924,2.272191836,                2025P   3666
-4.254556917,220.317498924,2.272191836,0.029807466,                 2025P   3667
218.754368449,-2.272191812,-0.729736928,221.487868949,              2025P   3668
-2.272191828,-0.729832121,221.487923275,-2.272191836,               2025P   3669
-0.729927312,221.4879776,-2.272191836,-0.730022501,                 2025P   3670
221.488031924,-2.272191836,-4.690987122,223.748543877,              2025P   3671
2.272191836,-4.690987122,223.748543877,2.272191836,                 2025P   3672
-0.730022501,221.488031924,-2.272191812,-0.91748346,                2025P   3673
222.815293045,-2.272191828,-0.91757246,222.815358017,               2025P   3674
-2.272191836,-0.917661458,222.815422987,-2.272191836,               2025P   3675
-0.917750454,222.815487956,-2.272191836,-4.621008971,               2025P   3676
225.518941148,2.272191836,-4.621008971,225.518941148,               2025P   3677
2.272191836,-0.917750454,222.815487956,-2.272191812,                2025P   3678
-0.784961605,225.396085228,-2.272191828,-0.785030343,               2025P   3679
225.396171353,-2.272191836,-0.78509908,225.396257475,               2025P   3680
-2.272191836,-0.785167815,225.396343595,-2.272191836,               2025P   3681
-3.645345109,228.979940756,2.272191836,-3.645345109,                2025P   3682
228.979940756,2.272191836,-0.785167815,225.396343595,               2025P   3683
-2.272191812,-0.465303864,226.650905152,-2.272191828,               2025P   3684
-0.465358274,226.651001164,-2.272191836,-0.465412682,               2025P   3685
226.651097174,-2.272191836,-0.46546709,226.651193182,               2025P   3686
-2.272191836,-2.729437367,230.646239485,2.272191836,                2025P   3687
-2.729437367,230.646239485,2.272191836,-0.46546709,                 2025P   3688
226.651193182,-2.272191812,0.829769919,229.099333152,               2025P   3689
-2.272191828,0.829745032,229.099440667,-2.272191836,                2025P   3690
0.829720146,229.09954818,-2.272191836,0.82969526,229.099655689,     2025P   3691
-2.272191836,-0.205835814,233.573315465,2.272191836,                2025P   3692
-0.205835814,233.573315465,2.272191836,0.82969526,                  2025P   3693
229.099655689,-2.272191812,1.807024731,230.292531735,               2025P   3694
-2.272191828,1.807014255,230.292641038,-2.272191836,                2025P   3695
1.807003779,230.292750339,-2.272191836,1.806993303,                 2025P   3696
230.292859638,-2.272191836,1.371077061,234.840947631,               2025P   3697
2.272191836,1.371077061,234.840947631,2.272191836,1.806993303,      2025P   3698
230.292859638,-2.272191812,3.185965392,231.446712633,               2025P   3699
-2.272191828,3.185966283,231.446821844,-2.272191836,                2025P   3700
3.185967173,231.446931053,-2.272191836,3.185968063,                 2025P   3701
231.447040258,-2.272191836,3.223010093,235.991272959,               2025P   3702
2.272191836,3.223010093,235.991272959,2.272191836,3.185968063,      2025P   3703
231.447040258,0.49996395416121,1.,0.00461936772608273,1.;           2025P   3704
126,1,1,1,0,1,0,0.,0.,1.,1.,1.,1.,0.5,1.,0.,0.5,0.010556032,0.,     2027P   3705
0.,1.,0.,0.,1.;                                                     2027P   3706
126,31,3,1,0,0,0,0.,0.,0.,0.,0.0507263910760112,                    2029P   3707
0.0507263910760112,0.101452782152022,0.101452782152022,             2029P   3708
0.152179173228033,0.152179173228033,0.202905564304044,              2029P   3709
0.202905564304044,0.304358346456067,0.304358346456067,              2029P   3710
0.405811128608089,0.405811128608089,0.552850667789659,              2029P   3711
0.552850667789659,0.699890206971228,0.699890206971228,              2029P   3712
0.806347648919084,0.806347648919084,0.854760736689313,              2029P   3713
0.854760736689313,0.903173824459542,0.903173824459542,              2029P   3714
0.927380368344657,0.927380368344657,0.951586912229771,              2029P   3715
0.951586912229771,0.975793456114886,0.975793456114886,              2029P   3716
0.989443968463132,0.989443968463132,0.989443968463132,              2029P   3717
0.989443968463132,1.,1.,1.,1.,1.,1.,1.,1.,1.,1.,1.,1.,1.,1.,1.,     2029P   3718
1.,1.,1.,1.,1.,1.,1.,1.,1.,1.,1.,1.,1.,1.,1.,1.,1.,                 2029P   3719
-2.272191836,3.185968063,231.447040258,-2.272191836,                2029P   3720
1.806993303,230.292859638,-2.272191836,0.82969526,                  2029P   3721
229.099655689,-2.272191836,-0.46546709,226.651193182,               2029P   3722
-2.272191836,-0.785167815,225.396343595,-2.272191836,               2029P   3723
-0.917750454,222.815487956,-2.272191836,-0.730022501,               2029P   3724
221.488031924,-2.272191836,0.029807466,218.754368449,               2029P   3725
-2.272191836,0.602431528,217.34871726,-2.272191836,2.711613933,     2029P   3726
213.026726064,-2.272191836,4.640085567,210.006682048,               2029P   3727
-2.272191836,8.501452068,203.750930999,-2.272191836,                2029P   3728
10.434104383,200.514763074,-2.272191836,13.872866966,               2029P   3729
192.379300205,-2.272191836,14.802758512,187.411069639,              2029P   3730
-2.272191836,14.483638094,177.974799062,-2.272191836,               2029P   3731
13.23374938,173.506442425,-2.272191836,9.230530691,                 2029P   3732
166.941074521,-2.272191836,7.002555343,164.534274472,               2029P   3733
-2.272191836,3.356794376,160.9862643,-2.272191836,2.164413577,      2029P   3734
159.870677419,-2.272191836,0.044633108,157.575309205,               2029P   3735
-2.272191836,-0.881880567,156.394798808,-2.272191836,               2029P   3736
-1.79110305,154.551228699,-2.272191836,-2.014082446,                2029P   3737
153.925012815,-2.272191836,-2.259042779,152.646147708,              2029P   3738
-2.272191836,-2.281366202,151.993772495,-2.272191836,               2029P   3739
-2.088808792,150.651285967,-2.272191836,-1.874206909,               2029P   3740
149.960623349,-2.272191836,-1.317608322,148.837309792,              2029P   3741
-2.272191836,-1.071853358,148.423459116,-2.272191836,               2029P   3742
-0.776459919,148.,0.,0.989443968463132,-1.,0.,0.;                   2029P   3743
126,30,2,1,0,1,0,0.,0.,0.,0.0625,0.0625,0.125,0.125,0.1875,         2031P   3744
0.1875,0.25,0.25,0.3125,0.3125,0.375,0.375,0.4375,0.4375,0.5,       2031P   3745
0.5,0.625,0.625,0.6875,0.6875,0.75,0.75,0.8125,0.8125,0.875,        2031P   3746
0.875,0.9375,0.9375,1.,1.,1.,1.,1.,1.,1.,1.,1.,1.,1.,1.,1.,1.,      2031P   3747
1.,1.,1.,1.,1.,1.,1.,1.,1.,1.,1.,1.,1.,1.,1.,1.,1.,1.,1.,1.,        2031P   3748
0.5,0.010556032,0.,0.5220651,0.011053307,0.,0.53871439,             2031P   3749
0.011366706,0.,0.557185764,0.011714404,0.,0.574194498,              2031P   3750
0.011939474,0.,0.590310487,0.012152732,0.,0.606749682,              2031P   3751
0.012278505,0.,0.6211802,0.01238891,0.,0.637087013,0.012441156,     2031P   3752
0.,0.649868973,0.012483139,0.,0.665192633,0.012492269,0.,           2031P   3753
0.676175365,0.012498812,0.,0.691748964,0.012489329,0.,              2031P   3754
0.704426285,0.01248161,0.,0.717103603,0.012470607,0.,               2031P   3755
0.727974799,0.012461172,0.,0.741770191,0.012458058,0.,              2031P   3756
0.761330391,0.012453643,0.,0.791141129,0.012476865,0.,              2031P   3757
0.809050087,0.012490815,0.,0.816919535,0.012493583,0.,              2031P   3758
0.832206736,0.012498961,0.,0.843855945,0.012483802,0.,              2031P   3759
0.85939916,0.012463576,0.,0.872765533,0.012402651,0.,               2031P   3760
0.888792959,0.012329596,0.,0.903703851,0.012189468,0.,              2031P   3761
0.920390206,0.012032655,0.,0.937233362,0.011777087,0.,              2031P   3762
0.95422166,0.011519318,0.,0.973556763,0.011126167,0.,0.,1.,0.,      2031P   3763
0.,1.;                                                              2031P   3764
126,9,3,1,0,1,0,0.,0.,0.,0.,0.25,0.25,0.5,0.5,0.75,0.75,1.,1.,      2033P   3765
1.,1.,1.,1.,1.,1.,1.,1.,1.,1.,1.,1.,-2.272191836,-0.776459919,      2033P   3766
148.,-2.272191836,-1.350190492,148.164904237,-2.090889166,          2033P   3767
-1.94463581,148.289978433,-1.318575393,-2.829876635,                2033P   3768
148.423633307,-0.738971614,-3.109538898,148.447556476,              2033P   3769
0.440100225,-3.185814194,148.455271677,1.049593196,                 2033P   3770
-2.986429942,148.439469353,1.941037656,-2.207255673,                2033P   3771
148.33408109,2.20064854,-1.64047275,148.23434662,2.258066197,       2033P   3772
-1.064727916,148.080164758,0.,1.,-0.235854584,-0.268447228,         2033P   3773
-0.933974679;                                                       2033P   3774
126,2,2,1,0,1,0,0.,0.,0.,1.,1.,1.,1.,1.,1.,0.973556763,             2035P   3775
0.011126167,0.,0.985271312,0.010887968,0.,1.,0.010556032,0.,0.,     2035P   3776
1.,0.,0.,1.;                                                        2035P   3777
126,4,3,1,0,1,0,0.,0.,0.,0.,0.5,1.,1.,1.,1.,1.,1.,1.,1.,1.,         2037P   3778
2.258066197,-1.064727916,148.080164758,2.262888381,                 2037P   3779
-1.016374362,148.067215895,2.269941012,-0.919998461,                2037P   3780
148.040862412,2.272191836,-0.824217859,148.013726803,               2037P   3781
2.272191836,-0.776459919,148.,0.,1.,0.,0.,0.;                       2037P   3782
126,1,1,1,0,1,0,0.,0.,1.,1.,1.,1.,1.,0.010556032,0.,1.,1.,0.,       2039P   3783
0.,1.,0.,0.,1.;                                                     2039P   3784
126,31,3,1,0,0,0,0.0105560315377786,0.0105560315377786,             2041P   3785
0.0105560315377786,0.0105560315377786,0.0242065438851145,           2041P   3786
0.0242065438851145,0.048413087770229,0.048413087770229,             2041P   3787
0.0726196316553434,0.0726196316553434,0.0968261755404579,           2041P   3788
0.0968261755404579,0.145239263310687,0.145239263310687,             2041P   3789
0.193652351080916,0.193652351080916,0.300109793028772,              2041P   3790
0.300109793028772,0.447149332210341,0.447149332210341,              2041P   3791
0.594188871391911,0.594188871391911,0.695641653543933,              2041P   3792
0.695641653543933,0.797094435695956,0.797094435695956,              2041P   3793
0.847820826771967,0.847820826771967,0.898547217847978,              2041P   3794
0.898547217847978,0.949273608923989,0.949273608923989,1.,1.,1.,     2041P   3795
1.,1.,1.,1.,1.,1.,1.,1.,1.,1.,1.,1.,1.,1.,1.,1.,1.,1.,1.,1.,1.,     2041P   3796
1.,1.,1.,1.,1.,1.,1.,1.,1.,1.,1.,1.,2.272191836,-0.776459919,       2041P   3797
148.,2.272191836,-1.071853358,148.423459116,2.272191836,            2041P   3798
-1.317608322,148.837309792,2.272191836,-1.874206909,                2041P   3799
149.960623349,2.272191836,-2.088808792,150.651285967,               2041P   3800
2.272191836,-2.281366202,151.993772495,2.272191836,                 2041P   3801
-2.259042779,152.646147708,2.272191836,-2.014082446,                2041P   3802
153.925012815,2.272191836,-1.79110305,154.551228699,                2041P   3803
2.272191836,-0.881880567,156.394798808,2.272191836,0.044633108,     2041P   3804
157.575309205,2.272191836,2.164413577,159.870677419,                2041P   3805
2.272191836,3.356794376,160.9862643,2.272191836,7.002555343,        2041P   3806
164.534274472,2.272191836,9.230530691,166.941074521,                2041P   3807
2.272191836,13.23374938,173.506442425,2.272191836,14.483638094,     2041P   3808
177.974799062,2.272191836,14.802758512,187.411069639,               2041P   3809
2.272191836,13.872866966,192.379300205,2.272191836,                 2041P   3810
10.434104383,200.514763074,2.272191836,8.501452068,                 2041P   3811
203.750930999,2.272191836,4.640085567,210.006682048,                2041P   3812
2.272191836,2.711613933,213.026726064,2.272191836,0.602431528,      2041P   3813
217.34871726,2.272191836,0.029807466,218.754368449,2.272191836,     2041P   3814
-0.730022501,221.488031924,2.272191836,-0.917750454,                2041P   3815
222.815487956,2.272191836,-0.785167815,225.396343595,               2041P   3816
2.272191836,-0.46546709,226.651193182,2.272191836,0.82969526,       2041P   3817
229.099655689,2.272191836,1.806993303,230.292859638,                2041P   3818
2.272191836,3.185968063,231.447040258,0.0105560315377786,1.,1.,     2041P   3819
0.,0.;                                                              2041P   3820
126,1,1,1,0,1,0,0.,0.,1.,1.,1.,1.,1.,1.,0.,0.5,1.,0.,0.,1.,0.,      2043P   3821
0.,1.;                                                              2043P   3822
124,1.,0.,0.,0.,0.,0.00815116691097752,-0.999966778687167,          2045P   3823
234.599349989373,0.,0.999966778687167,0.00815116691097752,          2045P   3824
226.374614581026;                                                   2045P   3825
100,231.447040258,0.,3.185968063,2.272191836,3.185968063,           2047P   3826
-2.272191836,3.185968063;                                           2047P   3827
102,5,2027,2031,2035,2039,2043;                                     2049P   3828
102,5,2029,2033,2037,2041,2047;                                     2051P   3829
142,1,2025,2049,2051,1;                                             2053P   3830
144,2025,1,0,2053;                                                  2055P   3831
128,3,3,3,3,0,0,0,0,0,0.,0.,0.,0.,1.,1.,1.,1.,0.,0.,0.,0.,1.,       2057P   3832
1.,1.,1.,1.,0.755320871117972,0.755320871117972,1.,                 2057P   3833
0.333333333333333,0.251773623705991,0.251773623705991,              2057P   3834
0.333333333333333,0.333333333333333,0.251773623705991,              2057P   3835
0.251773623705991,0.333333333333333,1.,0.755320871117972,           2057P   3836
0.755320871117972,1.,-7.900166583,0.,17.995004165,-8.580053765,     2057P   3837
0.,18.063220423,-9.063220423,0.,17.580053765,-8.995004165,0.,       2057P   3838
16.900166583,-7.900166583,-15.800333167,17.995004165,               2057P   3839
-8.580053765,-17.16010753,18.063220423,-9.063220423,                2057P   3840
-18.126440845,17.580053765,-8.995004165,-17.990008331,              2057P   3841
16.900166583,7.900166583,-15.800333167,17.995004165,                2057P   3842
8.580053765,-17.16010753,18.063220423,9.063220423,                  2057P   3843
-18.126440845,17.580053765,8.995004165,-17.990008331,               2057P   3844
16.900166583,7.900166583,0.,17.995004165,8.580053765,0.,            2057P   3845
18.063220423,9.063220423,0.,17.580053765,8.995004165,0.,            2057P   3846
16.900166583,0.,1.,0.,1.;                                           2057P   3847
126,1,1,1,0,1,0,0.,0.,1.,1.,1.,1.,0.063141457,0.,0.,                2059P   3848
0.936858543,0.,0.,0.,1.,0.,0.,1.;                                   2059P   3849
124,-6.12323399573676E-17,-1.,-1.22464679914735E-16,-8.,            2061P   3850
6.12323399573677E-17,1.22464679914735E-16,-1.,17.,1.,               2061P   3851
-6.12323399573677E-17,6.12323399573677E-17,25.;                     2061P   3852
100,17.,-8.,0.,-7.,0.,-8.,1.;                                       2063P   3853
126,1,1,1,0,1,0,0.,0.,1.,1.,1.,1.,0.936858543,0.,0.,                2065P   3854
0.936858543,1.,0.,0.,1.,0.,0.,1.;                                   2065P   3855
100,17.,0.,0.,-9.,0.,9.,0.;                                         2067P   3856
126,1,1,1,0,1,0,0.,0.,1.,1.,1.,1.,0.936858543,1.,0.,                2069P   3857
0.063141457,1.,0.,0.,1.,0.,0.,1.;                                   2069P   3858
124,1.,0.,0.,0.,0.,6.12323399573677E-17,-1.,17.,0.,1.,              2071P   3859
6.12323399573677E-17,17.;                                           2071P   3860
100,17.,8.,0.,9.,0.,8.,1.;                                          2073P   3861
126,1,1,1,0,1,0,0.,0.,1.,1.,1.,1.,0.063141457,1.,0.,                2075P   3862
0.063141457,0.,0.,0.,1.,0.,0.,1.;                                   2075P   3863
124,1.,-7.36566480241981E-15,9.08614182253104E-31,                  2077P   3864
-1.63550552805559E-29,-7.36566480241981E-15,-1.,                    2077P   3865
6.98296267768627E-15,-1.25693328198353E-13,                         2077P   3866
-5.05255482293919E-29,-6.98296267768627E-15,-1.,36.;                2077P   3867
100,18.,0.,0.,8.,0.,-8.,0.;                                         2079P   3868
102,4,2059,2065,2069,2075;                                          2081P   3869
102,4,2063,2067,2073,2079;                                          2083P   3870
142,1,2057,2081,2083,1;                                             2085P   3871
144,2057,1,0,2085;                                                  2087P   3872
128,3,3,3,3,0,0,0,0,0,0.,0.,0.,0.,1.,1.,1.,1.,0.,0.,0.,0.,1.,       2089P   3873
1.,1.,1.,1.,0.755320871117978,0.755320871117978,1.,                 2089P   3874
0.333333333333333,0.251773623705993,0.251773623705993,              2089P   3875
0.333333333333333,0.333333333333333,0.251773623705993,              2089P   3876
0.251773623705993,0.333333333333333,1.,0.755320871117978,           2089P   3877
0.755320871117978,1.,-8.499000833,0.,87.219966683,-8.512644085,     2089P   3878
0.,87.083989247,-8.416010753,0.,86.987355915,-8.280033317,0.,       2089P   3879
87.000999167,-8.499000833,-16.998001666,87.219966683,               2089P   3880
-8.512644085,-17.025288169,87.083989247,-8.416010753,               2089P   3881
-16.832021506,86.987355915,-8.280033317,-16.560066633,              2089P   3882
87.000999167,8.499000833,-16.998001666,87.219966683,                2089P   3883
8.512644085,-17.025288169,87.083989247,8.416010753,                 2089P   3884
-16.832021506,86.987355915,8.280033317,-16.560066633,               2089P   3885
87.000999167,8.499000833,0.,87.219966683,8.512644085,0.,            2089P   3886
87.083989247,8.416010753,0.,86.987355915,8.280033317,0.,            2089P   3887
87.000999167,0.,1.,0.,1.;                                           2089P   3888
126,1,1,1,0,1,0,0.,0.,1.,1.,1.,1.,0.063141457,0.,0.,                2091P   3889
0.936858543,0.,0.,0.,1.,0.,0.,1.;                                   2091P   3890
124,-1.,7.105427357601E-15,-1.22464679914735E-16,-16.6,             2093P   3891
1.22464679914735E-16,-6.12323399573685E-17,-1.,87.2,                2093P   3892
-7.105427357601E-15,-1.,6.12323399573677E-17,87.2;                  2093P   3893
100,87.2,-8.3,0.,-8.1,0.,-8.3,0.2;                                  2095P   3894
126,1,1,1,0,1,0,0.,0.,1.,1.,1.,1.,0.936858543,0.,0.,                2097P   3895
0.936858543,1.,0.,0.,1.,0.,0.,1.;                                   2097P   3896
100,87.,0.,0.,-8.3,0.,8.3,0.;                                       2099P   3897
126,1,1,1,0,1,0,0.,0.,1.,1.,1.,1.,0.936858543,1.,0.,                2101P   3898
0.063141457,1.,0.,0.,1.,0.,0.,1.;                                   2101P   3899
124,1.40271576953299E-14,1.,0.,8.29999999999988,                    2103P   3900
-6.12323399573677E-17,8.58915688636046E-31,-1.,87.2,-1.,            2103P   3901
1.40271576953299E-14,6.12323399573677E-17,95.5;                     2103P   3902
100,87.2,8.3,0.,8.5,0.,8.3,0.2;                                     2105P   3903
126,1,1,1,0,1,0,0.,0.,1.,1.,1.,1.,0.063141457,1.,0.,                2107P   3904
0.063141457,0.,0.,0.,1.,0.,0.,1.;                                   2107P   3905
124,1.,-7.105427357601E-15,0.,0.,-7.105427357601E-15,-1.,           2109P   3906
6.98296267768627E-15,-6.08914345494243E-13,                         2109P   3907
-4.96169340471387E-29,-6.98296267768627E-15,-1.,174.4;              2109P   3908
100,87.2,0.,0.,8.5,0.,-8.5,0.;                                      2111P   3909
102,4,2091,2097,2101,2107;                                          2113P   3910
102,4,2095,2099,2105,2111;                                          2115P   3911
142,1,2089,2113,2115,1;                                             2117P   3912
144,2089,1,0,2117;                                                  2119P   3913
128,3,3,3,3,0,0,0,0,0,0.,0.,0.,0.,1.,1.,1.,1.,0.,0.,0.,0.,1.,       2121P   3914
1.,1.,1.,1.,0.975034616916169,0.975034616916169,1.,                 2121P   3915
0.333333333333333,0.325011538972056,0.325011538972056,              2121P   3916
0.333333333333333,0.333333333333333,0.325011538972056,              2121P   3917
0.325011538972056,0.333333333333333,1.,0.975034616916169,           2121P   3918
0.975034616916169,1.,4.231504157,0.,138.742202789,4.151035265,      2121P   3919
0.,138.909184142,4.118847986,0.,139.09172727,4.137353024,0.,        2121P   3920
139.276160397,4.231504157,8.463008313,138.742202789,                2121P   3921
4.151035265,8.30207053,138.909184142,4.118847986,8.237695972,       2121P   3922
139.09172727,4.137353024,8.274706047,139.276160397,                 2121P   3923
-4.231504157,8.463008313,138.742202789,-4.151035265,8.30207053,     2121P   3924
138.909184142,-4.118847986,8.237695972,139.09172727,                2121P   3925
-4.137353024,8.274706047,139.276160397,-4.231504157,0.,             2121P   3926
138.742202789,-4.151035265,0.,138.909184142,-4.118847986,0.,        2121P   3927
139.09172727,-4.137353024,0.,139.276160397,0.,1.,0.,1.;             2121P   3928
126,1,1,1,0,1,0,0.,0.,1.,1.,1.,1.,0.183322201,1.,0.,                2123P   3929
0.183322201,0.,0.,0.,1.,0.,0.,1.;                                   2123P   3930
124,-1.,-6.98296267768627E-15,0.,-1.40129846432482E-42,             2125P   3931
-6.98296267768627E-15,1.,-6.98296267768627E-15,                     2125P   3932
9.69474783027887E-13,4.87617677579594E-29,                          2125P   3933
-6.98296267768627E-15,-1.,277.668613674766;                         2125P   3934
100,138.834306837,0.,0.,4.192664568,0.,-4.192664568,0.;             2127P   3935
126,1,1,1,0,1,0,0.,0.,1.,1.,1.,1.,0.183322201,0.,0.,                2129P   3936
0.816677799,0.,0.,0.,1.,0.,0.,1.;                                   2129P   3937
124,-0.939692620785904,-0.342020143325681,0.,9.95519536636364,      2131P   3938
2.09426936883857E-17,-5.75395780113923E-17,1.,                      2131P   3939
-139.176326980708,-0.342020143325681,0.939692620785904,             2131P   3940
6.12323399573677E-17,140.931696522022;                              2131P   3941
100,139.176326981,5.132357189,0.,6.132357189,0.,6.07204981,         2133P   3942
0.342020143;                                                        2133P   3943
126,1,1,1,0,1,0,0.,0.,1.,1.,1.,1.,0.816677799,0.,0.,                2135P   3944
0.816677799,1.,0.,0.,1.,0.,0.,1.;                                   2135P   3945
100,139.176326981,0.,0.,4.132357189,0.,-4.132357189,0.;             2137P   3946
126,1,1,1,0,1,0,0.,0.,1.,1.,1.,1.,0.816677799,1.,0.,                2139P   3947
0.183322201,1.,0.,0.,1.,0.,0.,1.;                                   2139P   3948
124,1.,-1.22464679914735E-16,1.22464679914735E-16,                  2141P   3949
-1.73472347597681E-14,-1.22464679914735E-16,                        2141P   3950
6.12323399573677E-17,1.,-139.176326980708,                          2141P   3951
-1.22464679914735E-16,-1.,6.12323399573677E-17,                     2141P   3952
139.176326980708;                                                   2141P   3953
100,139.176326981,-5.132357189,0.,-4.132357189,0.,-4.192664568,     2143P   3954
0.342020143;                                                        2143P   3955
102,4,2123,2129,2135,2139;                                          2145P   3956
102,4,2127,2133,2137,2143;                                          2147P   3957
142,1,2121,2145,2147,1;                                             2149P   3958
144,2121,1,0,2149;                                                  2151P   3959
128,63,2,3,2,0,0,0,0,0,0.,0.,0.,0.,0.000646327819592451,            2153P   3960
0.000646327819592451,0.000969491729388676,0.000969491729388676,     2153P   3961
0.00113107368428679,0.00113107368428679,0.0012926556391849,         2153P   3962
0.0012926556391849,0.00193898345877735,0.00193898345877735,         2153P   3963
0.00226214736857358,0.00226214736857358,0.0025853112783698,         2153P   3964
0.0025853112783698,0.00323163909796225,0.00323163909796225,         2153P   3965
0.00339322105286037,0.00339322105286037,0.00355480300775848,        2153P   3966
0.00355480300775848,0.00387796691755471,0.00387796691755471,        2153P   3967
0.00420113082735093,0.00420113082735093,0.00436271278224904,        2153P   3968
0.00436271278224904,0.00452429473714716,0.00452429473714716,        2153P   3969
0.00517062255673961,0.00517062255673961,0.00549378646653583,        2153P   3970
0.00549378646653583,0.00565536842143394,0.00565536842143394,        2153P   3971
0.00581695037633206,0.00581695037633206,0.00646327819592451,        2153P   3972
0.00646327819592451,0.00662486015082262,0.00662486015082262,        2153P   3973
0.00678644210572073,0.00678644210572073,0.00710960601551696,        2153P   3974
0.00710960601551696,0.00775593383510941,0.00775593383510941,        2153P   3975
0.00840226165470186,0.00840226165470186,0.00872542556449809,        2153P   3976
0.00872542556449809,0.0088870075193962,0.0088870075193962,          2153P   3977
0.00904858947429431,0.00904858947429431,0.00969491729388676,        2153P   3978
0.00969491729388676,0.00985649924878488,0.00985649924878488,        2153P   3979
0.010018081203683,0.010018081203683,0.0103412451134792,             2153P   3980
0.0103412451134792,0.0103412451134792,0.0103412451134792,0.,0.,     2153P   3981
0.,1.,1.,1.,1.,1.,1.,1.,1.,1.,1.,1.,1.,1.,1.,1.,1.,1.,1.,1.,1.,     2153P   3982
1.,1.,1.,1.,1.,1.,1.,1.,1.,1.,1.,1.,1.,1.,1.,1.,1.,1.,1.,1.,1.,     2153P   3983
1.,1.,1.,1.,1.,1.,1.,1.,1.,1.,1.,1.,1.,1.,1.,1.,1.,1.,1.,1.,1.,     2153P   3984
1.,1.,1.,1.,1.,0.678172264921501,0.663059228204059,                 2153P   3985
0.648928752518736,0.629344066726329,0.623083312513512,              2153P   3986
0.614096972556511,0.611168894340526,0.605447047790474,              2153P   3987
0.602661781008467,0.589218241446452,0.579884407218609,              2153P   3988
0.567623520901539,0.563827025346133,0.556767092402199,              2153P   3989
0.553563329681011,0.544791764102694,0.540053182093835,              2153P   3990
0.535238660499171,0.534329808674375,0.532635371880883,              2153P   3991
0.53184903117016,0.529661100786652,0.528429844861047,               2153P   3992
0.526380715504261,0.5255629278212,0.524632995574354,                2153P   3993
0.524372650465754,0.523951097293437,0.523790099433323,              2153P   3994
0.523239271251901,0.523586588924072,0.525291983550955,              2153P   3995
0.526060573650438,0.52754037805191,0.528088021396725,               2153P   3996
0.529284272189405,0.529934147660091,0.533449524658926,              2153P   3997
0.537098047856378,0.542963539601095,0.544202856691243,              2153P   3998
0.546824706029845,0.548202849152225,0.552518576116797,              2153P   3999
0.555648312312267,0.565880276127375,0.573817546903792,              2153P   4000
0.592582165437645,0.603094427820798,0.620757217398787,              2153P   4001
0.626960333870147,0.636757365646685,0.640114756838569,              2153P   4002
0.646938872276909,0.650404534646565,0.667987890641347,              2153P   4003
0.682879621330866,0.702227682847201,0.706133418933134,              2153P   4004
0.714007592575278,0.717976831948435,0.729863965264129,              2153P   4005
0.737793852846476,0.745682851999118,1.,1.,1.,1.,1.,1.,1.,1.,1.,     2153P   4006
1.,1.,1.,1.,1.,1.,1.,1.,1.,1.,1.,1.,1.,1.,1.,1.,1.,1.,1.,1.,1.,     2153P   4007
1.,1.,1.,1.,1.,1.,1.,1.,1.,1.,1.,1.,1.,1.,1.,1.,1.,1.,1.,1.,1.,     2153P   4008
1.,1.,1.,1.,1.,1.,1.,1.,1.,1.,1.,1.,1.,3.247580058,-1.18487753,     2153P   4009
147.,3.221196931,-1.402160524,147.,3.174163176,-1.613113174,        2153P   4010
147.,3.073198834,-1.920162446,147.,3.034442368,-2.020942025,        2153P   4011
147.,2.968423093,-2.169684705,147.,2.945100412,-2.218860486,        2153P   4012
147.,2.895755392,-2.316381156,147.,2.869795126,-2.364585088,        2153P   4013
147.,2.734758928,-2.600748865,147.,2.609127806,-2.776274847,        2153P   4014
147.,2.394775062,-3.019834893,147.,2.318965914,-3.0977216,147.,     2153P   4015
2.158406491,-3.246609346,147.,2.075029947,-3.316339508,147.,        2153P   4016
1.815981663,-3.511954847,147.,1.63147672,-3.62439494,147.,          2153P   4017
1.385968085,-3.74229997,147.,1.335974408,-3.764794393,147.,         2153P   4018
1.235336433,-3.807090464,147.,1.184678607,-3.826909109,147.,        2153P   4019
1.031709859,-3.882460218,147.,0.928406126,-3.914297517,147.,        2153P   4020
0.719199797,-3.96777579,147.,0.613297155,-3.989416587,147.,         2153P   4021
0.452472531,-4.014146136,147.,0.398535272,-4.021098328,147.,        2153P   4022
0.289991421,-4.032376666,147.,0.235336686,-4.036697178,147.,        2153P   4023
-0.036646106,-4.051489625,147.,-0.252450815,-4.042029324,147.,      2153P   4024
-0.573544455,-3.996601064,147.,-0.680136854,-3.976213245,147.,      2153P   4025
-0.839344203,-3.937488643,147.,-0.892225324,-3.923229566,147.,      2153P   4026
-0.996592462,-3.892307953,147.,-1.04822174,-3.875612112,147.,       2153P   4027
-1.30363483,-3.786042738,147.,-1.499300432,-3.695080739,147.,       2153P   4028
-1.732833625,-3.55676,147.,-1.778982662,-3.527853441,147.,          2153P   4029
-1.870138423,-3.467495095,147.,-1.9149765,-3.436146867,147.,        2153P   4030
-2.04632484,-3.339315598,147.,-2.130078312,-3.270790106,147.,       2153P   4031
-2.37011074,-3.053516675,147.,-2.515296237,-2.893155085,147.,       2153P   4032
-2.774318737,-2.540001843,147.,-2.883664298,-2.353331524,147.,      2153P   4033
-3.018811893,-2.058875135,147.,-3.059015091,-1.958297397,147.,      2153P   4034
-3.111927709,-1.803730722,147.,-3.128371274,-1.751442505,147.,      2153P   4035
-3.158504418,-1.646479122,147.,-3.172201282,-1.593815429,147.,      2153P   4036
-3.234007161,-1.329609558,147.,-3.262255208,-1.115428328,147.,      2153P   4037
-3.271951598,-0.844298342,147.,-3.272599444,-0.789900744,147.,      2153P   4038
-3.271290955,-0.680759515,147.,-3.269327208,-0.626005806,147.,      2153P   4039
-3.259591923,-0.462575724,147.,-3.24798803,-0.354276151,147.,       2153P   4040
-3.231382464,-0.246616436,147.,2.171828862,-1.054256731,147.,       2153P   4041
2.108166732,-1.199152848,147.,2.034140083,-1.325690712,147.,        2153P   4042
1.912427849,-1.496924384,147.,1.869373973,-1.551439354,147.,        2153P   4043
1.802363879,-1.628844904,147.,1.779457586,-1.654068872,147.,        2153P   4044
1.732748425,-1.703228836,147.,1.709014363,-1.727065459,147.,        2153P   4045
1.587920316,-1.843510941,147.,1.48940516,-1.921857873,147.,         2153P   4046
1.337605622,-2.025620976,147.,1.285875644,-2.058022825,147.,        2153P   4047
1.180473262,-2.118734087,147.,1.127794286,-2.14640849,147.,         2153P   4048
0.96814033,-2.223305774,147.,0.861865855,-2.265151433,147.,         2153P   4049
0.72626173,-2.308385052,147.,0.698769766,-2.316625884,147.,         2153P   4050
0.643882569,-2.332058415,147.,0.616489808,-2.339250125,147.,        2153P   4051
0.534229875,-2.359370688,147.,0.479575962,-2.370764563,147.,        2153P   4052
0.369886975,-2.389854124,147.,0.314939482,-2.397518768,147.,        2153P   4053
0.23197177,-2.406267388,147.,0.204215741,-2.408722996,147.,         2153P   4054
0.148459869,-2.412704981,147.,0.120446105,-2.414227859,147.,        2153P   4055
-0.018931755,-2.419445591,147.,-0.128665091,-2.416150442,147.,      2153P   4056
-0.294363126,-2.400064007,147.,-0.349558146,-2.392851155,147.,      2153P   4057
-0.432919646,-2.379032244,147.,-0.460708749,-2.373938964,147.,      2153P   4058
-0.515880095,-2.362851705,147.,-0.543326631,-2.356850195,147.,      2153P   4059
-0.679517457,-2.324637401,147.,-0.786860218,-2.291693868,147.,      2153P   4060
-0.922406012,-2.239222724,147.,-0.949332931,-2.228260297,147.,      2153P   4061
-1.003255831,-2.205163541,147.,-1.030141682,-2.193078928,147.,      2153P   4062
-1.109890852,-2.15547659,147.,-1.16243905,-2.128391852,147.,        2153P   4063
-1.317680395,-2.040808456,147.,-1.419386413,-1.973854578,147.,      2153P   4064
-1.620667877,-1.814289786,147.,-1.716185814,-1.725708337,147.,      2153P   4065
-1.852724585,-1.571638557,147.,-1.896361903,-1.517783961,147.,      2153P   4066
-1.959573934,-1.431057414,147.,-1.980157544,-1.401339913,147.,      2153P   4067
-2.020023586,-1.340495173,147.,-2.039311323,-1.309406409,147.,      2153P   4068
-2.130852014,-1.152938993,147.,-2.194903266,-1.015301727,147.,      2153P   4069
-2.258130263,-0.824599137,147.,-2.269698969,-0.786384001,147.,      2153P   4070
-2.290946653,-0.708483788,147.,-2.300641508,-0.668807477,147.,      2153P   4071
-2.326361464,-0.54926526,147.,-2.339536658,-0.467317031,147.,       2153P   4072
-2.348280557,-0.38282715,147.,2.258066197,-1.064727916,             2153P   4073
148.080164758,2.242805519,-1.217751511,148.121143786,               2153P   4074
2.215306772,-1.36621725,148.15812389,2.15401054,-1.583715515,       2153P   4075
148.207937327,2.13021258,-1.655336361,148.223606153,                2153P   4076
2.089046297,-1.761506428,148.245787762,2.07441123,-1.796685143,     2153P   4077
148.252961535,2.043226591,-1.866615972,148.266884114,               2153P   4078
2.026715456,-1.901267505,148.273612014,1.94024212,-2.071462333,     2153P   4079
148.305875061,1.857960399,-2.19937314,148.327601775,                2153P   4080
1.714005831,-2.378608847,148.355640483,1.662578941,-2.4362355,      2153P   4081
148.364223092,1.552557948,-2.546910146,148.380045731,               2153P   4082
1.49490537,-2.599011808,148.387152378,1.314299577,-2.745758095,     2153P   4083
148.406472259,1.183749313,-2.830931703,148.416714791,               2153P   4084
1.008056597,-2.920685815,148.427041007,0.972187042,                 2153P   4085
-2.937836816,148.428984747,0.899811965,-2.970126853,                2153P   4086
148.432600557,0.863297409,-2.985278651,148.43427428,                2153P   4087
0.752815957,-3.02779499,148.438922492,0.67791304,-3.052226836,      2153P   4088
148.441525898,0.52579438,-3.09332112,148.445848784,0.448578415,     2153P   4089
-3.109983602,148.447567987,0.331117294,-3.129037644,                2153P   4090
148.449520632,0.291690324,-3.134397446,148.450066736,               2153P   4091
0.212301427,-3.143094821,148.450950584,0.172304171,                 2153P   4092
-3.146428048,148.451287888,-0.026797092,-3.157841401,               2153P   4093
148.452441719,-0.184960049,-3.15052771,148.451716753,               2153P   4094
-0.41956952,-3.115516954,148.44813731,-0.497331876,                 2153P   4095
-3.099813837,148.446522492,-0.613170192,-3.07004512,                2153P   4096
148.443402786,-0.651594113,-3.059091727,148.442246799,              2153P   4097
-0.727306091,-3.035363616,148.439717034,-0.764698449,               2153P   4098
-3.022563284,148.438340587,-0.94933149,-2.953975395,                2153P   4099
148.430879028,-1.089637726,-2.884549022,148.423095411,              2153P   4100
-1.25507707,-2.779861759,148.410383942,-1.287664501,                2153P   4101
-2.758021574,148.407689939,-1.351807596,-2.712511741,               2153P   4102
148.401968919,-1.383243999,-2.688920475,148.398951411,              2153P   4103
-1.474983435,-2.616208818,148.389463002,-1.533003664,               2153P   4104
-2.564957386,148.382533171,-1.697845605,-2.403264165,               2153P   4105
148.359652087,-1.795511761,-2.284949475,148.341642901,              2153P   4106
-1.966055458,-2.027451088,148.29786881,-2.035989368,                2153P   4107
-1.892760168,148.272831533,-2.1205428,-1.682349321,                 2153P   4108
148.229390282,-2.145317863,-1.610797094,148.213926797,              2153P   4109
-2.177545368,-1.501222501,148.189101444,-2.187488302,               2153P   4110
-1.464217113,148.18052948,-2.205599637,-1.390031325,                2153P   4111
148.162963475,-2.213773043,-1.352858573,148.153972617,              2153P   4112
-2.250450072,-1.166529383,148.107980099,-2.266537577,               2153P   4113
-1.016031337,148.067830011,-2.2720574,-0.824486056,                 2153P   4114
148.013782511,-2.272422183,-0.786002539,148.002782191,              2153P   4115
-2.271682495,-0.708633042,147.980417317,-2.270573906,               2153P   4116
-0.669739326,147.969049938,-2.265099134,-0.553337631,               2153P   4117
147.934722788,-2.258595188,-0.475787201,147.911444983,              2153P   4118
-2.249297345,-0.398094442,147.887914168,0.,0.0103412451134792,      2153P   4119
0.,1.;                                                              2153P   4120
126,1,1,1,0,1,0,0.,0.,1.,1.,1.,1.,0.010341245,1.,0.,                2155P   4121
0.009815872,1.,0.,0.,1.,0.,0.,1.;                                   2155P   4122
126,5,3,1,0,1,0,0.,0.,0.,0.,0.5,0.5,1.,1.,1.,1.,1.,1.,1.,1.,1.,     2157P   4123
1.,-2.249297345,-0.398094442,147.887914168,-2.256793253,            2157P   4124
-0.46073023,147.906884676,-2.262504255,-0.523566484,                2157P   4125
147.925780028,-2.270205096,-0.649714589,147.963221977,              2157P   4126
-2.272191836,-0.713157077,147.981805211,-2.272191836,               2157P   4127
-0.776459919,148.,0.,1.,0.,0.,0.;                                   2157P   4128
126,1,1,1,0,1,0,0.,0.,1.,1.,1.,1.,0.009815872,1.,0.,0.,1.,0.,       2159P   4129
0.,1.,0.,0.,1.;                                                     2159P   4130
126,9,3,1,0,1,0,0.,0.,0.,0.,0.25,0.25,0.5,0.5,0.75,0.75,1.,1.,      2161P   4131
1.,1.,1.,1.,1.,1.,1.,1.,1.,1.,1.,1.,-2.272191836,-0.776459919,      2161P   4132
148.,-2.272191836,-1.350190492,148.164904237,-2.090889166,          2161P   4133
-1.94463581,148.289978433,-1.318575393,-2.829876635,                2161P   4134
148.423633307,-0.738971614,-3.109538898,148.447556476,              2161P   4135
0.440100225,-3.185814194,148.455271677,1.049593196,                 2161P   4136
-2.986429942,148.439469353,1.941037656,-2.207255673,                2161P   4137
148.33408109,2.20064854,-1.64047275,148.23434662,2.258066197,       2161P   4138
-1.064727916,148.080164758,0.,1.,-0.235854584,-0.268447228,         2161P   4139
-0.933974679;                                                       2161P   4140
126,1,1,1,0,1,0,0.,0.,1.,1.,1.,1.,0.,1.,0.,0.,0.,0.,0.,1.,0.,       2163P   4141
0.,1.;                                                              2163P   4142
124,-0.989513861357036,-0.0795802583839653,-0.120537548746566,      2165P   4143
24.2063698963055,0.120149613931264,0.00966286344717877,             2165P   4144
-0.992708768643739,145.357274048677,0.0801647581824925,             2165P   4145
-0.996781626809775,6.12323399573677E-17,146.558594377868;           2165P   4146
100,148.,3.247580058,-1.18487753,4.247580058,-1.18487753,           2167P   4147
3.1674153,-0.188095903;                                             2167P   4148
126,1,1,1,0,1,0,0.,0.,1.,1.,1.,1.,0.,0.,0.,0.010341245,0.,0.,       2169P   4149
0.,1.,0.,0.,1.;                                                     2169P   4150
126,9,3,1,0,1,0,0.,0.,0.,0.,0.25,0.25,0.5,0.5,0.75,0.75,1.,1.,      2171P   4151
1.,1.,1.,1.,1.,1.,1.,1.,1.,1.,1.,1.,3.247580058,-1.18487753,        2171P   4152
147.,3.142041604,-2.054058544,147.,2.679475944,-2.859903721,        2171P   4153
147.,1.297885094,-3.903185521,147.,0.389736465,-4.132885841,        2171P   4154
147.,-1.322762948,-3.890601794,147.,-2.126762493,-3.422884951,      2171P   4155
147.,-3.162852482,-2.010271977,147.,-3.364227138,-1.107895123,      2171P   4156
147.,-3.231382464,-0.246616436,147.,0.,1.,0.,0.,1.;                 2171P   4157
126,1,1,1,0,1,0,0.,0.,1.,1.,1.,1.,0.010341245,0.,0.,                2173P   4158
0.010341245,1.,0.,0.,1.,0.,0.,1.;                                   2173P   4159
124,1.16573417585641E-14,0.988312944017033,-0.152438593172419,      2175P   4160
19.5732635413383,-1.870031907103E-15,-0.152438593172418,            2175P   4161
-0.988312944017033,145.986105416174,-1.,1.18516307878735E-14,       2175P   4162
6.12323399573677E-17,144.768617536094;                              2175P   4163
100,148.,-3.231382464,-0.246616436,-2.231382464,-0.246616436,       2177P   4164
-3.119296632,0.747082093;                                           2177P   4165
102,5,2155,2159,2163,2169,2173;                                     2179P   4166
102,5,2157,2161,2167,2171,2177;                                     2181P   4167
142,1,2153,2179,2181,1;                                             2183P   4168
144,2153,1,0,2183;                                                  2185P   4169
S      1G      4D   2186P   4169                                        T      1
