ISO-10303-21;
HEADER;
FILE_DESCRIPTION (( 'STEP AP214' ),
    '1' );
FILE_NAME ('SensorPh.STEP',
    '2026-03-05T17:28:10',
    ( '' ),
    ( '' ),
    'SwSTEP 2.0',
    'SolidWorks 2025',
    '' );
FILE_SCHEMA (( 'AUTOMOTIVE_DESIGN' ));
ENDSEC;

DATA;
#1 = CARTESIAN_POINT ( 'NONE',  ( -2.272191835612035415, 13.87286696617290538, 192.3793002053788541 ) ) ;
#2 = DIRECTION ( 'NONE',  ( 0.000000000000000000, 0.000000000000000000, -1.000000000000000000 ) ) ;
#3 = ORIENTED_EDGE ( 'NONE', *, *, #1039, .F. ) ;
#4 = ADVANCED_FACE ( 'NONE', ( #1178 ), #505, .F. ) ;
#5 = CARTESIAN_POINT ( 'NONE',  ( -1.887803390830208317, -2.154371828648307563, 148.3201630169797056 ) ) ;
#6 = CARTESIAN_POINT ( 'NONE',  ( -0.2806211292972207727, 2.135147002937737515, -25.62307568130558266 ) ) ;
#7 = ADVANCED_FACE ( 'NONE', ( #757 ), #183, .T. ) ;
#8 = CARTESIAN_POINT ( 'NONE',  ( -2.000000000000000000, 5.656854249492377917, -27.99999999999999645 ) ) ;
#9 = CARTESIAN_POINT ( 'NONE',  ( -2.272191835612035415, 4.544383671224070831, 146.9999999999999716 ) ) ;
#10 = CARTESIAN_POINT ( 'NONE',  ( 2.272191835612035415, 0.8296952599772654535, 229.0996556893304046 ) ) ;
#11 = ORIENTED_EDGE ( 'NONE', *, *, #2389, .T. ) ;
#12 = CARTESIAN_POINT ( 'NONE',  ( -5.966271815802569378, -0.6470201266451246491, -26.10297200332543355 ) ) ;
#13 = CARTESIAN_POINT ( 'NONE',  ( 0.000000000000000000, 0.000000000000000000, -36.00000000000000000 ) ) ;
#14 = CARTESIAN_POINT ( 'NONE',  ( -2.272191835612035415, 14.91060060335716564, 199.6216808065288717 ) ) ;
#15 = CIRCLE ( 'NONE', #2267, 9.000000000000000000 ) ;
#16 = ORIENTED_EDGE ( 'NONE', *, *, #2681, .T. ) ;
#17 = ORIENTED_EDGE ( 'NONE', *, *, #2227, .F. ) ;
#18 = CARTESIAN_POINT ( 'NONE',  ( 2.254504634832686705, 0.5857651023504748533, 146.9999999999940599 ) ) ;
#19 = CARTESIAN_POINT ( 'NONE',  ( -2.184803270843387324, -1.490291376979771654, 148.1874079686590164 ) ) ;
#20 = CARTESIAN_POINT ( 'NONE',  ( 2.272191835612035415, 13.23374938035294512, 173.5064424249461013 ) ) ;
#21 = CIRCLE ( 'NONE', #2556, 5.000000000000000888 ) ;
#22 = EDGE_CURVE ( 'NONE', #683, #167, #1885, .T. ) ;
#23 = CARTESIAN_POINT ( 'NONE',  ( 0.000000000000000000, 0.000000000000000000, 18.00000000000000355 ) ) ;
#24 = CARTESIAN_POINT ( 'NONE',  ( 2.272191835612035415, 9.230530691343631133, 166.9410745205528315 ) ) ;
#25 = CARTESIAN_POINT ( 'NONE',  ( 2.272191835612035415, 3.356794376124855983, 160.9862643002685729 ) ) ;
#26 = ORIENTED_EDGE ( 'NONE', *, *, #831, .T. ) ;
#27 = AXIS2_PLACEMENT_3D ( 'NONE', #2840, #982, #2565 ) ;
#28 = CARTESIAN_POINT ( 'NONE',  ( 10.99999999999999289, 1.347111479062087616E-15, 16.00000000000000000 ) ) ;
#29 = DIRECTION ( 'NONE',  ( 0.000000000000000000, 0.000000000000000000, 1.000000000000000000 ) ) ;
#30 = CARTESIAN_POINT ( 'NONE',  ( -2.272191835612035415, -0.6648215952135517748, 147.7781262688308175 ) ) ;
#31 = CARTESIAN_POINT ( 'NONE',  ( -2.000000000000000000, 4.582575694955838053, -27.99999999999999645 ) ) ;
#32 = EDGE_LOOP ( 'NONE', ( #674, #2300 ) ) ;
#33 = CARTESIAN_POINT ( 'NONE',  ( -1.411951105751832358, 1.399175953738375666, 147.3892767886520403 ) ) ;
#34 = CARTESIAN_POINT ( 'NONE',  ( 1.886753877003127577, -2.156032683245394654, 148.3202964920654381 ) ) ;
#35 = CARTESIAN_POINT ( 'NONE',  ( 2.148912415320150870, 0.01244160262200445441, -25.62979730129358913 ) ) ;
#36 = CARTESIAN_POINT ( 'NONE',  ( -1.796059244238658481, 5.725115037038463583, -27.11054576066073807 ) ) ;
#37 = CARTESIAN_POINT ( 'NONE',  ( 2.272191835612035415, 2.164413577240951181, 159.8706774191242914 ) ) ;
#38 = CARTESIAN_POINT ( 'NONE',  ( 2.000000000000000000, -4.582575694955840717, -27.99999999999999645 ) ) ;
#39 = EDGE_CURVE ( 'NONE', #1164, #431, #1674, .T. ) ;
#40 = VERTEX_POINT ( 'NONE', #1413 ) ;
#41 = FACE_OUTER_BOUND ( 'NONE', #2380, .T. ) ;
#42 = ORIENTED_EDGE ( 'NONE', *, *, #1484, .F. ) ;
#43 = CARTESIAN_POINT ( 'NONE',  ( -2.262504254995106212, -0.5235664836370432784, 147.9257800278084574 ) ) ;
#44 = AXIS2_PLACEMENT_3D ( 'NONE', #1263, #1526, #152 ) ;
#45 = CARTESIAN_POINT ( 'NONE',  ( -2.272191835612035415, -6.157426967992707389, 151.5438259170016408 ) ) ;
#46 = DIRECTION ( 'NONE',  ( -0.000000000000000000, -0.000000000000000000, 1.000000000000000000 ) ) ;
#47 = EDGE_LOOP ( 'NONE', ( #1955, #2028 ) ) ;
#48 = CARTESIAN_POINT ( 'NONE',  ( -2.000000000000000000, -5.656854249492382358, -27.99999999999999645 ) ) ;
#49 = CARTESIAN_POINT ( 'NONE',  ( -1.801271500949108484, -2.276601119456703071, 148.3400990106335087 ) ) ;
#50 = DIRECTION ( 'NONE',  ( 1.000000000000000000, 0.000000000000000000, 0.000000000000000000 ) ) ;
#51 = EDGE_LOOP ( 'NONE', ( #1210, #503, #145, #1695 ) ) ;
#52 = CARTESIAN_POINT ( 'NONE',  ( 8.300000000000000711, 0.000000000000000000, 87.20000000000001705 ) ) ;
#53 = CARTESIAN_POINT ( 'NONE',  ( 2.272191835612035415, 9.144453008695327512, 209.4035392654846817 ) ) ;
#54 = CARTESIAN_POINT ( 'NONE',  ( -10.99999999999999289, 2.000000000000000000, -27.99999999999999645 ) ) ;
#55 = ORIENTED_EDGE ( 'NONE', *, *, #716, .F. ) ;
#56 = CARTESIAN_POINT ( 'NONE',  ( -3.063861090610803473, -1.960723004829125093, 146.9999999999999432 ) ) ;
#57 = EDGE_CURVE ( 'NONE', #2891, #841, #1683, .T. ) ;
#58 = CARTESIAN_POINT ( 'NONE',  ( 2.272191835612035415, -2.259042779011218194, 152.6461477077538689 ) ) ;
#59 = CARTESIAN_POINT ( 'NONE',  ( -1.506361397436672300, 4.768642826873662699, -26.67803282268874554 ) ) ;
#60 = EDGE_LOOP ( 'NONE', ( #177, #2470, #1739, #2179 ) ) ;
#61 = FACE_OUTER_BOUND ( 'NONE', #2819, .T. ) ;
#62 = CARTESIAN_POINT ( 'NONE',  ( 2.535398759456073403, 5.467562202767254576, -30.85546005043238438 ) ) ;
#63 = CARTESIAN_POINT ( 'NONE',  ( 2.272191835612035415, 13.23374938035294512, 173.5064424249461013 ) ) ;
#64 = AXIS2_PLACEMENT_3D ( 'NONE', #2255, #1131, #2491 ) ;
#65 = AXIS2_PLACEMENT_3D ( 'NONE', #2724, #29, #702 ) ;
#66 = CARTESIAN_POINT ( 'NONE',  ( 2.535398759456072071, -5.467562202767254576, -30.85546005043237727 ) ) ;
#67 = CARTESIAN_POINT ( 'NONE',  ( 2.272191835612035415, -0.9177504536702094651, 222.8154879557174297 ) ) ;
#68 = VECTOR ( 'NONE', #2514, 1000.000000000000000 ) ;
#69 = CARTESIAN_POINT ( 'NONE',  ( 3.499999999999998224, -10.99999999999999289, -36.00000000000000000 ) ) ;
#70 = ORIENTED_EDGE ( 'NONE', *, *, #1592, .T. ) ;
#71 = CARTESIAN_POINT ( 'NONE',  ( -1.981971970914805370, -1.407414631061615795, 147.0000000000000284 ) ) ;
#72 = TOROIDAL_SURFACE ( 'NONE', #394, 8.300000000000000711, 0.2000000000000000111 ) ;
#73 = CARTESIAN_POINT ( 'NONE',  ( 2.000000000000000000, 4.582575694955844270, -27.99999999999999645 ) ) ;
#74 = EDGE_CURVE ( 'NONE', #243, #1459, #1107, .T. ) ;
#75 = CARTESIAN_POINT ( 'NONE',  ( -2.272191835612035415, -1.792446065618919615, 213.7491161415829879 ) ) ;
#76 = CARTESIAN_POINT ( 'NONE',  ( 2.000000000000000000, -4.582575694955839829, -27.73291300843422391 ) ) ;
#77 = ORIENTED_EDGE ( 'NONE', *, *, #1438, .T. ) ;
#78 = CARTESIAN_POINT ( 'NONE',  ( 4.582575694955839829, -2.000000000000000000, -27.73291300843421325 ) ) ;
#79 = EDGE_CURVE ( 'NONE', #2515, #1164, #934, .T. ) ;
#80 = DIRECTION ( 'NONE',  ( 0.000000000000000000, 0.9999667786871667685, -0.008151166910998208781 ) ) ;
#81 = CARTESIAN_POINT ( 'NONE',  ( 2.272191835612035415, 14.80275851229006179, 187.4110696385186827 ) ) ;
#82 = CARTESIAN_POINT ( 'NONE',  ( 5.000000000000000888, 0.000000000000000000, -37.00000000000000000 ) ) ;
#83 = CARTESIAN_POINT ( 'NONE',  ( -2.272191835612035415, 0.8919059536201729976, 149.3394821207337486 ) ) ;
#84 = CYLINDRICAL_SURFACE ( 'NONE', #1554, 2.000000000000001776 ) ;
#85 = CARTESIAN_POINT ( 'NONE',  ( 1.709423595287673070, -1.309803787486801596, -25.63400245299979474 ) ) ;
#86 = CARTESIAN_POINT ( 'NONE',  ( -5.744414859531554285, 1.734186987360516907, -26.99520918351894139 ) ) ;
#87 = VERTEX_POINT ( 'NONE', #1429 ) ;
#88 = CARTESIAN_POINT ( 'NONE',  ( -2.148948431720242080, 2.631702818438919045E-16, -21.99999999999999645 ) ) ;
#89 = CARTESIAN_POINT ( 'NONE',  ( 2.272191835612035415, 3.223010092899658563, 235.9912729591015079 ) ) ;
#90 = CARTESIAN_POINT ( 'NONE',  ( 1.323583228055377869, -4.822572602708175005, -26.49505836791383473 ) ) ;
#91 = ORIENTED_EDGE ( 'NONE', *, *, #185, .T. ) ;
#92 = CARTESIAN_POINT ( 'NONE',  ( -6.000000000001068479, -3.212551123474245490E-13, -25.99999999999679545 ) ) ;
#93 = DIRECTION ( 'NONE',  ( -1.000000000000000000, 0.000000000000000000, 0.000000000000000000 ) ) ;
#94 = CARTESIAN_POINT ( 'NONE',  ( 9.450028458852640989E-14, -5.000000000000412115, -25.99999999999896971 ) ) ;
#95 = EDGE_CURVE ( 'NONE', #2492, #2407, #1310, .T. ) ;
#96 = DIRECTION ( 'NONE',  ( 0.000000000000000000, 0.000000000000000000, -1.000000000000000000 ) ) ;
#97 = CARTESIAN_POINT ( 'NONE',  ( -2.272191835612035415, 14.48363809428791349, 177.9747990616768334 ) ) ;
#98 = ADVANCED_FACE ( 'NONE', ( #860 ), #2854, .F. ) ;
#99 = CARTESIAN_POINT ( 'NONE',  ( -1.309373480917141563, -1.709713375310489392, -25.63527709763803131 ) ) ;
#100 = CARTESIAN_POINT ( 'NONE',  ( 0.000000000000000000, 0.000000000000000000, -21.99999999999999645 ) ) ;
#101 = B_SPLINE_CURVE_WITH_KNOTS ( 'NONE', 3,
 ( #2505, #226, #2020, #2268, #2489, #1555, #2238, #1365, #2460, #1100, #1146, #2050, #36, #1382, #2282, #8 ),
 .UNSPECIFIED., .F., .F.,
 ( 4, 2, 2, 2, 2, 2, 2, 4 ),
 ( 0.003149989372431417911, 0.003543208571968069643, 0.003936427771504721375, 0.004329646971041373540, 0.004722866170578024839, 0.005116085370114677004, 0.005509304569651329170, 0.006295742968724642175 ),
 .UNSPECIFIED. ) ;
#102 = CARTESIAN_POINT ( 'NONE',  ( 2.272191835612035415, -5.796606357097052076, 154.9200500849745765 ) ) ;
#103 = CARTESIAN_POINT ( 'NONE',  ( -3.198186395471855903, -0.03139466394774735603, 147.0000000000000000 ) ) ;
#104 = VERTEX_POINT ( 'NONE', #1029 ) ;
#105 = CARTESIAN_POINT ( 'NONE',  ( 1.815981662753787917, -3.511954845903688227, 147.0000000000000568 ) ) ;
#106 = CARTESIAN_POINT ( 'NONE',  ( -4.849778644724782595, -1.231208478031237341, -26.40289445582459749 ) ) ;
#107 = CARTESIAN_POINT ( 'NONE',  ( -2.272191835612035415, -1.317608322307600943, 148.8373097922627721 ) ) ;
#108 = CARTESIAN_POINT ( 'NONE',  ( -2.272191835612035415, 2.711613933285028200, 213.0267260637161826 ) ) ;
#109 = EDGE_CURVE ( 'NONE', #881, #1722, #1933, .T. ) ;
#110 = VECTOR ( 'NONE', #1093, 1000.000000000000000 ) ;
#111 = CIRCLE ( 'NONE', #1135, 8.000000000000000000 ) ;
#112 = CARTESIAN_POINT ( 'NONE',  ( -1.684544387963418766, 1.089295218660204734, 147.4605884462118297 ) ) ;
#113 = CARTESIAN_POINT ( 'NONE',  ( 0.000000000000000000, 0.01244160262200446135, -28.26022638132937814 ) ) ;
#114 = CARTESIAN_POINT ( 'NONE',  ( 4.192664568019655036, 0.000000000000000000, 138.8343068373827975 ) ) ;
#115 = CIRCLE ( 'NONE', #1748, 3.000000000000002665 ) ;
#116 = EDGE_LOOP ( 'NONE', ( #388, #2424, #2258, #2796 ) ) ;
#117 = CARTESIAN_POINT ( 'NONE',  ( 4.849778644724782595, 1.231208478031237341, -26.40289445582459749 ) ) ;
#118 = DIRECTION ( 'NONE',  ( -0.000000000000000000, -0.000000000000000000, -1.000000000000000000 ) ) ;
#119 = CARTESIAN_POINT ( 'NONE',  ( -1.872953540829487951, -3.473767558131614308, 147.0000000000002274 ) ) ;
#120 = CIRCLE ( 'NONE', #1757, 8.500000000000000000 ) ;
#121 = CARTESIAN_POINT ( 'NONE',  ( -8.000000000000000000, 1.040949779275250140E-15, 18.00000000000000355 ) ) ;
#122 = ORIENTED_EDGE ( 'NONE', *, *, #865, .F. ) ;
#123 = CARTESIAN_POINT ( 'NONE',  ( -2.272191835612035415, 0.8296952599772654535, 229.0996556893304046 ) ) ;
#124 = CARTESIAN_POINT ( 'NONE',  ( -2.272191835612035415, -1.791103050249993389, 154.5512286986144659 ) ) ;
#125 = ORIENTED_EDGE ( 'NONE', *, *, #518, .T. ) ;
#126 = CARTESIAN_POINT ( 'NONE',  ( -1.377492241097275860, 1.820173139935296502, 147.0000000000181046 ) ) ;
#127 = CARTESIAN_POINT ( 'NONE',  ( 5.978756211677892729, -0.5208507034758973475, -26.06451009932289509 ) ) ;
#128 = CARTESIAN_POINT ( 'NONE',  ( 5.916162871740164420, 1.005504201904590111, -26.26628137834067900 ) ) ;
#129 = EDGE_CURVE ( 'NONE', #2492, #713, #1751, .T. ) ;
#130 = CARTESIAN_POINT ( 'NONE',  ( 0.000000000000000000, 0.000000000000000000, 18.00000000000000355 ) ) ;
#131 = CARTESIAN_POINT ( 'NONE',  ( 3.300325292637212637, -0.7504846194526242353, 147.0000000000000284 ) ) ;
#132 = ORIENTED_EDGE ( 'NONE', *, *, #2495, .T. ) ;
#133 = CARTESIAN_POINT ( 'NONE',  ( -3.231382463906050440, -0.2466164358180717997, 147.0000000000000284 ) ) ;
#134 = CARTESIAN_POINT ( 'NONE',  ( 2.272191835612035415, 0.2851520110150884135, 151.9544570779293338 ) ) ;
#135 = ORIENTED_EDGE ( 'NONE', *, *, #2281, .F. ) ;
#136 = FACE_OUTER_BOUND ( 'NONE', #2331, .T. ) ;
#137 = CARTESIAN_POINT ( 'NONE',  ( -2.272191835612035415, 1.798503187410832149, 222.6561468797919190 ) ) ;
#138 = CONICAL_SURFACE ( 'NONE', #2158, 8.500000000000000000, 0.3490658503988660621 ) ;
#139 = ORIENTED_EDGE ( 'NONE', *, *, #306, .F. ) ;
#140 = CARTESIAN_POINT ( 'NONE',  ( 1.585635811529195527, 1.235314617288845618, 147.4238681525703214 ) ) ;
#141 = CARTESIAN_POINT ( 'NONE',  ( 0.000000000000000000, 0.01244160262200446135, 12.00000000000000355 ) ) ;
#142 = CARTESIAN_POINT ( 'NONE',  ( 5.725115037038463583, 1.796059244238658481, -27.11054576066073807 ) ) ;
#143 = DIRECTION ( 'NONE',  ( 0.000000000000000000, 0.000000000000000000, 1.000000000000000000 ) ) ;
#144 = ADVANCED_FACE ( 'NONE', ( #1499, #182 ), #1086, .F. ) ;
#145 = ORIENTED_EDGE ( 'NONE', *, *, #2445, .T. ) ;
#146 = CARTESIAN_POINT ( 'NONE',  ( -3.277769432038236896, -0.6816203507796051442, 147.0000000000000568 ) ) ;
#147 = CARTESIAN_POINT ( 'NONE',  ( 2.272191835612035415, 18.04660878630079424, 190.4765883242380653 ) ) ;
#148 = CARTESIAN_POINT ( 'NONE',  ( -1.999999999999999556, -5.656854249492378806, -27.86677921617292952 ) ) ;
#149 = CARTESIAN_POINT ( 'NONE',  ( 2.272191835612035415, -0.6648215952135513307, 147.7781262688308175 ) ) ;
#150 = ORIENTED_EDGE ( 'NONE', *, *, #1561, .F. ) ;
#151 = CARTESIAN_POINT ( 'NONE',  ( 1.964009608436074528, 0.6195291743183116706, 147.5837093112944558 ) ) ;
#152 = DIRECTION ( 'NONE',  ( -1.000000000000000000, 0.000000000000000000, 0.000000000000000000 ) ) ;
#153 = FACE_OUTER_BOUND ( 'NONE', #2146, .T. ) ;
#154 = AXIS2_PLACEMENT_3D ( 'NONE', #792, #2844, #1023 ) ;
#155 = CARTESIAN_POINT ( 'NONE',  ( -9.319608355999427829, 0.01244160262200446135, 12.00000000000000355 ) ) ;
#156 = CARTESIAN_POINT ( 'NONE',  ( 0.000000000000000000, 0.000000000000000000, 127.0000000000000000 ) ) ;
#157 = VECTOR ( 'NONE', #2319, 1000.000000000000000 ) ;
#158 = CARTESIAN_POINT ( 'NONE',  ( 3.104005547780734453, 0.3157248197767035247, 147.0000000000000284 ) ) ;
#159 = ORIENTED_EDGE ( 'NONE', *, *, #1738, .T. ) ;
#160 = DIRECTION ( 'NONE',  ( -0.000000000000000000, -0.000000000000000000, -1.000000000000000000 ) ) ;
#161 = CARTESIAN_POINT ( 'NONE',  ( 2.272191835612035415, 4.640085566700033581, 210.0066820477350120 ) ) ;
#162 = ORIENTED_EDGE ( 'NONE', *, *, #442, .T. ) ;
#163 = ADVANCED_FACE ( 'NONE', ( #1072 ), #1952, .F. ) ;
#164 = VECTOR ( 'NONE', #143, 1000.000000000000000 ) ;
#165 = CARTESIAN_POINT ( 'NONE',  ( -5.656854249492380582, 2.000000000000000000, -27.99999999999999645 ) ) ;
#166 = CARTESIAN_POINT ( 'NONE',  ( -2.272191835612035415, -0.2058358135683233114, 233.5733154653842973 ) ) ;
#167 = VERTEX_POINT ( 'NONE', #1321 ) ;
#168 = CARTESIAN_POINT ( 'NONE',  ( 1.299344971326829468, 2.389068000778366674, 147.0000000000001137 ) ) ;
#169 = DIRECTION ( 'NONE',  ( -0.000000000000000000, -0.000000000000000000, 1.000000000000000000 ) ) ;
#170 = CARTESIAN_POINT ( 'NONE',  ( -5.995675272140656098, 0.2620864838738929392, -26.01286203651959994 ) ) ;
#171 = CARTESIAN_POINT ( 'NONE',  ( -3.064488671470531944, -3.997600702067303224, -33.67727291450949423 ) ) ;
#172 = CARTESIAN_POINT ( 'NONE',  ( 1.587920316104367124, -1.843510940617844707, 147.0000000000000853 ) ) ;
#173 = EDGE_LOOP ( 'NONE', ( #1595, #597, #1950, #139, #352 ) ) ;
#174 = CARTESIAN_POINT ( 'NONE',  ( 2.272191835612035415, -1.874206908896911328, 149.9606233485515361 ) ) ;
#175 = CARTESIAN_POINT ( 'NONE',  ( -2.272191835612035415, 15.53171315451684542, 169.4941669348141602 ) ) ;
#176 = CARTESIAN_POINT ( 'NONE',  ( 3.997600702067305001, 3.064488671470531056, -33.67727291450949423 ) ) ;
#177 = ORIENTED_EDGE ( 'NONE', *, *, #1611, .F. ) ;
#178 = CARTESIAN_POINT ( 'NONE',  ( -2.148948431720242080, -1.612916508861262741E-15, -25.62983680463273828 ) ) ;
#179 = CARTESIAN_POINT ( 'NONE',  ( 2.272191835612035415, 6.492885204040693026, 169.0527017151353846 ) ) ;
#180 = EDGE_CURVE ( 'NONE', #2582, #2103, #1926, .T. ) ;
#181 = CARTESIAN_POINT ( 'NONE',  ( 2.270239575120259090, -0.4521926117321791727, 147.9046512274565828 ) ) ;
#182 = FACE_BOUND ( 'NONE', #2815, .T. ) ;
#183 = TOROIDAL_SURFACE ( 'NONE', #2587, 0.7063997273682901534, 3.000000000000000444 ) ;
#184 = CARTESIAN_POINT ( 'NONE',  ( 1.986727554457980105, 4.588431484561544593, -27.73511250061041977 ) ) ;
#185 = EDGE_CURVE ( 'NONE', #1491, #2045, #2341, .T. ) ;
#186 = CARTESIAN_POINT ( 'NONE',  ( -3.500000000000000888, 3.570714214271425657, -36.00000000000000000 ) ) ;
#187 = CARTESIAN_POINT ( 'NONE',  ( 1.555107301155224331, -2.550096378862544366, 148.3807124174128660 ) ) ;
#188 = CARTESIAN_POINT ( 'NONE',  ( 2.272191835612035415, -2.088808792393198388, 150.6512859668306703 ) ) ;
#189 = CARTESIAN_POINT ( 'NONE',  ( 2.272191835612035415, 0.8263214137231766898, 153.0933122033198686 ) ) ;
#190 = CARTESIAN_POINT ( 'NONE',  ( -5.000000000000000888, 6.123233995736766282E-16, -36.00000000000000000 ) ) ;
#191 = ORIENTED_EDGE ( 'NONE', *, *, #2139, .T. ) ;
#192 = CARTESIAN_POINT ( 'NONE',  ( -1.008749080312655089, -5.919562816259831273, -26.25349750316043895 ) ) ;
#193 = CARTESIAN_POINT ( 'NONE',  ( 2.272191835612035415, 0.1357181247047390960, 210.6098248299853708 ) ) ;
#194 = EDGE_CURVE ( 'NONE', #231, #2807, #1823, .T. ) ;
#195 = CARTESIAN_POINT ( 'NONE',  ( 0.000000000000000000, 0.000000000000000000, 127.0000000000000000 ) ) ;
#196 = FACE_OUTER_BOUND ( 'NONE', #1813, .T. ) ;
#197 = VERTEX_POINT ( 'NONE', #1294 ) ;
#198 = LINE ( 'NONE', #1995, #2412 ) ;
#199 = CARTESIAN_POINT ( 'NONE',  ( -0.6539186252232253027, -3.063716018163821442, 148.4428175224044253 ) ) ;
#200 = AXIS2_PLACEMENT_3D ( 'NONE', #2803, #785, #2538 ) ;
#201 = VECTOR ( 'NONE', #1281, 1000.000000000000000 ) ;
#202 = CARTESIAN_POINT ( 'NONE',  ( 0.000000000000000000, -10.99999999999999289, -25.99999999999999645 ) ) ;
#203 = CARTESIAN_POINT ( 'NONE',  ( -2.272191835612035415, 0.04463310751246191144, 157.5753092049768895 ) ) ;
#204 = CYLINDRICAL_SURFACE ( 'NONE', #1276, 8.500000000000000000 ) ;
#205 = ORIENTED_EDGE ( 'NONE', *, *, #2092, .F. ) ;
#206 = ORIENTED_EDGE ( 'NONE', *, *, #2142, .F. ) ;
#207 = CARTESIAN_POINT ( 'NONE',  ( 0.4437416412099732810, -3.114445292736542914, 148.4480331132799620 ) ) ;
#208 = CARTESIAN_POINT ( 'NONE',  ( 2.272191835612035415, -4.621008971207598570, 225.5189411482252808 ) ) ;
#209 = ORIENTED_EDGE ( 'NONE', *, *, #2685, .F. ) ;
#210 = VECTOR ( 'NONE', #2106, 1000.000000000000000 ) ;
#211 = CARTESIAN_POINT ( 'NONE',  ( 8.500000000000000000, 1.040949779275250140E-15, 127.0000000000000000 ) ) ;
#212 =( BOUNDED_CURVE ( )  B_SPLINE_CURVE ( 3, ( #868, #176, #1566, #2666 ),
 .UNSPECIFIED., .F., .T. ) 
 B_SPLINE_CURVE_WITH_KNOTS ( ( 4, 4 ),
 ( 3.936991483773936817, 4.300872134317201834 ),
 .UNSPECIFIED. ) 
 CURVE ( )  GEOMETRIC_REPRESENTATION_ITEM ( )  RATIONAL_B_SPLINE_CURVE ( ( 1.000000000000000000, 0.9889963102553599450, 0.9889963102553599450, 1.000000000000000000 ) ) 
 REPRESENTATION_ITEM ( '' )  );
#213 = CARTESIAN_POINT ( 'NONE',  ( 1.010327442324679748, 4.902902785771185101, -26.25440302744857490 ) ) ;
#214 = AXIS2_PLACEMENT_3D ( 'NONE', #972, #1872, #753 ) ;
#215 = CARTESIAN_POINT ( 'NONE',  ( -1.733503683011272223, -4.690509787480298343, -26.99405318452783220 ) ) ;
#216 = ORIENTED_EDGE ( 'NONE', *, *, #1289, .T. ) ;
#217 = DIRECTION ( 'NONE',  ( -1.000000000000000000, 0.000000000000000000, 0.000000000000000000 ) ) ;
#218 = CARTESIAN_POINT ( 'NONE',  ( 3.039544053930151701, -2.022512204002044900, 147.0000000000000853 ) ) ;
#219 = ADVANCED_FACE ( 'NONE', ( #2628 ), #2387, .F. ) ;
#220 = CARTESIAN_POINT ( 'NONE',  ( 2.272191835612035415, -2.281366202476908800, 151.9937724947160973 ) ) ;
#221 = CARTESIAN_POINT ( 'NONE',  ( -2.272191835612035415, -6.172661784298099086, 152.7109360892037557 ) ) ;
#222 = CARTESIAN_POINT ( 'NONE',  ( 0.000000000000000000, 0.000000000000000000, 147.0000000000000284 ) ) ;
#223 = VERTEX_POINT ( 'NONE', #847 ) ;
#224 = DIRECTION ( 'NONE',  ( -0.000000000000000000, -0.000000000000000000, 1.000000000000000000 ) ) ;
#225 = CARTESIAN_POINT ( 'NONE',  ( 2.272191835612035415, 9.230530691343631133, 166.9410745205528315 ) ) ;
#226 = CARTESIAN_POINT ( 'NONE',  ( -0.1314190259346204037, 5.999999999999987566, -26.00000000000003197 ) ) ;
#227 = CARTESIAN_POINT ( 'NONE',  ( 2.272191835612035415, 0.02980746607206101115, 218.7543684494687000 ) ) ;
#228 = DIRECTION ( 'NONE',  ( 1.000000000000000000, -0.000000000000000000, -0.000000000000000000 ) ) ;
#229 = ORIENTED_EDGE ( 'NONE', *, *, #968, .F. ) ;
#230 = DIRECTION ( 'NONE',  ( 0.000000000000000000, 0.000000000000000000, 1.000000000000000000 ) ) ;
#231 = VERTEX_POINT ( 'NONE', #1046 ) ;
#232 = CARTESIAN_POINT ( 'NONE',  ( 5.656854249492380582, 2.000000000000000000, -27.99999999999999645 ) ) ;
#233 = ADVANCED_FACE ( 'NONE', ( #2401 ), #2642, .T. ) ;
#234 = CARTESIAN_POINT ( 'NONE',  ( -2.272191835612035415, 10.93319900739274964, 189.8951922680345206 ) ) ;
#235 = ORIENTED_EDGE ( 'NONE', *, *, #79, .F. ) ;
#236 = CARTESIAN_POINT ( 'NONE',  ( 1.390565872718627638, 1.420477636717103032, 147.3847905680561325 ) ) ;
#237 = CARTESIAN_POINT ( 'NONE',  ( -4.582575694955840717, 2.000000000000000000, -27.99999999999999645 ) ) ;
#238 = CARTESIAN_POINT ( 'NONE',  ( -8.500000000000000000, -1.040949779275250140E-15, 127.0000000000000000 ) ) ;
#239 = CARTESIAN_POINT ( 'NONE',  ( 0.000000000000000000, 0.000000000000000000, 16.00000000000000000 ) ) ;
#240 = CARTESIAN_POINT ( 'NONE',  ( 2.272191835612035415, 0.2851520110150884135, 151.9544570779293338 ) ) ;
#241 = APPLICATION_PROTOCOL_DEFINITION ( 'draft international standard', 'automotive_design', 1998, #2562 ) ;
#242 = CARTESIAN_POINT ( 'NONE',  ( 2.272191835612035415, 2.711613933285028200, 213.0267260637161826 ) ) ;
#243 = VERTEX_POINT ( 'NONE', #619 ) ;
#244 = CARTESIAN_POINT ( 'NONE',  ( -5.999999999999986677, -0.1314190259346194323, -26.00000000000002487 ) ) ;
#245 = CARTESIAN_POINT ( 'NONE',  ( -2.272191835612035415, -5.209205269064777433, 148.1039163414112068 ) ) ;
#246 = CARTESIAN_POINT ( 'NONE',  ( -0.8924628715687691338, 4.921251189515331248, -26.20530227512984922 ) ) ;
#247 = AXIS2_PLACEMENT_3D ( 'NONE', #2105, #2770, #912 ) ;
#248 = VERTEX_POINT ( 'NONE', #382 ) ;
#249 = LINE ( 'NONE', #1582, #2695 ) ;
#250 = CARTESIAN_POINT ( 'NONE',  ( -4.921251189515330360, 0.8924628715687695779, -26.20530227512985633 ) ) ;
#251 = CARTESIAN_POINT ( 'NONE',  ( 2.272191835612035415, 13.87286696617290538, 192.3793002053788541 ) ) ;
#252 = EDGE_CURVE ( 'NONE', #40, #2731, #793, .T. ) ;
#253 = DIRECTION ( 'NONE',  ( 1.000000000000000000, 0.000000000000000000, -0.000000000000000000 ) ) ;
#254 = CARTESIAN_POINT ( 'NONE',  ( 2.272191835612035415, -2.014082445578561753, 153.9250128151016384 ) ) ;
#255 = CARTESIAN_POINT ( 'NONE',  ( 2.272191835612035415, 1.806993303116308347, 230.2928596378216639 ) ) ;
#256 = ORIENTED_EDGE ( 'NONE', *, *, #2247, .T. ) ;
#257 = AXIS2_PLACEMENT_3D ( 'NONE', #2909, #1159, #267 ) ;
#258 = CARTESIAN_POINT ( 'NONE',  ( -5.995535001991518342, -0.2648661127328552078, -26.01328571492538089 ) ) ;
#259 = CARTESIAN_POINT ( 'NONE',  ( 0.000000000000000000, 3.185968063087907254, 231.4470402582689701 ) ) ;
#260 = CARTESIAN_POINT ( 'NONE',  ( -2.272191835612035415, -0.8818805673005841728, 156.3947988082951781 ) ) ;
#261 = LINE ( 'NONE', #507, #68 ) ;
#262 = ORIENTED_EDGE ( 'NONE', *, *, #2375, .F. ) ;
#263 = CARTESIAN_POINT ( 'NONE',  ( -2.249297345327593511, -0.3980944416035478994, 147.8879141684690524 ) ) ;
#264 = CARTESIAN_POINT ( 'NONE',  ( 0.000000000000000000, 0.000000000000000000, 87.00000000000001421 ) ) ;
#265 = CARTESIAN_POINT ( 'NONE',  ( 2.133458384561851773, 0.2929101376945780211, -25.62890704005450004 ) ) ;
#266 = CIRCLE ( 'NONE', #2808, 8.500000000000000000 ) ;
#267 = DIRECTION ( 'NONE',  ( 1.000000000000000000, 0.000000000000000000, 0.000000000000000000 ) ) ;
#268 = CARTESIAN_POINT ( 'NONE',  ( 2.272191835612035415, 3.879562078637672329, 147.4523361962503714 ) ) ;
#269 = ADVANCED_FACE ( 'NONE', ( #399 ), #138, .T. ) ;
#270 = CARTESIAN_POINT ( 'NONE',  ( 2.272191835612035415, 4.640085566700033581, 210.0066820477350120 ) ) ;
#271 = ORIENTED_EDGE ( 'NONE', *, *, #2349, .F. ) ;
#272 = EDGE_CURVE ( 'NONE', #1053, #2150, #412, .T. ) ;
#273 = CARTESIAN_POINT ( 'NONE',  ( -1.109413561108064883, -2.158307544163573510, 147.0000000000181331 ) ) ;
#274 = CARTESIAN_POINT ( 'NONE',  ( -2.148912415320150870, 0.01244160262200472503, -25.62979730129359268 ) ) ;
#275 = CARTESIAN_POINT ( 'NONE',  ( 2.272191835612035415, -2.088808792393198388, 150.6512859668306703 ) ) ;
#276 = CARTESIAN_POINT ( 'NONE',  ( 0.6488066176157318843, -4.959259341915168484, -26.10356126549764255 ) ) ;
#277 = VERTEX_POINT ( 'NONE', #1541 ) ;
#278 = CARTESIAN_POINT ( 'NONE',  ( -3.500000000000000888, -4.873397172404482447, -36.00000000000000000 ) ) ;
#279 = PLANE ( 'NONE',  #27 ) ;
#280 = CARTESIAN_POINT ( 'NONE',  ( -4.626936628639271021, -1.895890939650593632, -27.34983147241792878 ) ) ;
#281 = CARTESIAN_POINT ( 'NONE',  ( -2.272191835612035415, -1.791103050249993389, 154.5512286986144659 ) ) ;
#282 = CARTESIAN_POINT ( 'NONE',  ( 2.272191835612035415, 7.215673932188974682, 212.3043359858493773 ) ) ;
#283 = ADVANCED_FACE ( 'NONE', ( #2446 ), #423, .F. ) ;
#284 = CARTESIAN_POINT ( 'NONE',  ( -0.3461723308690889400, 2.248075198802519825, 147.0000000000059117 ) ) ;
#285 = ORIENTED_EDGE ( 'NONE', *, *, #1969, .T. ) ;
#286 = CARTESIAN_POINT ( 'NONE',  ( -5.808548910947094690, -1.506555817730222735, -26.67818087281431261 ) ) ;
#287 = ADVANCED_FACE ( 'NONE', ( #900, #679 ), #1571, .T. ) ;
#288 = ORIENTED_EDGE ( 'NONE', *, *, #1848, .T. ) ;
#289 = CARTESIAN_POINT ( 'NONE',  ( 0.000000000000000000, 0.000000000000000000, -36.00000000000000000 ) ) ;
#290 = CARTESIAN_POINT ( 'NONE',  ( 2.272191835612035415, 1.817105334859558274, 164.4070538072986380 ) ) ;
#291 = CARTESIAN_POINT ( 'NONE',  ( -10.99999999999999289, 0.000000000000000000, 0.000000000000000000 ) ) ;
#292 = EDGE_LOOP ( 'NONE', ( #1404, #1123, #2481, #209 ) ) ;
#293 = CARTESIAN_POINT ( 'NONE',  ( 4.999999999999997335, -0.1319572327695462954, -26.00000000000000355 ) ) ;
#294 = PLANE ( 'NONE',  #488 ) ;
#295 = CARTESIAN_POINT ( 'NONE',  ( -4.974369599000916686, -0.5220409315327679822, -26.06482018152328806 ) ) ;
#296 = CARTESIAN_POINT ( 'NONE',  ( -2.272191835612035415, -0.4654670895503471573, 226.6511931821869155 ) ) ;
#297 = CARTESIAN_POINT ( 'NONE',  ( -2.272191835612035415, 8.501452067673280766, 203.7509309988729740 ) ) ;
#298 = CIRCLE ( 'NONE', #909, 9.000000000000000000 ) ;
#299 = CARTESIAN_POINT ( 'NONE',  ( -2.348280556900945282, -0.3828271503965747224, 147.0000000000000853 ) ) ;
#300 = CARTESIAN_POINT ( 'NONE',  ( 5.808883848063232769, -1.505241496121252576, -26.67674066004153488 ) ) ;
#301 = CARTESIAN_POINT ( 'NONE',  ( 5.999999999999987566, 0.1314190259346204037, -26.00000000000003197 ) ) ;
#302 = AXIS2_PLACEMENT_3D ( 'NONE', #1716, #1976, #2832 ) ;
#303 = DIRECTION ( 'NONE',  ( 0.000000000000000000, 0.000000000000000000, -1.000000000000000000 ) ) ;
#304 =( BOUNDED_SURFACE ( )  B_SPLINE_SURFACE ( 3, 2, ( 
 ( #546, #299, #2789 ),
 ( #1207, #1917, #987 ),
 ( #770, #742, #1660 ),
 ( #2570, #1442, #2777 ),
 ( #1455, #2342, #1673 ),
 ( #2583, #2124, #112 ),
 ( #558, #514, #1002 ),
 ( #1177, #1905, #2354 ),
 ( #1236, #126, #1634 ),
 ( #2138, #2820, #802 ),
 ( #2524, #500, #756 ),
 ( #1398, #1412, #2313 ),
 ( #2298, #284, #2081 ),
 ( #1194, #960, #2096 ),
 ( #589, #353, #1483 ),
 ( #1719, #2168, #2249 ),
 ( #2835, #381, #2417 ),
 ( #168, #2386, #818 ),
 ( #2400, #2641, #2029 ),
 ( #675, #1348, #236 ),
 ( #1125, #1248, #366 ),
 ( #1060, #618, #1262 ),
 ( #452, #845, #1568 ),
 ( #2626, #1277, #151 ),
 ( #1513, #18, #1966 ),
 ( #1689, #2597, #398 ),
 ( #1705, #833, #2657 ),
 ( #1732, #858, #181 ),
 ( #2184, #2612, #2865 ),
 ( #1293, #2198, #604 ) ),
 .UNSPECIFIED., .F., .F., .T. ) 
 B_SPLINE_SURFACE_WITH_KNOTS ( ( 4, 2, 2, 2, 2, 2, 2, 2, 2, 2, 2, 2, 2, 2, 4 ),
 ( 3, 3 ),
 ( 0.01034124511347920584, 0.01163390075266410723, 0.01228022857225655878, 0.01292655639184901034, 0.01357288421144146190, 0.01421921203103391172, 0.01486553985062636155, 0.01551186767021881310, 0.01615819548981126119, 0.01680452330940371275, 0.01745085112899616431, 0.01809717894858861587, 0.01874350676818106742, 0.01938983458777351898, 0.02068249022695841863 ),
 ( 0.000000000000000000, 1.000000000000000000 ),
 .UNSPECIFIED. ) 
 GEOMETRIC_REPRESENTATION_ITEM ( )  RATIONAL_B_SPLINE_SURFACE ( (
 ( 1.000000000000000000, 0.7456828519991183235, 1.000000000000000000),
 ( 1.000000000000000000, 0.7775791030029863826, 1.000000000000000000),
 ( 1.000000000000000000, 0.8074636786932090082, 1.000000000000000000),
 ( 1.000000000000000000, 0.8457491943890369512, 1.000000000000000000),
 ( 1.000000000000000000, 0.8572768084278082901, 1.000000000000000000),
 ( 1.000000000000000000, 0.8773863894206191949, 1.000000000000000000),
 ( 1.000000000000000000, 0.8860728042362358003, 1.000000000000000000),
 ( 1.000000000000000000, 0.9009655350663940965, 1.000000000000000000),
 ( 1.000000000000000000, 0.9069436664753292021, 1.000000000000000000),
 ( 1.000000000000000000, 0.9165303072181473221, 1.000000000000000000),
 ( 1.000000000000000000, 0.9201792707966212070, 1.000000000000000000),
 ( 1.000000000000000000, 0.9253334620603539395, 1.000000000000000000),
 ( 1.000000000000000000, 0.9268281191402063524, 1.000000000000000000),
 ( 1.000000000000000000, 0.9279239541148742720, 1.000000000000000000),
 ( 1.000000000000000000, 0.9274946593257500371, 1.000000000000000000),
 ( 1.000000000000000000, 0.9246586126930065319, 1.000000000000000000),
 ( 1.000000000000000000, 0.9222733421349986749, 1.000000000000000000),
 ( 1.000000000000000000, 0.9151644353893231276, 1.000000000000000000),
 ( 1.000000000000000000, 0.9105071750638487060, 1.000000000000000000),
 ( 1.000000000000000000, 0.8986877322825723713, 1.000000000000000000),
 ( 1.000000000000000000, 0.8914056200658334594, 1.000000000000000000),
 ( 1.000000000000000000, 0.8741737797650722674, 1.000000000000000000),
 ( 1.000000000000000000, 0.8642561805397792618, 1.000000000000000000),
 ( 1.000000000000000000, 0.8415900322675031742, 1.000000000000000000),
 ( 1.000000000000000000, 0.8287970535712175790, 1.000000000000000000),
 ( 1.000000000000000000, 0.8014699796326038017, 1.000000000000000000),
 ( 1.000000000000000000, 0.7868314971131090685, 1.000000000000000000),
 ( 1.000000000000000000, 0.7406893096091412554, 1.000000000000000000),
 ( 1.000000000000000000, 0.7082233260210577530, 1.000000000000000000),
 ( 1.000000000000000000, 0.6781722649215009557, 1.000000000000000000) ) ) 
 REPRESENTATION_ITEM ( '' )  SURFACE ( )  );
#305 = CARTESIAN_POINT ( 'NONE',  ( 2.272191835612035415, -0.2058358135683233114, 233.5733154653842973 ) ) ;
#306 = EDGE_CURVE ( 'NONE', #2455, #1536, #307, .T. ) ;
#307 = B_SPLINE_CURVE_WITH_KNOTS ( 'NONE', 3,
 ( #2732, #2253, #2716, #2063, #455 ),
 .UNSPECIFIED., .F., .F.,
 ( 4, 1, 4 ),
 ( 0.01442692519344836860, 0.01457709465552640797, 0.01472726411760444734 ),
 .UNSPECIFIED. ) ;
#308 = DIRECTION ( 'NONE',  ( -1.000000000000000000, 0.000000000000000000, 0.000000000000000000 ) ) ;
#309 = ORIENTED_EDGE ( 'NONE', *, *, #2227, .T. ) ;
#310 = CARTESIAN_POINT ( 'NONE',  ( 4.607181998951085156, -1.945631980193779365, -27.46893751296138575 ) ) ;
#311 = CARTESIAN_POINT ( 'NONE',  ( 1.896458339444858421, 5.692648697798869506, -27.35146709008278521 ) ) ;
#312 = CARTESIAN_POINT ( 'NONE',  ( -1.873040725355585412, 1.090314090844536787, -25.62637939241845686 ) ) ;
#313 = PLANE ( 'NONE',  #1332 ) ;
#314 = CARTESIAN_POINT ( 'NONE',  ( -2.272191835612035415, 7.002555342735435673, 164.5342744723551505 ) ) ;
#315 = DIRECTION ( 'NONE',  ( -0.000000000000000000, 1.000000000000000000, -0.000000000000000000 ) ) ;
#316 = CARTESIAN_POINT ( 'NONE',  ( -0.5564329026624323937, -2.080404289221779557, -25.63645975019286638 ) ) ;
#317 = CARTESIAN_POINT ( 'NONE',  ( -0.7063997273682901534, 0.01244160262200454635, -28.26022638132937814 ) ) ;
#318 = CARTESIAN_POINT ( 'NONE',  ( 4.873397172404480671, -3.500000000000000888, -36.00000000000000000 ) ) ;
#319 = CARTESIAN_POINT ( 'NONE',  ( -2.272191835612035415, -3.756898662136548772, 218.6475276676753765 ) ) ;
#320 = ORIENTED_EDGE ( 'NONE', *, *, #39, .F. ) ;
#321 = EDGE_CURVE ( 'NONE', #1603, #895, #2208, .T. ) ;
#322 = CARTESIAN_POINT ( 'NONE',  ( 3.039544054475779689, -2.022512204169686356, 147.0000000000000000 ) ) ;
#323 = CARTESIAN_POINT ( 'NONE',  ( -4.588431484561544593, -1.986727554457980105, -27.73511250061042333 ) ) ;
#324 = CARTESIAN_POINT ( 'NONE',  ( 3.038752337365554723, -5.204658254173455845, -33.54001246594962993 ) ) ;
#325 = CARTESIAN_POINT ( 'NONE',  ( -2.272191835612035415, 3.185968063087907254, 231.4470402582689701 ) ) ;
#326 = DIRECTION ( 'NONE',  ( -1.000000000000000000, 1.224646799147353454E-16, 0.000000000000000000 ) ) ;
#327 = CARTESIAN_POINT ( 'NONE',  ( -0.9507187687842870716, -1.932342280231438281, -25.63598724086616798 ) ) ;
#328 = DIRECTION ( 'NONE',  ( 1.224646799147353207E-16, 1.000000000000000000, 0.000000000000000000 ) ) ;
#329 = LINE ( 'NONE', #537, #2223 ) ;
#330 = CARTESIAN_POINT ( 'NONE',  ( -2.140531335847963845, 1.825190251959961429, 147.0000000000001421 ) ) ;
#331 = LINE ( 'NONE', #1899, #2552 ) ;
#332 = CARTESIAN_POINT ( 'NONE',  ( 2.272191835612034971, -0.7764599186660019470, 147.9999999999961346 ) ) ;
#333 = CARTESIAN_POINT ( 'NONE',  ( 3.570714214271427434, 3.499999999999999112, -36.00000000000000000 ) ) ;
#334 = CARTESIAN_POINT ( 'NONE',  ( -2.272191835612035415, -2.014082445578561753, 153.9250128151016384 ) ) ;
#335 = CIRCLE ( 'NONE', #669, 6.000000000000000888 ) ;
#336 = ADVANCED_FACE ( 'NONE', ( #2520 ), #1599, .T. ) ;
#337 = ORIENTED_EDGE ( 'NONE', *, *, #2247, .F. ) ;
#338 = CIRCLE ( 'NONE', #1088, 10.99999999999999289 ) ;
#339 = DIRECTION ( 'NONE',  ( -0.000000000000000000, -0.000000000000000000, -1.000000000000000000 ) ) ;
#340 = CARTESIAN_POINT ( 'NONE',  ( 5.919562816259831273, -1.008749080312655089, -26.25349750316043895 ) ) ;
#341 = CARTESIAN_POINT ( 'NONE',  ( -3.231382463906045110, -0.2466164358180748251, 148.0000000000001137 ) ) ;
#342 = EDGE_LOOP ( 'NONE', ( #1468, #1911, #2871, #464 ) ) ;
#343 = CARTESIAN_POINT ( 'NONE',  ( 0.000000000000000000, 0.000000000000000000, 0.000000000000000000 ) ) ;
#344 = CARTESIAN_POINT ( 'NONE',  ( 2.028782036476614259, 1.923309537222372079, 147.0000000000000284 ) ) ;
#345 = ORIENTED_EDGE ( 'NONE', *, *, #2430, .F. ) ;
#346 = CARTESIAN_POINT ( 'NONE',  ( 0.3985263609288516862, -4.027821710444316139, 147.0000000000000853 ) ) ;
#347 = AXIS2_PLACEMENT_3D ( 'NONE', #1191, #1175, #1886 ) ;
#348 = CARTESIAN_POINT ( 'NONE',  ( 2.272191835612035415, 2.075009479137967183, 221.8127464333653904 ) ) ;
#349 = ORIENTED_EDGE ( 'NONE', *, *, #2052, .F. ) ;
#350 = CYLINDRICAL_SURFACE ( 'NONE', #1239, 8.500000000000000000 ) ;
#351 = CARTESIAN_POINT ( 'NONE',  ( -2.272191835612035415, 1.233873952143233588, 149.0674949044575612 ) ) ;
#352 = ORIENTED_EDGE ( 'NONE', *, *, #2577, .F. ) ;
#353 = CARTESIAN_POINT ( 'NONE',  ( 0.2209014517902283259, 2.263547680131994699, 147.0000000000089244 ) ) ;
#354 = EDGE_CURVE ( 'NONE', #2038, #841, #2091, .T. ) ;
#355 = CARTESIAN_POINT ( 'NONE',  ( -0.6903980815813612892, -2.039892976172406058, -25.63633044300960151 ) ) ;
#356 = DIRECTION ( 'NONE',  ( -1.000000000000000000, 1.225374330361221075E-16, 0.000000000000000000 ) ) ;
#357 = VECTOR ( 'NONE', #2779, 1000.000000000000000 ) ;
#358 = LINE ( 'NONE', #2377, #210 ) ;
#359 = CARTESIAN_POINT ( 'NONE',  ( 3.268754260611972384, -0.3187265973399270313, 147.0000000000000000 ) ) ;
#360 = EDGE_LOOP ( 'NONE', ( #617, #2696, #2429, #235 ) ) ;
#361 = CARTESIAN_POINT ( 'NONE',  ( -3.262255207528075296, -1.115428328335037467, 147.0000000000000853 ) ) ;
#362 = CARTESIAN_POINT ( 'NONE',  ( 2.272191835612035415, 1.798503187410832149, 222.6561468797919190 ) ) ;
#363 = CARTESIAN_POINT ( 'NONE',  ( 3.499999999999998224, 4.873397172404484223, -36.00000000000000000 ) ) ;
#364 = CARTESIAN_POINT ( 'NONE',  ( 2.272191835612035415, 0.000000000000000000, 147.0000000000000284 ) ) ;
#365 = ORIENTED_EDGE ( 'NONE', *, *, #2157, .F. ) ;
#366 = CARTESIAN_POINT ( 'NONE',  ( 1.509393148329024603, 1.300883285989136828, 147.4109405108557382 ) ) ;
#367 = CARTESIAN_POINT ( 'NONE',  ( 3.499999999999998224, -10.99999999999999289, -36.00000000000000000 ) ) ;
#368 = CARTESIAN_POINT ( 'NONE',  ( 0.6496615091726258839, 4.959107201942589249, -26.10397586873919096 ) ) ;
#369 = ADVANCED_FACE ( 'NONE', ( #1129, #2035 ), #1337, .T. ) ;
#370 = VERTEX_POINT ( 'NONE', #1585 ) ;
#371 = CARTESIAN_POINT ( 'NONE',  ( -2.558925612422415785, 4.338640559072483249, -30.98093659958621160 ) ) ;
#372 = LINE ( 'NONE', #2159, #164 ) ;
#373 = ADVANCED_FACE ( 'NONE', ( #1824 ), #72, .T. ) ;
#374 = CARTESIAN_POINT ( 'NONE',  ( -1.800093464563972789, 2.099688363334455410, 147.0000000000001137 ) ) ;
#375 = ORIENTED_EDGE ( 'NONE', *, *, #755, .F. ) ;
#376 = CARTESIAN_POINT ( 'NONE',  ( -1.303634829902001524, -3.786042737633545485, 146.9999999999999716 ) ) ;
#377 = CARTESIAN_POINT ( 'NONE',  ( -2.272191835612035415, 3.347641656957026424, 147.8085670361449502 ) ) ;
#378 = DIRECTION ( 'NONE',  ( 0.000000000000000000, 0.000000000000000000, 1.000000000000000000 ) ) ;
#379 = CARTESIAN_POINT ( 'NONE',  ( -2.272191835612035415, -4.690987122208455595, 223.7485438772157522 ) ) ;
#380 = EDGE_LOOP ( 'NONE', ( #1939, #1819, #2611, #2677 ) ) ;
#381 = CARTESIAN_POINT ( 'NONE',  ( 0.7703720463540777441, 2.141914051338879688, 146.9999999999729141 ) ) ;
#382 = CARTESIAN_POINT ( 'NONE',  ( 5.656854249492380582, 2.000000000000000000, -27.99999999999999645 ) ) ;
#383 = CARTESIAN_POINT ( 'NONE',  ( 1.588394972735534427, 4.741615599777210477, -26.77772121626827584 ) ) ;
#384 = VERTEX_POINT ( 'NONE', #2686 ) ;
#385 = CARTESIAN_POINT ( 'NONE',  ( 3.499999999999998224, -10.99999999999999289, -36.00000000000000000 ) ) ;
#386 = CARTESIAN_POINT ( 'NONE',  ( 1.857960399323637102, -2.199373139895291374, 148.3276017747346884 ) ) ;
#387 = AXIS2_PLACEMENT_3D ( 'NONE', #2823, #303, #1909 ) ;
#388 = ORIENTED_EDGE ( 'NONE', *, *, #2702, .F. ) ;
#389 = CARTESIAN_POINT ( 'NONE',  ( 2.272191835612035415, 8.501452067673280766, 203.7509309988729740 ) ) ;
#390 = EDGE_CURVE ( 'NONE', #1341, #2428, #101, .T. ) ;
#391 = CARTESIAN_POINT ( 'NONE',  ( 2.272191835612035415, 7.215673932188974682, 212.3043359858493773 ) ) ;
#392 = CARTESIAN_POINT ( 'NONE',  ( 1.005504201904590111, -5.916162871740164420, -26.26628137834067900 ) ) ;
#393 = ORIENTED_EDGE ( 'NONE', *, *, #1434, .T. ) ;
#394 = AXIS2_PLACEMENT_3D ( 'NONE', #663, #709, #931 ) ;
#395 = CARTESIAN_POINT ( 'NONE',  ( -1.935393414745305352, -5.679347912006959653, -27.47901766972167081 ) ) ;
#396 = CARTESIAN_POINT ( 'NONE',  ( -2.272191835612035415, -6.157426967992707389, 151.5438259170016408 ) ) ;
#397 = ORIENTED_EDGE ( 'NONE', *, *, #607, .F. ) ;
#398 = CARTESIAN_POINT ( 'NONE',  ( 2.136063997449704210, 0.1666878037476511587, 147.7156651272218539 ) ) ;
#399 = FACE_OUTER_BOUND ( 'NONE', #811, .T. ) ;
#400 = CARTESIAN_POINT ( 'NONE',  ( -10.99999999999999289, -2.000000000000000000, -27.99999999999999645 ) ) ;
#401 = ORIENTED_EDGE ( 'NONE', *, *, #2406, .T. ) ;
#402 = DIRECTION ( 'NONE',  ( 0.000000000000000000, 0.000000000000000000, -1.000000000000000000 ) ) ;
#403 = FACE_OUTER_BOUND ( 'NONE', #1399, .T. ) ;
#404 = CARTESIAN_POINT ( 'NONE',  ( 2.272191835612035415, -0.7851678150460874583, 225.3963435946056393 ) ) ;
#405 = CARTESIAN_POINT ( 'NONE',  ( 2.272191835612035415, 0.8919059536201729976, 149.3394821207337486 ) ) ;
#406 = CARTESIAN_POINT ( 'NONE',  ( -6.000000000000000888, 0.000000000000000000, 87.00000000000001421 ) ) ;
#407 = EDGE_CURVE ( 'NONE', #980, #2498, #1193, .T. ) ;
#408 = ORIENTED_EDGE ( 'NONE', *, *, #2829, .F. ) ;
#409 = CARTESIAN_POINT ( 'NONE',  ( -1.505241496121252576, -5.808883848063232769, -26.67674066004153488 ) ) ;
#410 = CARTESIAN_POINT ( 'NONE',  ( 2.272191835612035415, 1.817105334859558274, 164.4070538072986380 ) ) ;
#411 = CARTESIAN_POINT ( 'NONE',  ( 0.000000000000000000, 0.000000000000000000, -36.00000000000000000 ) ) ;
#412 = CIRCLE ( 'NONE', #885, 10.99999999999999289 ) ;
#413 = CARTESIAN_POINT ( 'NONE',  ( 3.499999999999998224, -10.99999999999999289, -36.00000000000000000 ) ) ;
#414 = DIRECTION ( 'NONE',  ( -0.000000000000000000, -0.000000000000000000, -1.000000000000000000 ) ) ;
#415 = CARTESIAN_POINT ( 'NONE',  ( 1.631476720465621311, -3.624394940066395954, 147.0000000000000853 ) ) ;
#416 = VERTEX_POINT ( 'NONE', #440 ) ;
#417 = LINE ( 'NONE', #202, #110 ) ;
#418 = CARTESIAN_POINT ( 'NONE',  ( -2.272191835612035415, -5.409991511642607165, 155.9528132947739607 ) ) ;
#419 = DIRECTION ( 'NONE',  ( 0.1205375487465655399, 0.9927087686437394698, -0.000000000000000000 ) ) ;
#420 = ORIENTED_EDGE ( 'NONE', *, *, #2574, .F. ) ;
#421 = CARTESIAN_POINT ( 'NONE',  ( -4.849624186671360526, 1.222015493781429818, -26.41145954736878565 ) ) ;
#422 = CARTESIAN_POINT ( 'NONE',  ( 2.272191835612035415, -6.172661784298099086, 152.7109360892037557 ) ) ;
#423 = CYLINDRICAL_SURFACE ( 'NONE', #557, 2.000000000000001776 ) ;
#424 = CARTESIAN_POINT ( 'NONE',  ( 0.000000000000000000, 0.000000000000000000, 87.00000000000001421 ) ) ;
#425 = EDGE_CURVE ( 'NONE', #2038, #416, #825, .T. ) ;
#426 =( BOUNDED_CURVE ( )  B_SPLINE_CURVE ( 3, ( #1545, #371, #2869, #186 ),
 .UNSPECIFIED., .F., .T. ) 
 B_SPLINE_CURVE_WITH_KNOTS ( ( 4, 4 ),
 ( 1.982313172862384842, 2.346193823405649859 ),
 .UNSPECIFIED. ) 
 CURVE ( )  GEOMETRIC_REPRESENTATION_ITEM ( )  RATIONAL_B_SPLINE_CURVE ( ( 1.000000000000000000, 0.9889963102553599450, 0.9889963102553599450, 1.000000000000000000 ) ) 
 REPRESENTATION_ITEM ( '' )  );
#427 = CARTESIAN_POINT ( 'NONE',  ( 2.272191835612035415, 13.23374938035294512, 173.5064424249461013 ) ) ;
#428 = DIRECTION ( 'NONE',  ( -0.000000000000000000, -0.000000000000000000, -1.000000000000000000 ) ) ;
#429 = CARTESIAN_POINT ( 'NONE',  ( 2.734758927928626182, -2.600748865289360445, 147.0000000000000853 ) ) ;
#430 = AXIS2_PLACEMENT_3D ( 'NONE', #2338, #752, #1870 ) ;
#431 = VERTEX_POINT ( 'NONE', #211 ) ;
#432 = CARTESIAN_POINT ( 'NONE',  ( 6.000000000000000888, 0.000000000000000000, -36.00000000000000000 ) ) ;
#433 = CARTESIAN_POINT ( 'NONE',  ( -2.272191835612035415, -1.791103050249993389, 154.5512286986144659 ) ) ;
#434 = AXIS2_PLACEMENT_3D ( 'NONE', #1213, #2588, #2811 ) ;
#435 = DIRECTION ( 'NONE',  ( 1.000000000000000000, 0.000000000000000000, 0.000000000000000000 ) ) ;
#436 = VERTEX_POINT ( 'NONE', #1114 ) ;
#437 = CARTESIAN_POINT ( 'NONE',  ( 2.258066196924193747, -1.064727916227085958, 148.0801647581824341 ) ) ;
#438 = CARTESIAN_POINT ( 'NONE',  ( 2.272191835612035415, -2.088808792393198388, 150.6512859668306703 ) ) ;
#439 = ORIENTED_EDGE ( 'NONE', *, *, #1037, .T. ) ;
#440 = CARTESIAN_POINT ( 'NONE',  ( -8.300000000000000711, 1.028703311283776586E-15, 87.00000000000001421 ) ) ;
#441 = CARTESIAN_POINT ( 'NONE',  ( 2.272191835612035415, 2.075009479137967183, 221.8127464333653904 ) ) ;
#442 = EDGE_CURVE ( 'NONE', #745, #1898, #1097, .T. ) ;
#443 = CARTESIAN_POINT ( 'NONE',  ( -0.5220409315327686484, -4.974369599000916686, -26.06482018152328806 ) ) ;
#444 = ORIENTED_EDGE ( 'NONE', *, *, #2104, .T. ) ;
#445 = ORIENTED_EDGE ( 'NONE', *, *, #592, .T. ) ;
#446 = CARTESIAN_POINT ( 'NONE',  ( 2.242805519269018166, -1.217751511460869907, 148.1211437855093607 ) ) ;
#447 = CARTESIAN_POINT ( 'NONE',  ( 4.582575694955844270, -2.000000000000000000, -27.99999999999999645 ) ) ;
#448 = CARTESIAN_POINT ( 'NONE',  ( -2.272191835612035415, 8.321555384735528804, 171.4362460397375401 ) ) ;
#449 = B_SPLINE_CURVE_WITH_KNOTS ( 'NONE', 3,
 ( #1662, #2098, #2614, #2572, #1196, #2822, #86, #976, #804, #1691, #758, #2599, #2629, #170, #1309, #2419 ),
 .UNSPECIFIED., .F., .F.,
 ( 4, 2, 2, 2, 2, 2, 2, 4 ),
 ( 0.000000000000000000, 0.0003937486715539292447, 0.0007874973431078584893, 0.001181246014661787788, 0.001574994686215716979, 0.002362492029323568637, 0.002756240700877492841, 0.003149989372431417044 ),
 .UNSPECIFIED. ) ;
#450 = CARTESIAN_POINT ( 'NONE',  ( -9.000000000000000000, 0.000000000000000000, 16.00000000000000000 ) ) ;
#451 = VERTEX_POINT ( 'NONE', #1232 ) ;
#452 = CARTESIAN_POINT ( 'NONE',  ( 2.485734673350538770, 1.456431652601813509, 146.9999999999999432 ) ) ;
#453 = CARTESIAN_POINT ( 'NONE',  ( 2.000000000000000000, 5.656854249492380582, -27.99999999999999645 ) ) ;
#454 = CARTESIAN_POINT ( 'NONE',  ( 2.272191835612035415, 0.02980746607206101115, 218.7543684494687000 ) ) ;
#455 = CARTESIAN_POINT ( 'NONE',  ( 2.272191835612034971, -0.7764599186660019470, 147.9999999999961346 ) ) ;
#456 = CARTESIAN_POINT ( 'NONE',  ( 2.272191835612035415, 3.185968063087907254, 231.4470402582689701 ) ) ;
#457 = FACE_OUTER_BOUND ( 'NONE', #2640, .T. ) ;
#458 = ORIENTED_EDGE ( 'NONE', *, *, #185, .F. ) ;
#459 = CARTESIAN_POINT ( 'NONE',  ( -1.499300431977947268, -3.695080739081923138, 146.9999999999998579 ) ) ;
#460 = FILL_AREA_STYLE_COLOUR ( '', #721 ) ;
#461 = CARTESIAN_POINT ( 'NONE',  ( -2.272191835612035415, 7.215673932188974682, 212.3043359858493773 ) ) ;
#462 = ADVANCED_FACE ( 'NONE', ( #2774 ), #313, .F. ) ;
#463 = CARTESIAN_POINT ( 'NONE',  ( -0.5233331742002481635, 4.974214383558138053, -26.06521930429858358 ) ) ;
#464 = ORIENTED_EDGE ( 'NONE', *, *, #2299, .T. ) ;
#465 = DIRECTION ( 'NONE',  ( 0.000000000000000000, 0.000000000000000000, 1.000000000000000000 ) ) ;
#466 = CARTESIAN_POINT ( 'NONE',  ( -4.999999999999999112, 0.1319572327695471559, -26.00000000000001066 ) ) ;
#467 = CARTESIAN_POINT ( 'NONE',  ( -5.204658254173454068, 3.038752337365556944, -33.54001246594964414 ) ) ;
#468 = DIRECTION ( 'NONE',  ( -0.000000000000000000, -0.000000000000000000, -1.000000000000000000 ) ) ;
#469 = CARTESIAN_POINT ( 'NONE',  ( 2.272191835612035415, -0.4654670895503471573, 226.6511931821869155 ) ) ;
#470 = SHAPE_DEFINITION_REPRESENTATION ( #632, #2287 ) ;
#471 = DIRECTION ( 'NONE',  ( 1.000000000000000000, 0.000000000000000000, 0.000000000000000000 ) ) ;
#472 = EDGE_LOOP ( 'NONE', ( #2667, #630 ) ) ;
#473 = CARTESIAN_POINT ( 'NONE',  ( -2.883664298176348950, -2.353331524203937875, 146.9999999999999432 ) ) ;
#474 = LINE ( 'NONE', #1864, #1229 ) ;
#475 = CIRCLE ( 'NONE', #2127, 5.000000000000000888 ) ;
#476 = CARTESIAN_POINT ( 'NONE',  ( -2.272191835612035415, -0.4654670895503471573, 226.6511931821869155 ) ) ;
#477 = CARTESIAN_POINT ( 'NONE',  ( 2.272191835612035415, 3.185968063087907254, 231.4470402582689701 ) ) ;
#478 = ORIENTED_EDGE ( 'NONE', *, *, #1735, .T. ) ;
#479 = EDGE_CURVE ( 'NONE', #659, #1164, #1904, .T. ) ;
#480 = FACE_OUTER_BOUND ( 'NONE', #1903, .T. ) ;
#481 = CARTESIAN_POINT ( 'NONE',  ( -4.666836767193485613, 1.795421129379957570, -27.10930321654948827 ) ) ;
#482 = CARTESIAN_POINT ( 'NONE',  ( 2.272191835612035415, -2.014082445578561753, 153.9250128151016384 ) ) ;
#483 = EDGE_CURVE ( 'NONE', #1269, #2531, #2630, .T. ) ;
#484 = DIRECTION ( 'NONE',  ( 0.000000000000000000, 0.000000000000000000, -1.000000000000000000 ) ) ;
#485 = CARTESIAN_POINT ( 'NONE',  ( 2.272191835612035415, 18.04660878630079424, 190.4765883242380653 ) ) ;
#486 = DIRECTION ( 'NONE',  ( 0.000000000000000000, 0.9999667786871668795, -0.008151166910998210516 ) ) ;
#487 = VERTEX_POINT ( 'NONE', #333 ) ;
#488 = AXIS2_PLACEMENT_3D ( 'NONE', #2090, #80, #1869 ) ;
#489 = CARTESIAN_POINT ( 'NONE',  ( -5.934856853242418850, -0.8902294961668293372, -26.20421557290260495 ) ) ;
#490 = DIRECTION ( 'NONE',  ( -0.000000000000000000, -0.000000000000000000, -1.000000000000000000 ) ) ;
#491 = CARTESIAN_POINT ( 'NONE',  ( 2.272191835612035415, 6.492885204040693026, 169.0527017151353846 ) ) ;
#492 = DIRECTION ( 'NONE',  ( 1.000000000000000000, 0.000000000000000000, 0.000000000000000000 ) ) ;
#493 = EDGE_LOOP ( 'NONE', ( #16, #2136 ) ) ;
#494 = DIRECTION ( 'NONE',  ( 0.000000000000000000, 0.9828721869343218787, 0.1842885350501852759 ) ) ;
#495 = DIRECTION ( 'NONE',  ( -1.000000000000000000, 0.000000000000000000, 0.000000000000000000 ) ) ;
#496 = EDGE_CURVE ( 'NONE', #705, #1151, #1218, .T. ) ;
#497 = DIRECTION ( 'NONE',  ( -0.000000000000000000, -0.000000000000000000, -1.000000000000000000 ) ) ;
#498 = CARTESIAN_POINT ( 'NONE',  ( 2.272191835612035415, -2.281366202476908800, 151.9937724947160973 ) ) ;
#499 = ADVANCED_FACE ( 'NONE', ( #2327 ), #1205, .F. ) ;
#500 = CARTESIAN_POINT ( 'NONE',  ( -0.8897657550813388161, 2.096130786290550496, 147.0000000000030980 ) ) ;
#501 = EDGE_LOOP ( 'NONE', ( #1728, #1881, #162, #2668 ) ) ;
#502 = CARTESIAN_POINT ( 'NONE',  ( -5.875475981279621784, -1.220984774029102438, -26.41065575134737742 ) ) ;
#503 = ORIENTED_EDGE ( 'NONE', *, *, #2681, .F. ) ;
#504 = PLANE ( 'NONE',  #2502 ) ;
#505 = TOROIDAL_SURFACE ( 'NONE', #2581, 5.132357188805564796, 1.000000000000000000 ) ;
#506 = CARTESIAN_POINT ( 'NONE',  ( 2.272191835612035415, -6.157426967992707389, 151.5438259170016408 ) ) ;
#507 = CARTESIAN_POINT ( 'NONE',  ( -10.99999999999999289, -2.000000000000000000, -27.99999999999999645 ) ) ;
#508 = EDGE_LOOP ( 'NONE', ( #2755, #954 ) ) ;
#509 = CARTESIAN_POINT ( 'NONE',  ( -1.883972104130759773, 0.7760673972686860100, 147.5409452355579560 ) ) ;
#510 = FACE_OUTER_BOUND ( 'NONE', #584, .T. ) ;
#511 = CARTESIAN_POINT ( 'NONE',  ( -1.714870391577852038, 1.325473462211633091, -25.62563511639529068 ) ) ;
#512 = DIRECTION ( 'NONE',  ( 0.000000000000000000, -0.1842885350501854425, -0.9828721869343218787 ) ) ;
#513 = CARTESIAN_POINT ( 'NONE',  ( -2.272191835612035415, 9.144453008695327512, 209.4035392654846817 ) ) ;
#514 = CARTESIAN_POINT ( 'NONE',  ( -1.786803793464443180, 1.438038598128841050, 147.0000000000062244 ) ) ;
#515 = EDGE_CURVE ( 'NONE', #2215, #1511, #1119, .T. ) ;
#516 = CARTESIAN_POINT ( 'NONE',  ( 1.081698261753115675, -1.877829577060247113, -25.63581328777034685 ) ) ;
#517 = CARTESIAN_POINT ( 'NONE',  ( -2.286731532742982242, -0.7108944410245853218, 147.9826519385352128 ) ) ;
#518 = EDGE_CURVE ( 'NONE', #745, #1959, #536, .T. ) ;
#519 = VERTEX_POINT ( 'NONE', #82 ) ;
#520 = DIRECTION ( 'NONE',  ( -0.9828721869343218787, 0.000000000000000000, 0.1842885350501854425 ) ) ;
#521 = CARTESIAN_POINT ( 'NONE',  ( -2.272191835612035415, -3.645345109230143876, 228.9799407558459166 ) ) ;
#522 = CARTESIAN_POINT ( 'NONE',  ( 2.000000000000000000, -5.656854249492381470, -27.73388820092367624 ) ) ;
#523 = CIRCLE ( 'NONE', #2654, 6.000000000000000888 ) ;
#524 = ORIENTED_EDGE ( 'NONE', *, *, #1307, .T. ) ;
#525 = CARTESIAN_POINT ( 'NONE',  ( 4.959259341915168484, -0.6488066176157314402, -26.10356126549764255 ) ) ;
#526 = CARTESIAN_POINT ( 'NONE',  ( -2.000000000000000000, -5.656854249492382358, -27.99999999999999645 ) ) ;
#527 = CARTESIAN_POINT ( 'NONE',  ( 2.272191835612035415, -1.791103050249993389, 154.5512286986144659 ) ) ;
#528 = AXIS2_PLACEMENT_3D ( 'NONE', #598, #995, #1714 ) ;
#529 = CIRCLE ( 'NONE', #2316, 2.272191835612035415 ) ;
#530 = CARTESIAN_POINT ( 'NONE',  ( -2.272191835612035415, -1.071853358285044688, 148.4234591158362093 ) ) ;
#531 = CARTESIAN_POINT ( 'NONE',  ( -2.272191835612035415, -1.162406813843796849, 148.5240859310917187 ) ) ;
#532 = CARTESIAN_POINT ( 'NONE',  ( 0.000000000000000000, -10.99999999999999289, -27.99999999999999645 ) ) ;
#533 = DIRECTION ( 'NONE',  ( -1.000000000000000000, 0.000000000000000000, 0.000000000000000000 ) ) ;
#534 = DIRECTION ( 'NONE',  ( -1.000000000000000000, 0.000000000000000000, 0.000000000000000000 ) ) ;
#535 = EDGE_CURVE ( 'NONE', #2625, #713, #2420, .T. ) ;
#536 = CIRCLE ( 'NONE', #678, 9.000000000000000000 ) ;
#537 = CARTESIAN_POINT ( 'NONE',  ( -5.000000000000000888, 6.123233995736766282E-16, -37.00001199999999812 ) ) ;
#538 = CARTESIAN_POINT ( 'NONE',  ( 2.272191835612035415, -1.162406813843796849, 148.5240859310917187 ) ) ;
#539 = CARTESIAN_POINT ( 'NONE',  ( 0.000000000000000000, 0.000000000000000000, 12.00000000000000355 ) ) ;
#540 = ORIENTED_EDGE ( 'NONE', *, *, #2139, .F. ) ;
#541 = CYLINDRICAL_SURFACE ( 'NONE', #870, 6.000000000000000888 ) ;
#542 = CARTESIAN_POINT ( 'NONE',  ( -5.000000000000412115, 9.511260793210093256E-14, -25.99999999999896971 ) ) ;
#543 = CARTESIAN_POINT ( 'NONE',  ( -2.272191835612035415, -2.259042779011218194, 152.6461477077538689 ) ) ;
#544 = CARTESIAN_POINT ( 'NONE',  ( -2.272191835612035415, 3.148926033276155945, 226.9028075574364607 ) ) ;
#545 = CIRCLE ( 'NONE', #2905, 5.000000000000000888 ) ;
#546 = CARTESIAN_POINT ( 'NONE',  ( -3.231382463906045110, -0.2466164358180792937, 147.0000000000000853 ) ) ;
#547 = DIRECTION ( 'NONE',  ( 0.000000000000000000, 0.000000000000000000, 1.000000000000000000 ) ) ;
#548 = DIRECTION ( 'NONE',  ( -0.000000000000000000, -0.000000000000000000, 1.000000000000000000 ) ) ;
#549 = LINE ( 'NONE', #1031, #157 ) ;
#550 = ORIENTED_EDGE ( 'NONE', *, *, #57, .T. ) ;
#551 = CARTESIAN_POINT ( 'NONE',  ( -0.03664610569677268642, -4.051489623923617778, 147.0000000000000853 ) ) ;
#552 = AXIS2_PLACEMENT_3D ( 'NONE', #411, #1485, #2894 ) ;
#553 = CARTESIAN_POINT ( 'NONE',  ( -6.000000000000000888, 7.347880794884120722E-16, -37.00000000000000000 ) ) ;
#554 = CARTESIAN_POINT ( 'NONE',  ( -2.272191835612035415, 3.356794376124855983, 160.9862643002685729 ) ) ;
#555 = CARTESIAN_POINT ( 'NONE',  ( -2.272191835612035415, -0.7851678150460874583, 225.3963435946056393 ) ) ;
#556 = ORIENTED_EDGE ( 'NONE', *, *, #2244, .T. ) ;
#557 = AXIS2_PLACEMENT_3D ( 'NONE', #2700, #2007, #484 ) ;
#558 = CARTESIAN_POINT ( 'NONE',  ( -2.139739253537792152, 1.825929397857024794, 147.0000000000001137 ) ) ;
#559 = CARTESIAN_POINT ( 'NONE',  ( 5.786255013801848257, -1.589012114739980053, -26.77850518166273375 ) ) ;
#560 = CARTESIAN_POINT ( 'NONE',  ( 5.995535001991518342, 0.2648661127328561515, -26.01328571492538799 ) ) ;
#561 = CARTESIAN_POINT ( 'NONE',  ( 4.588431484561544593, 1.986727554457980105, -27.73511250061041977 ) ) ;
#562 = B_SPLINE_CURVE_WITH_KNOTS ( 'NONE', 3,
 ( #2087, #1625, #748, #1360, #276, #2768, #2485, #1639, #90, #1818, #2290, #2276, #1866, #2726, #76, #1184 ),
 .UNSPECIFIED., .F., .F.,
 ( 4, 2, 2, 2, 2, 2, 2, 4 ),
 ( 0.003160752024440588621, 0.003555230578415712831, 0.003949709132390837041, 0.004344187686365960817, 0.004738666240341084593, 0.005133144794316209236, 0.005527623348291333880, 0.006316580456241580564 ),
 .UNSPECIFIED. ) ;
#563 = CARTESIAN_POINT ( 'NONE',  ( 0.8884141090511138428, 2.545358557756473683, 147.0000000000001421 ) ) ;
#564 = VERTEX_POINT ( 'NONE', #1245 ) ;
#565 = CARTESIAN_POINT ( 'NONE',  ( -1.499300431415076407, -3.695080737826449635, 147.0000000000001990 ) ) ;
#566 = CARTESIAN_POINT ( 'NONE',  ( -4.902902785771185101, -1.010327442324678415, -26.25440302744857490 ) ) ;
#567 = EDGE_CURVE ( 'NONE', #749, #87, #2798, .T. ) ;
#568 = ORIENTED_EDGE ( 'NONE', *, *, #2740, .F. ) ;
#569 = CARTESIAN_POINT ( 'NONE',  ( -9.319608355999427829, 0.01244160262200446135, 0.000000000000000000 ) ) ;
#570 = CARTESIAN_POINT ( 'NONE',  ( -2.272191835612035415, 0.4112441055422271785, 150.0545727344471345 ) ) ;
#571 = CIRCLE ( 'NONE', #1696, 1.000000000000000000 ) ;
#572 = ORIENTED_EDGE ( 'NONE', *, *, #1630, .T. ) ;
#573 = AXIS2_PLACEMENT_3D ( 'NONE', #658, #1550, #435 ) ;
#574 = DIRECTION ( 'NONE',  ( -1.000000000000000000, 0.000000000000000000, 0.000000000000000000 ) ) ;
#575 = CARTESIAN_POINT ( 'NONE',  ( -2.080463695903042254, -0.5563748214722654684, -25.63160454300465219 ) ) ;
#576 = CARTESIAN_POINT ( 'NONE',  ( 5.978642411555453506, 0.5219472507160490826, -26.06486207838725022 ) ) ;
#577 = AXIS2_PLACEMENT_3D ( 'NONE', #2602, #1910, #806 ) ;
#578 = DIRECTION ( 'NONE',  ( 0.1842885350501854425, 0.000000000000000000, 0.9828721869343218787 ) ) ;
#579 = CARTESIAN_POINT ( 'NONE',  ( 2.342452544805468495, 1.622848814206230506, 147.0000000000000568 ) ) ;
#580 = AXIS2_PLACEMENT_3D ( 'NONE', #1414, #230, #2039 ) ;
#581 = ORIENTED_EDGE ( 'NONE', *, *, #2160, .T. ) ;
#582 = CARTESIAN_POINT ( 'NONE',  ( 2.950816845324102378, -2.222886822675613772, 147.0000000000001137 ) ) ;
#583 = CARTESIAN_POINT ( 'NONE',  ( 2.272191835612035415, 1.233873952143233588, 149.0674949044575612 ) ) ;
#584 = EDGE_LOOP ( 'NONE', ( #309, #1225 ) ) ;
#585 = FACE_OUTER_BOUND ( 'NONE', #1304, .T. ) ;
#586 = CARTESIAN_POINT ( 'NONE',  ( 2.272191835612035415, 1.371077060595493391, 234.8409476308183343 ) ) ;
#587 = EDGE_CURVE ( 'NONE', #2003, #1151, #1283, .T. ) ;
#588 = ORIENTED_EDGE ( 'NONE', *, *, #272, .T. ) ;
#589 = CARTESIAN_POINT ( 'NONE',  ( 0.2539050606762902618, 2.666325378944107705, 146.9999999999999147 ) ) ;
#590 = DIRECTION ( 'NONE',  ( 0.000000000000000000, -0.9828721869343218787, 0.1842885350501854425 ) ) ;
#591 = DIRECTION ( 'NONE',  ( -0.000000000000000000, 1.000000000000000000, -0.000000000000000000 ) ) ;
#592 = EDGE_CURVE ( 'NONE', #384, #1989, #2165, .T. ) ;
#593 = ORIENTED_EDGE ( 'NONE', *, *, #535, .T. ) ;
#594 = CARTESIAN_POINT ( 'NONE',  ( -3.500000000000000888, -3.570714214271425657, -36.00000000000000000 ) ) ;
#595 = CARTESIAN_POINT ( 'NONE',  ( 2.000000000000000000, 5.656854249492380582, -27.99999999999999645 ) ) ;
#596 = B_SPLINE_CURVE_WITH_KNOTS ( 'NONE', 3,
 ( #35, #1790, #265, #2005, #1379, #2280, #1364, #930, #2908, #1157, #725, #2294, #2684, #661, #2237, #2019, #6, #677, #2251, #1127, #2348, #2592, #2107, #511, #312, #1423, #2567, #1216, #2549, #1439 ),
 .UNSPECIFIED., .F., .F.,
 ( 4, 2, 2, 2, 2, 2, 2, 2, 2, 2, 2, 2, 2, 2, 4 ),
 ( 0.005051756983686055483, 0.005470119402718754027, 0.005888481821751452572, 0.006306844240784150249, 0.006725206659816848793, 0.007143569078849547338, 0.007561931497882245015, 0.008398656335947642104, 0.008817018754980339781, 0.009235381174013037459, 0.009653743593045736870, 0.01007210601207843455, 0.01090883085014383164, 0.01132719326917652758, 0.01174555568820922699 ),
 .UNSPECIFIED. ) ;
#597 = ORIENTED_EDGE ( 'NONE', *, *, #1074, .T. ) ;
#598 = CARTESIAN_POINT ( 'NONE',  ( 0.000000000000000000, 0.01244160262200446135, -28.26022638132937814 ) ) ;
#599 = CARTESIAN_POINT ( 'NONE',  ( -2.272191835612035415, 2.511721819622346086, 155.3343010309499164 ) ) ;
#600 = VERTEX_POINT ( 'NONE', #165 ) ;
#601 = CARTESIAN_POINT ( 'NONE',  ( 4.132357188805564796, 5.060678004204289998E-16, 139.1763269807084669 ) ) ;
#602 = CARTESIAN_POINT ( 'NONE',  ( 2.272191835612035415, -4.254556917136929961, 220.3174989239058732 ) ) ;
#603 = EDGE_LOOP ( 'NONE', ( #191, #1774, #1139, #797, #779, #1361 ) ) ;
#604 = CARTESIAN_POINT ( 'NONE',  ( 2.258066196924192859, -1.064727916227085736, 148.0801647581824341 ) ) ;
#605 = CARTESIAN_POINT ( 'NONE',  ( 0.000000000000000000, 0.000000000000000000, -25.99999999999999645 ) ) ;
#606 = CARTESIAN_POINT ( 'NONE',  ( -2.000000000000000000, 4.582575694955838053, -27.99999999999999645 ) ) ;
#607 = EDGE_CURVE ( 'NONE', #1804, #667, #1954, .T. ) ;
#608 = ORIENTED_EDGE ( 'NONE', *, *, #2669, .T. ) ;
#609 = DIRECTION ( 'NONE',  ( -0.000000000000000000, -0.000000000000000000, -1.000000000000000000 ) ) ;
#610 = CARTESIAN_POINT ( 'NONE',  ( 3.221196931036834687, -1.402160523584669916, 146.9999999999999716 ) ) ;
#611 = ADVANCED_FACE ( 'NONE', ( #2862, #585 ), #1025, .T. ) ;
#612 = EDGE_LOOP ( 'NONE', ( #1851, #1082, #445, #2322 ) ) ;
#613 = CARTESIAN_POINT ( 'NONE',  ( 2.272191835612035415, 1.806993303116308347, 230.2928596378216639 ) ) ;
#614 = CARTESIAN_POINT ( 'NONE',  ( 2.272191835612035415, 2.409013150198885178, 148.3774207801014313 ) ) ;
#615 = CARTESIAN_POINT ( 'NONE',  ( 0.000000000000000000, 0.000000000000000000, 0.000000000000000000 ) ) ;
#616 = CARTESIAN_POINT ( 'NONE',  ( 2.272191835612035415, -4.690987122208455595, 223.7485438772157522 ) ) ;
#617 = ORIENTED_EDGE ( 'NONE', *, *, #1681, .F. ) ;
#618 = CARTESIAN_POINT ( 'NONE',  ( 1.936525970268128116, 1.241637346979439727, 146.9999999999907914 ) ) ;
#619 = CARTESIAN_POINT ( 'NONE',  ( 5.656854249492380582, -2.000000000000000000, -27.99999999999999645 ) ) ;
#620 = CARTESIAN_POINT ( 'NONE',  ( 0.000000000000000000, 0.000000000000000000, 147.0000000000000284 ) ) ;
#621 = AXIS2_PLACEMENT_3D ( 'NONE', #1450, #1437, #2336 ) ;
#622 = ORIENTED_EDGE ( 'NONE', *, *, #2069, .T. ) ;
#623 = DIRECTION ( 'NONE',  ( 0.000000000000000000, 0.000000000000000000, 1.000000000000000000 ) ) ;
#624 = CARTESIAN_POINT ( 'NONE',  ( -0.1849600491784104961, -3.150527710394746883, 148.4517167531555515 ) ) ;
#625 = AXIS2_PLACEMENT_3D ( 'NONE', #2482, #715, #2245 ) ;
#626 = ADVANCED_FACE ( 'NONE', ( #1746 ), #350, .T. ) ;
#627 = CARTESIAN_POINT ( 'NONE',  ( 2.272191835612035415, 10.43410438308161581, 200.5147630740695774 ) ) ;
#628 = CARTESIAN_POINT ( 'NONE',  ( 2.272191835612035415, 10.43410438308161581, 200.5147630740695774 ) ) ;
#629 = CARTESIAN_POINT ( 'NONE',  ( 3.247580058281229753, -1.184877530158350067, 147.9999999999999716 ) ) ;
#630 = ORIENTED_EDGE ( 'NONE', *, *, #2756, .T. ) ;
#631 = AXIS2_PLACEMENT_3D ( 'NONE', #2367, #2623, #2849 ) ;
#632 = PRODUCT_DEFINITION_SHAPE ( 'NONE', 'NONE',  #2631 ) ;
#633 = CARTESIAN_POINT ( 'NONE',  ( 0.000000000000000000, 0.000000000000000000, 18.00000000000000355 ) ) ;
#634 = CARTESIAN_POINT ( 'NONE',  ( -2.272191835612035415, 3.223010092899658563, 235.9912729591015079 ) ) ;
#635 = CARTESIAN_POINT ( 'NONE',  ( -2.000000000000000000, -10.99999999999999289, -27.99999999999999645 ) ) ;
#636 = B_SPLINE_CURVE_WITH_KNOTS ( 'NONE', 3,
 ( #1081, #2234, #1121, #2027, #688, #1580, #392, #2192, #1975, #2874, #1742, #2652, #1593, #1609, #522, #2545 ),
 .UNSPECIFIED., .F., .F.,
 ( 4, 2, 2, 2, 2, 2, 2, 4 ),
 ( 0.003149989372431417911, 0.003543208571968069643, 0.003936427771504721375, 0.004329646971041373540, 0.004722866170578024839, 0.005116085370114677004, 0.005509304569651329170, 0.006295742968724642175 ),
 .UNSPECIFIED. ) ;
#637 = ORIENTED_EDGE ( 'NONE', *, *, #2353, .T. ) ;
#638 = DIRECTION ( 'NONE',  ( 0.000000000000000000, 0.000000000000000000, 1.000000000000000000 ) ) ;
#639 = CARTESIAN_POINT ( 'NONE',  ( 2.215306771780717998, -1.366217250007838446, 148.1581238903201267 ) ) ;
#640 = VECTOR ( 'NONE', #2330, 1000.000000000000000 ) ;
#641 = UNCERTAINTY_MEASURE_WITH_UNIT (LENGTH_MEASURE( 1.000000000000000082E-05 ), #1650, 'distance_accuracy_value', 'NONE');
#642 = CARTESIAN_POINT ( 'NONE',  ( 0.000000000000000000, 0.000000000000000000, -36.00000000000000000 ) ) ;
#643 = CARTESIAN_POINT ( 'NONE',  ( 2.272191835612035415, 2.785508063867182305, 220.1120347632095786 ) ) ;
#644 = DIRECTION ( 'NONE',  ( 0.000000000000000000, 0.000000000000000000, -1.000000000000000000 ) ) ;
#645 = ORIENTED_EDGE ( 'NONE', *, *, #483, .F. ) ;
#646 = EDGE_CURVE ( 'NONE', #2525, #2783, #1052, .T. ) ;
#647 = CARTESIAN_POINT ( 'NONE',  ( -0.4442036542588697068, -3.128607721964089539, 148.4494852758553520 ) ) ;
#648 = CARTESIAN_POINT ( 'NONE',  ( -2.272191835612035415, -1.792446065618919615, 213.7491161415829879 ) ) ;
#649 = EDGE_CURVE ( 'NONE', #2843, #659, #2230, .T. ) ;
#650 = DIRECTION ( 'NONE',  ( 1.000000000000000000, 0.000000000000000000, 0.000000000000000000 ) ) ;
#651 = FACE_OUTER_BOUND ( 'NONE', #967, .T. ) ;
#652 = ORIENTED_EDGE ( 'NONE', *, *, #2463, .F. ) ;
#653 = B_SPLINE_CURVE_WITH_KNOTS ( 'NONE', 3,
 ( #2706, #244, #258, #684, #12, #489, #2526, #502, #2301, #286, #922, #1179, #2083, #1356, #1862, #1636 ),
 .UNSPECIFIED., .F., .F.,
 ( 4, 2, 2, 2, 2, 2, 2, 4 ),
 ( 0.003149989372431417044, 0.003543208571968069209, 0.003936427771504721375, 0.004329646971041372673, 0.004722866170578024839, 0.005116085370114677004, 0.005509304569651329170, 0.006295742968724642175 ),
 .UNSPECIFIED. ) ;
#654 = PLANE ( 'NONE',  #1512 ) ;
#655 = CARTESIAN_POINT ( 'NONE',  ( 0.3985263610459602313, -4.027821709046490284, 147.0000000000000284 ) ) ;
#656 = CARTESIAN_POINT ( 'NONE',  ( 2.272191835612035415, 2.164413577240951181, 159.8706774191242914 ) ) ;
#657 = CARTESIAN_POINT ( 'NONE',  ( -2.272191835612035415, 12.99419172039934622, 203.0665351482014671 ) ) ;
#658 = CARTESIAN_POINT ( 'NONE',  ( 0.000000000000000000, 0.000000000000000000, 87.00000000000001421 ) ) ;
#659 = VERTEX_POINT ( 'NONE', #601 ) ;
#660 = DIRECTION ( 'NONE',  ( -0.000000000000000000, -0.000000000000000000, -1.000000000000000000 ) ) ;
#661 = CARTESIAN_POINT ( 'NONE',  ( 0.5618194242498530944, 2.092876369869376418, -25.62320913716335014 ) ) ;
#662 = ADVANCED_FACE ( 'NONE', ( #136 ), #1929, .F. ) ;
#663 = CARTESIAN_POINT ( 'NONE',  ( 0.000000000000000000, 0.000000000000000000, 87.20000000000001705 ) ) ;
#664 = CARTESIAN_POINT ( 'NONE',  ( 2.272191835612035415, 4.640085566700033581, 210.0066820477350120 ) ) ;
#665 = CARTESIAN_POINT ( 'NONE',  ( -0.6496615091726257729, -4.959107201942588361, -26.10397586873919096 ) ) ;
#666 = ORIENTED_EDGE ( 'NONE', *, *, #1791, .T. ) ;
#667 = VERTEX_POINT ( 'NONE', #2195 ) ;
#668 = CARTESIAN_POINT ( 'NONE',  ( 2.609127806270863825, -2.776274847055629991, 147.0000000000001137 ) ) ;
#669 = AXIS2_PLACEMENT_3D ( 'NONE', #2714, #1142, #495 ) ;
#670 = CIRCLE ( 'NONE', #65, 8.500000000000000000 ) ;
#671 = DIRECTION ( 'NONE',  ( 1.000000000000000000, 0.000000000000000000, 0.000000000000000000 ) ) ;
#672 = CARTESIAN_POINT ( 'NONE',  ( -2.272191835612035415, 4.640085566700033581, 210.0066820477350120 ) ) ;
#673 = CARTESIAN_POINT ( 'NONE',  ( -3.038752337365555167, 5.204658254173454957, -33.54001246594962282 ) ) ;
#674 = ORIENTED_EDGE ( 'NONE', *, *, #2263, .F. ) ;
#675 = CARTESIAN_POINT ( 'NONE',  ( 1.858397358397481325, 2.057702200690598726, 146.9999999999998579 ) ) ;
#676 = DIRECTION ( 'NONE',  ( -1.000000000000000000, 0.000000000000000000, 0.000000000000000000 ) ) ;
#677 = CARTESIAN_POINT ( 'NONE',  ( -0.5554236508348474599, 2.080650261446008287, -25.62324779457748392 ) ) ;
#678 = AXIS2_PLACEMENT_3D ( 'NONE', #1658, #2121, #2594 ) ;
#679 = FACE_OUTER_BOUND ( 'NONE', #1390, .T. ) ;
#680 = CARTESIAN_POINT ( 'NONE',  ( 2.272191835612035415, 2.409013150198885178, 148.3774207801014313 ) ) ;
#681 = CARTESIAN_POINT ( 'NONE',  ( 0.000000000000000000, 0.000000000000000000, 87.00000000000001421 ) ) ;
#682 = ADVANCED_FACE ( 'NONE', ( #2638 ), #1290, .T. ) ;
#683 = VERTEX_POINT ( 'NONE', #178 ) ;
#684 = CARTESIAN_POINT ( 'NONE',  ( -5.978642411555453506, -0.5219472507160484165, -26.06486207838725022 ) ) ;
#685 = CARTESIAN_POINT ( 'NONE',  ( 3.064488671470530168, 3.997600702067305001, -33.67727291450949423 ) ) ;
#686 = CARTESIAN_POINT ( 'NONE',  ( -2.272191835612035415, 2.711613933285028200, 213.0267260637161826 ) ) ;
#687 = CIRCLE ( 'NONE', #2099, 1.000000000000000444 ) ;
#688 = CARTESIAN_POINT ( 'NONE',  ( 0.6470201266451253153, -5.966271815802568490, -26.10297200332543710 ) ) ;
#689 = ORIENTED_EDGE ( 'NONE', *, *, #1092, .F. ) ;
#690 = ORIENTED_EDGE ( 'NONE', *, *, #1775, .F. ) ;
#691 = DIRECTION ( 'NONE',  ( 0.000000000000000000, 0.000000000000000000, 1.000000000000000000 ) ) ;
#692 = CARTESIAN_POINT ( 'NONE',  ( -0.2620864838738921065, -5.995675272140656098, -26.01286203651959994 ) ) ;
#693 = CARTESIAN_POINT ( 'NONE',  ( 2.272191835612035415, 2.711613933285028200, 213.0267260637161826 ) ) ;
#694 = CARTESIAN_POINT ( 'NONE',  ( 0.000000000000000000, 0.000000000000000000, 87.00000000000001421 ) ) ;
#695 = CARTESIAN_POINT ( 'NONE',  ( 2.272191835612035415, 17.42309470736656252, 174.4387064699322423 ) ) ;
#696 = AXIS2_PLACEMENT_3D ( 'NONE', #1967, #2866, #1720 ) ;
#697 = CARTESIAN_POINT ( 'NONE',  ( -0.1321631069711350359, -5.000000000000007994, -25.99999999999997868 ) ) ;
#698 = VERTEX_POINT ( 'NONE', #363 ) ;
#699 = CARTESIAN_POINT ( 'NONE',  ( -2.148727277875608799, -1.612212371971549540, 148.2149098645043068 ) ) ;
#700 =( BOUNDED_CURVE ( )  B_SPLINE_CURVE ( 3, ( #1099, #467, #1113, #1777 ),
 .UNSPECIFIED., .F., .T. ) 
 B_SPLINE_CURVE_WITH_KNOTS ( ( 4, 4 ),
 ( 4.089562394972686477, 4.372552070930567858 ),
 .UNSPECIFIED. ) 
 CURVE ( )  GEOMETRIC_REPRESENTATION_ITEM ( )  RATIONAL_B_SPLINE_CURVE ( ( 1.000000000000000000, 0.9933375304027626251, 0.9933375304027626251, 1.000000000000000000 ) ) 
 REPRESENTATION_ITEM ( '' )  );
#701 = ADVANCED_FACE ( 'NONE', ( #1962 ), #813, .F. ) ;
#702 = DIRECTION ( 'NONE',  ( 1.000000000000000000, 0.000000000000000000, 0.000000000000000000 ) ) ;
#703 = CARTESIAN_POINT ( 'NONE',  ( -2.272191835612035415, 3.356794376124855983, 160.9862643002685729 ) ) ;
#704 = FACE_OUTER_BOUND ( 'NONE', #603, .T. ) ;
#705 = VERTEX_POINT ( 'NONE', #2875 ) ;
#706 = CARTESIAN_POINT ( 'NONE',  ( -1.291052730530861448, 1.507173163294493357, 147.3665515814643925 ) ) ;
#707 = CARTESIAN_POINT ( 'NONE',  ( 9.000000000000000000, 1.102182119232617714E-15, 17.00000000000000000 ) ) ;
#708 = CARTESIAN_POINT ( 'NONE',  ( 2.272191835612035415, 3.356794376124855983, 160.9862643002685729 ) ) ;
#709 = DIRECTION ( 'NONE',  ( 0.000000000000000000, 0.000000000000000000, 1.000000000000000000 ) ) ;
#710 = CARTESIAN_POINT ( 'NONE',  ( 2.272191835612035415, 10.13950599795173524, 162.4459030013681797 ) ) ;
#711 = APPLICATION_PROTOCOL_DEFINITION ( 'draft international standard', 'automotive_design', 1998, #2405 ) ;
#712 = CARTESIAN_POINT ( 'NONE',  ( 2.272191835612035415, -0.7851678150460874583, 225.3963435946056393 ) ) ;
#713 = VERTEX_POINT ( 'NONE', #569 ) ;
#714 = CARTESIAN_POINT ( 'NONE',  ( -3.283451864952165788, -1.118244861272750468, 147.0000000000000284 ) ) ;
#715 = DIRECTION ( 'NONE',  ( -0.000000000000000000, -0.000000000000000000, -1.000000000000000000 ) ) ;
#716 = EDGE_CURVE ( 'NONE', #881, #2682, #1033, .T. ) ;
#717 = CONICAL_SURFACE ( 'NONE', #1743, 8.500000000000000000, 0.3490658503988660621 ) ;
#718 =( BOUNDED_CURVE ( )  B_SPLINE_CURVE ( 3, ( #278, #2060, #2499, #48 ),
 .UNSPECIFIED., .F., .T. ) 
 B_SPLINE_CURVE_WITH_KNOTS ( ( 4, 4 ),
 ( 4.089562394972686477, 4.372552070930567858 ),
 .UNSPECIFIED. ) 
 CURVE ( )  GEOMETRIC_REPRESENTATION_ITEM ( )  RATIONAL_B_SPLINE_CURVE ( ( 1.000000000000000000, 0.9933375304027626251, 0.9933375304027626251, 1.000000000000000000 ) ) 
 REPRESENTATION_ITEM ( '' )  );
#719 = CARTESIAN_POINT ( 'NONE',  ( 2.272191835612035415, 4.008712414947216196, 204.4353268495445661 ) ) ;
#720 = DIRECTION ( 'NONE',  ( -1.000000000000000000, 0.000000000000000000, 0.000000000000000000 ) ) ;
#721 = COLOUR_RGB ( '',0.7921568627450980005, 0.8196078431372548767, 0.9333333333333333481 ) ;
#722 = ORIENTED_EDGE ( 'NONE', *, *, #812, .T. ) ;
#723 = CARTESIAN_POINT ( 'NONE',  ( 4.921251189515331248, -0.8924628715687691338, -26.20530227512984922 ) ) ;
#724 = DIRECTION ( 'NONE',  ( -0.000000000000000000, -0.000000000000000000, 1.000000000000000000 ) ) ;
#725 = CARTESIAN_POINT ( 'NONE',  ( 1.307747876755861682, 1.711017209512072590, -25.62441578912763873 ) ) ;
#726 = DIRECTION ( 'NONE',  ( -1.000000000000000000, 0.000000000000000000, 0.000000000000000000 ) ) ;
#727 = CARTESIAN_POINT ( 'NONE',  ( 2.272191835612035415, 3.230942120522906968, 219.2275199715886913 ) ) ;
#728 = CARTESIAN_POINT ( 'NONE',  ( 3.064488671470529280, -3.997600702067305001, -33.67727291450949423 ) ) ;
#729 = ORIENTED_EDGE ( 'NONE', *, *, #354, .T. ) ;
#730 = AXIS2_PLACEMENT_3D ( 'NONE', #1617, #497, #2224 ) ;
#731 = CARTESIAN_POINT ( 'NONE',  ( 0.000000000000000000, 0.000000000000000000, 17.00000000000000000 ) ) ;
#732 = CARTESIAN_POINT ( 'NONE',  ( 3.499999999999998224, 3.570714214271428322, -36.00000000000000000 ) ) ;
#733 = CARTESIAN_POINT ( 'NONE',  ( -2.272191835612035415, -4.690987122208455595, 223.7485438772157522 ) ) ;
#734 = CARTESIAN_POINT ( 'NONE',  ( 0.000000000000000000, 0.000000000000000000, -36.00000000000000000 ) ) ;
#735 = ORIENTED_EDGE ( 'NONE', *, *, #1411, .F. ) ;
#736 = CARTESIAN_POINT ( 'NONE',  ( 5.000000000000000888, 0.000000000000000000, -37.00001199999999812 ) ) ;
#737 = DIRECTION ( 'NONE',  ( 0.000000000000000000, 0.000000000000000000, 1.000000000000000000 ) ) ;
#738 = VECTOR ( 'NONE', #1542, 1000.000000000000000 ) ;
#739 = EDGE_CURVE ( 'NONE', #167, #1792, #913, .T. ) ;
#740 = CARTESIAN_POINT ( 'NONE',  ( -2.272191835612035415, 9.230530691343631133, 166.9410745205528315 ) ) ;
#741 = CARTESIAN_POINT ( 'NONE',  ( -2.272191835612035415, 7.512225481430180096, 160.0158472295749732 ) ) ;
#742 = CARTESIAN_POINT ( 'NONE',  ( -2.348802310874164689, 0.2960070279490041312, 146.9999999999999716 ) ) ;
#743 = CARTESIAN_POINT ( 'NONE',  ( 0.000000000000000000, 0.000000000000000000, 87.20000000000001705 ) ) ;
#744 = CARTESIAN_POINT ( 'NONE',  ( -2.249297345327597508, -0.3980944416035366862, 147.8879141684690239 ) ) ;
#745 = VERTEX_POINT ( 'NONE', #707 ) ;
#746 = DIRECTION ( 'NONE',  ( 1.000000000000000000, 0.000000000000000000, 0.000000000000000000 ) ) ;
#747 = CARTESIAN_POINT ( 'NONE',  ( 2.272191835612035415, -0.7370551986982541992, 162.0573062066339389 ) ) ;
#748 = CARTESIAN_POINT ( 'NONE',  ( 0.2657875508717727486, -4.994601417792691400, -26.01339210474766261 ) ) ;
#749 = VERTEX_POINT ( 'NONE', #1363 ) ;
#750 = DIRECTION ( 'NONE',  ( 0.000000000000000000, -0.1842885350501852759, 0.9828721869343218787 ) ) ;
#751 = CARTESIAN_POINT ( 'NONE',  ( 0.6480166022934609193, 5.966135612255344611, -26.10341467295124573 ) ) ;
#752 = DIRECTION ( 'NONE',  ( -0.000000000000000000, -0.000000000000000000, 1.000000000000000000 ) ) ;
#753 = DIRECTION ( 'NONE',  ( -1.000000000000000000, 0.000000000000000000, 0.000000000000000000 ) ) ;
#754 = CARTESIAN_POINT ( 'NONE',  ( -2.272191835612035415, 3.356794376124855983, 160.9862643002685729 ) ) ;
#755 = EDGE_CURVE ( 'NONE', #1704, #2131, #2622, .T. ) ;
#756 = CARTESIAN_POINT ( 'NONE',  ( -0.7902360225093976176, 1.817501582367810675, 147.3065535019079846 ) ) ;
#757 = FACE_OUTER_BOUND ( 'NONE', #1476, .T. ) ;
#758 = CARTESIAN_POINT ( 'NONE',  ( -5.919562816259830385, 1.008749080312654867, -26.25349750316043895 ) ) ;
#759 = DIRECTION ( 'NONE',  ( -0.000000000000000000, -0.000000000000000000, 1.000000000000000000 ) ) ;
#760 = CARTESIAN_POINT ( 'NONE',  ( -2.272191835612035415, -0.2058358135683233114, 233.5733154653842973 ) ) ;
#761 = CARTESIAN_POINT ( 'NONE',  ( -3.570714214271427434, 3.499999999999999112, -36.00000000000000000 ) ) ;
#762 = ORIENTED_EDGE ( 'NONE', *, *, #1969, .F. ) ;
#763 = CARTESIAN_POINT ( 'NONE',  ( -9.000000000000000000, 0.000000000000000000, 17.00000000000000000 ) ) ;
#764 = CARTESIAN_POINT ( 'NONE',  ( 1.589012114739980053, 5.786255013801848257, -26.77850518166273375 ) ) ;
#765 = CARTESIAN_POINT ( 'NONE',  ( 0.000000000000000000, 0.000000000000000000, 18.00000000000000355 ) ) ;
#766 = VECTOR ( 'NONE', #2200, 1000.000000000000000 ) ;
#767 = CIRCLE ( 'NONE', #387, 2.148948431720242080 ) ;
#768 = CARTESIAN_POINT ( 'NONE',  ( -10.99999999999999289, -3.500000000000000888, -36.00000000000000000 ) ) ;
#769 = CARTESIAN_POINT ( 'NONE',  ( -2.272191835612035415, 15.53171315451684542, 169.4941669348141602 ) ) ;
#770 = CARTESIAN_POINT ( 'NONE',  ( -3.020281142604487101, 0.5976588537504128329, 146.9999999999999716 ) ) ;
#771 = CARTESIAN_POINT ( 'NONE',  ( 5.679347912006959653, -1.935393414745305352, -27.47901766972167081 ) ) ;
#772 = CARTESIAN_POINT ( 'NONE',  ( 0.000000000000000000, 0.000000000000000000, -37.00000000000000000 ) ) ;
#773 = B_SPLINE_CURVE_WITH_KNOTS ( 'NONE', 3,
 ( #1222, #301, #560, #576, #1877, #2805, #128, #1250, #2156, #2837, #1209, #1456, #142, #820, #2113, #2356 ),
 .UNSPECIFIED., .F., .F.,
 ( 4, 2, 2, 2, 2, 2, 2, 4 ),
 ( 0.003149989372431417911, 0.003543208571968069643, 0.003936427771504721375, 0.004329646971041373540, 0.004722866170578024839, 0.005116085370114677004, 0.005509304569651329170, 0.006295742968724642175 ),
 .UNSPECIFIED. ) ;
#774 = ADVANCED_FACE ( 'NONE', ( #2907 ), #2279, .T. ) ;
#775 = AXIS2_PLACEMENT_3D ( 'NONE', #264, #660, #676 ) ;
#776 = CARTESIAN_POINT ( 'NONE',  ( 4.690509787480297454, 1.733503683011271557, -26.99405318452782510 ) ) ;
#777 = CARTESIAN_POINT ( 'NONE',  ( 2.272191835612035415, 10.93319900739274964, 189.8951922680345206 ) ) ;
#778 = CARTESIAN_POINT ( 'NONE',  ( -1.033255700530184340, 2.497758326768291237, 147.0000000000001705 ) ) ;
#779 = ORIENTED_EDGE ( 'NONE', *, *, #2032, .T. ) ;
#780 = CARTESIAN_POINT ( 'NONE',  ( 0.6145966324988357821, -3.994514926348066375, 146.9999999999999147 ) ) ;
#781 = DIRECTION ( 'NONE',  ( 0.000000000000000000, 0.000000000000000000, 1.000000000000000000 ) ) ;
#782 = CARTESIAN_POINT ( 'NONE',  ( -2.272191835612035415, 4.640085566700033581, 210.0066820477350120 ) ) ;
#783 = CARTESIAN_POINT ( 'NONE',  ( -2.272191835612035415, 1.806993303116308347, 230.2928596378216639 ) ) ;
#784 = ORIENTED_EDGE ( 'NONE', *, *, #794, .T. ) ;
#785 = DIRECTION ( 'NONE',  ( 0.000000000000000000, 0.000000000000000000, 1.000000000000000000 ) ) ;
#786 = CARTESIAN_POINT ( 'NONE',  ( -2.148948431720241636, -0.1402733533639376751, -25.63028219363176774 ) ) ;
#787 = DIRECTION ( 'NONE',  ( -0.000000000000000000, -0.000000000000000000, -1.000000000000000000 ) ) ;
#788 = CARTESIAN_POINT ( 'NONE',  ( 4.610475260416817100, 1.935021379014385978, -27.47755954814666168 ) ) ;
#789 = ORIENTED_EDGE ( 'NONE', *, *, #2406, .F. ) ;
#790 = DIRECTION ( 'NONE',  ( 0.000000000000000000, 0.000000000000000000, -1.000000000000000000 ) ) ;
#791 = ORIENTED_EDGE ( 'NONE', *, *, #649, .F. ) ;
#792 = CARTESIAN_POINT ( 'NONE',  ( -3.500000000000000888, -10.99999999999999289, -36.00000000000000000 ) ) ;
#793 = CIRCLE ( 'NONE', #1535, 6.000000000000000888 ) ;
#794 = EDGE_CURVE ( 'NONE', #1269, #2455, #796, .T. ) ;
#795 = DIRECTION ( 'NONE',  ( 1.000000000000000000, 0.000000000000000000, 0.000000000000000000 ) ) ;
#796 = B_SPLINE_CURVE_WITH_KNOTS ( 'NONE', 3,
 ( #1126, #2472, #1112, #1807, #19, #2018, #1335, #5, #49, #2265, #2713, #2488, #1821, #1141, #647, #1317, #942, #207, #1537, #2443, #882, #1789, #1776, #2683, #2048, #34, #2729, #1552, #2456, #437 ),
 .UNSPECIFIED., .F., .F.,
 ( 4, 2, 2, 2, 2, 2, 2, 2, 2, 2, 2, 2, 2, 2, 4 ),
 ( 0.007274665737032288970, 0.007721681953058295682, 0.008168698169084302393, 0.008615714385110308238, 0.009062730601136315817, 0.009509746817162323396, 0.009956763033188330975, 0.01085079546524034093, 0.01129781168126634677, 0.01174482789729235088, 0.01219184411331835673, 0.01263886032934436257, 0.01308587654537036668, 0.01353289276139637079, 0.01442692519344836860 ),
 .UNSPECIFIED. ) ;
#797 = ORIENTED_EDGE ( 'NONE', *, *, #739, .F. ) ;
#798 = CARTESIAN_POINT ( 'NONE',  ( -2.272191835612035415, -1.874206908896911328, 149.9606233485515361 ) ) ;
#799 = CARTESIAN_POINT ( 'NONE',  ( -2.272191835612035415, 0.04463310751246191144, 157.5753092049768895 ) ) ;
#800 = ORIENTED_EDGE ( 'NONE', *, *, #129, .F. ) ;
#801 = AXIS2_PLACEMENT_3D ( 'NONE', #1308, #590, #1061 ) ;
#802 = CARTESIAN_POINT ( 'NONE',  ( -0.9421044226720077797, 1.743173911738275628, 147.3199903449572048 ) ) ;
#803 = CARTESIAN_POINT ( 'NONE',  ( 2.039138466821952544, -0.6926087357375017017, -25.63203779748787525 ) ) ;
#804 = CARTESIAN_POINT ( 'NONE',  ( -5.808883848063232769, 1.505241496121252798, -26.67674066004153488 ) ) ;
#805 = CARTESIAN_POINT ( 'NONE',  ( -3.500000000000000888, -10.99999999999999289, -36.00000000000000000 ) ) ;
#806 = DIRECTION ( 'NONE',  ( 1.000000000000000000, 0.000000000000000000, -0.000000000000000000 ) ) ;
#807 = VERTEX_POINT ( 'NONE', #2236 ) ;
#808 = CARTESIAN_POINT ( 'NONE',  ( -3.135117755258279182, -1.752338951859687466, 147.0000000000000000 ) ) ;
#809 = CARTESIAN_POINT ( 'NONE',  ( -2.272191835612035415, 4.544383671224070831, 146.9999999999999716 ) ) ;
#810 = PRODUCT_RELATED_PRODUCT_CATEGORY ( 'part', '', ( #1075 ) ) ;
#811 = EDGE_LOOP ( 'NONE', ( #1588, #77, #581, #320 ) ) ;
#812 = EDGE_CURVE ( 'NONE', #1989, #1341, #2765, .T. ) ;
#813 = PLANE ( 'NONE',  #2043 ) ;
#814 = CARTESIAN_POINT ( 'NONE',  ( 2.272191835612035415, -0.2058358135683233114, 233.5733154653842973 ) ) ;
#815 = AXIS2_PLACEMENT_3D ( 'NONE', #1750, #1498, #574 ) ;
#816 = ORIENTED_EDGE ( 'NONE', *, *, #1592, .F. ) ;
#817 = AXIS2_PLACEMENT_3D ( 'NONE', #1754, #638, #2188 ) ;
#818 = CARTESIAN_POINT ( 'NONE',  ( 0.9893882774911282318, 1.717389284346579448, 147.3249733803514232 ) ) ;
#819 = DIRECTION ( 'NONE',  ( 0.000000000000000000, 0.000000000000000000, 1.000000000000000000 ) ) ;
#820 = CARTESIAN_POINT ( 'NONE',  ( 5.676524248852047094, 1.946318688383493756, -27.47115770401369872 ) ) ;
#821 = EDGE_LOOP ( 'NONE', ( #1043, #2604, #1035, #572 ) ) ;
#822 =( NAMED_UNIT ( * ) PLANE_ANGLE_UNIT ( ) SI_UNIT ( $, .RADIAN. ) );
#823 = CARTESIAN_POINT ( 'NONE',  ( -5.000000000000000888, 6.123233995736766282E-16, -37.00001199999999812 ) ) ;
#824 = LINE ( 'NONE', #2825, #2413 ) ;
#825 = CIRCLE ( 'NONE', #730, 8.300000000000000711 ) ;
#826 = ORIENTED_EDGE ( 'NONE', *, *, #2522, .F. ) ;
#827 = CARTESIAN_POINT ( 'NONE',  ( 2.161379375328705166, -3.251134395827933510, 147.0000000000000568 ) ) ;
#828 = CARTESIAN_POINT ( 'NONE',  ( 2.272191835612035415, 18.67231801718737572, 184.9269470090028733 ) ) ;
#829 = DIRECTION ( 'NONE',  ( 0.000000000000000000, 0.000000000000000000, 1.000000000000000000 ) ) ;
#830 = CARTESIAN_POINT ( 'NONE',  ( 2.272191835612035415, -5.796606357097052076, 154.9200500849745765 ) ) ;
#831 = EDGE_CURVE ( 'NONE', #2407, #2625, #1422, .T. ) ;
#832 = VERTEX_POINT ( 'NONE', #1613 ) ;
#833 = CARTESIAN_POINT ( 'NONE',  ( 2.357493470756448772, 0.06710496513847567790, 146.9999999999940883 ) ) ;
#834 = DIRECTION ( 'NONE',  ( -0.000000000000000000, 0.000000000000000000, -1.000000000000000000 ) ) ;
#835 = CARTESIAN_POINT ( 'NONE',  ( 2.272191835612035415, 0.000000000000000000, 147.0000000000000284 ) ) ;
#836 = CARTESIAN_POINT ( 'NONE',  ( 2.258066196924193747, -1.064727916227085958, 148.0801647581824341 ) ) ;
#837 = CARTESIAN_POINT ( 'NONE',  ( 0.3147216032790514095, -2.399454748502535040, 146.9999999999879208 ) ) ;
#838 = ORIENTED_EDGE ( 'NONE', *, *, #1735, .F. ) ;
#839 = CARTESIAN_POINT ( 'NONE',  ( 2.272191835612035415, 7.002555342735435673, 164.5342744723551505 ) ) ;
#840 = CARTESIAN_POINT ( 'NONE',  ( -2.272191835612035415, 3.639330061284098417, 156.4501129942188982 ) ) ;
#841 = VERTEX_POINT ( 'NONE', #1489 ) ;
#842 = DIRECTION ( 'NONE',  ( -0.000000000000000000, 0.000000000000000000, -1.000000000000000000 ) ) ;
#843 = CARTESIAN_POINT ( 'NONE',  ( 2.272191835612035415, 5.957608162806065089, 201.4078453416102832 ) ) ;
#844 = ORIENTED_EDGE ( 'NONE', *, *, #1467, .F. ) ;
#845 = CARTESIAN_POINT ( 'NONE',  ( 2.034224116468254184, 1.086065812708544076, 147.0000000000088960 ) ) ;
#846 = EDGE_CURVE ( 'NONE', #564, #2576, #2744, .T. ) ;
#847 = CARTESIAN_POINT ( 'NONE',  ( 2.000000000000000000, -4.582575694955840717, -27.99999999999999645 ) ) ;
#848 = DIRECTION ( 'NONE',  ( 0.000000000000000000, 0.000000000000000000, 1.000000000000000000 ) ) ;
#849 = ORIENTED_EDGE ( 'NONE', *, *, #592, .F. ) ;
#850 = DIRECTION ( 'NONE',  ( 0.000000000000000000, 0.000000000000000000, 1.000000000000000000 ) ) ;
#851 = CARTESIAN_POINT ( 'NONE',  ( -0.2524508147841174610, -4.042029324193256556, 147.0000000000000284 ) ) ;
#852 = CARTESIAN_POINT ( 'NONE',  ( 2.272191835612035415, 9.230530691343631133, 166.9410745205528315 ) ) ;
#853 = CARTESIAN_POINT ( 'NONE',  ( 2.272191835612035415, 4.544383671224070831, 146.9999999999999716 ) ) ;
#854 = FACE_OUTER_BOUND ( 'NONE', #501, .T. ) ;
#855 = ORIENTED_EDGE ( 'NONE', *, *, #74, .F. ) ;
#856 = CARTESIAN_POINT ( 'NONE',  ( 0.000000000000000000, 0.000000000000000000, -37.00000000000000000 ) ) ;
#857 = CARTESIAN_POINT ( 'NONE',  ( -2.272191835612035415, -5.409991511642607165, 155.9528132947739607 ) ) ;
#858 = CARTESIAN_POINT ( 'NONE',  ( 2.366375953691919332, -0.4613898274495386587, 147.0000000000126192 ) ) ;
#859 = AXIS2_PLACEMENT_3D ( 'NONE', #642, #2636, #2439 ) ;
#860 = FACE_OUTER_BOUND ( 'NONE', #2442, .T. ) ;
#861 = LINE ( 'NONE', #400, #738 ) ;
#862 = VECTOR ( 'NONE', #889, 1000.000000000000000 ) ;
#863 = CARTESIAN_POINT ( 'NONE',  ( 0.000000000000000000, -10.99999999999999289, -27.99999999999999645 ) ) ;
#864 = CARTESIAN_POINT ( 'NONE',  ( 0.8618658553934831490, -2.265151432706878243, 146.9999999999880913 ) ) ;
#865 = EDGE_CURVE ( 'NONE', #1892, #1491, #372, .T. ) ;
#866 = CARTESIAN_POINT ( 'NONE',  ( 2.148948431720242080, 0.002072621667872801953, -25.62983022374713826 ) ) ;
#867 = CARTESIAN_POINT ( 'NONE',  ( 2.272191835612035415, 4.961761718490320661, 216.0499068530401701 ) ) ;
#868 = CARTESIAN_POINT ( 'NONE',  ( 3.570714214271427434, 3.499999999999999112, -36.00000000000000000 ) ) ;
#869 = ORIENTED_EDGE ( 'NONE', *, *, #390, .F. ) ;
#870 = AXIS2_PLACEMENT_3D ( 'NONE', #1032, #724, #1937 ) ;
#871 = CARTESIAN_POINT ( 'NONE',  ( 0.000000000000000000, 0.000000000000000000, -36.00000000000000000 ) ) ;
#872 = CARTESIAN_POINT ( 'NONE',  ( 2.272191835612035415, -4.544383671224070831, 146.9999999999999716 ) ) ;
#873 = DIRECTION ( 'NONE',  ( -0.000000000000000000, -0.000000000000000000, 1.000000000000000000 ) ) ;
#874 = CARTESIAN_POINT ( 'NONE',  ( -8.000000000000000000, 9.797174393178825657E-16, 17.00000000000000000 ) ) ;
#875 = CARTESIAN_POINT ( 'NONE',  ( 1.815981663237792754, -3.511954846638245531, 147.0000000000000853 ) ) ;
#876 = CIRCLE ( 'NONE', #1063, 3.000000000000000444 ) ;
#877 = ORIENTED_EDGE ( 'NONE', *, *, #1685, .F. ) ;
#878 = CARTESIAN_POINT ( 'NONE',  ( 0.000000000000000000, 0.000000000000000000, -21.99999999999999645 ) ) ;
#879 = CARTESIAN_POINT ( 'NONE',  ( -2.272191835612035415, 2.242909545637126190, 225.7447716448249935 ) ) ;
#880 = DIRECTION ( 'NONE',  ( 1.000000000000000000, -0.000000000000000000, -0.000000000000000000 ) ) ;
#881 = VERTEX_POINT ( 'NONE', #526 ) ;
#882 = CARTESIAN_POINT ( 'NONE',  ( 1.006443803477569343, -2.926520044334680826, 148.4278614445629501 ) ) ;
#883 = CARTESIAN_POINT ( 'NONE',  ( 2.272191835612035415, -0.7300225008427784212, 221.4880319244022360 ) ) ;
#884 = DIRECTION ( 'NONE',  ( -0.000000000000000000, -0.000000000000000000, -1.000000000000000000 ) ) ;
#885 = AXIS2_PLACEMENT_3D ( 'NONE', #2672, #2878, #650 ) ;
#886 = DIRECTION ( 'NONE',  ( 0.1842885350501851371, 0.000000000000000000, -0.9828721869343218787 ) ) ;
#887 = CARTESIAN_POINT ( 'NONE',  ( -1.231208478031237341, -4.849778644724782595, -26.40289445582459749 ) ) ;
#888 = VERTEX_POINT ( 'NONE', #2324 ) ;
#889 = DIRECTION ( 'NONE',  ( 1.000000000000000000, -0.000000000000000000, -0.000000000000000000 ) ) ;
#890 = CARTESIAN_POINT ( 'NONE',  ( 1.666020974370273633, -2.438354082681541968, 148.3649867197440813 ) ) ;
#891 = CARTESIAN_POINT ( 'NONE',  ( -4.873397172404483335, -3.500000000000000888, -36.00000000000000000 ) ) ;
#892 = CARTESIAN_POINT ( 'NONE',  ( -2.272191835612035415, -2.048913145616252596, 160.8351405386610509 ) ) ;
#893 = DIRECTION ( 'NONE',  ( 0.1842885350501851371, 0.000000000000000000, -0.9828721869343218787 ) ) ;
#894 = EDGE_CURVE ( 'NONE', #807, #2807, #358, .T. ) ;
#895 = VERTEX_POINT ( 'NONE', #2771 ) ;
#896 = ORIENTED_EDGE ( 'NONE', *, *, #2480, .T. ) ;
#897 = CARTESIAN_POINT ( 'NONE',  ( 1.999999999999999556, 5.656854249492378806, -27.86677921617292952 ) ) ;
#898 = CARTESIAN_POINT ( 'NONE',  ( 2.272191835612035415, -2.259042779011218194, 152.6461477077538689 ) ) ;
#899 = EDGE_CURVE ( 'NONE', #564, #519, #915, .T. ) ;
#900 = FACE_BOUND ( 'NONE', #1122, .T. ) ;
#901 = CARTESIAN_POINT ( 'NONE',  ( 2.272191835612035415, 15.53171315451684542, 169.4941669348141602 ) ) ;
#902 = CARTESIAN_POINT ( 'NONE',  ( 2.272191835612035415, -1.791103050249993389, 154.5512286986144659 ) ) ;
#903 = ORIENTED_EDGE ( 'NONE', *, *, #2086, .F. ) ;
#904 = CARTESIAN_POINT ( 'NONE',  ( -1.697845605247584100, -2.403264164953541560, 148.3596520867578477 ) ) ;
#905 = VECTOR ( 'NONE', #315, 1000.000000000000000 ) ;
#906 = AXIS2_PLACEMENT_3D ( 'NONE', #130, #1446, #2839 ) ;
#907 = CARTESIAN_POINT ( 'NONE',  ( 9.000000000000000000, 1.102182119232617714E-15, 16.00000000000000000 ) ) ;
#908 = CARTESIAN_POINT ( 'NONE',  ( -2.272191835612035415, 1.865226333522857605, 224.6259959132765687 ) ) ;
#909 = AXIS2_PLACEMENT_3D ( 'NONE', #1850, #2102, #1419 ) ;
#910 = CYLINDRICAL_SURFACE ( 'NONE', #2651, 2.000000000000001776 ) ;
#911 = EDGE_LOOP ( 'NONE', ( #2632, #1713 ) ) ;
#912 = DIRECTION ( 'NONE',  ( -1.000000000000000000, 0.000000000000000000, 0.000000000000000000 ) ) ;
#913 = LINE ( 'NONE', #1569, #1802 ) ;
#914 = CARTESIAN_POINT ( 'NONE',  ( 2.272191835612035415, -2.281366202476908800, 151.9937724947160973 ) ) ;
#915 = CIRCLE ( 'NONE', #2566, 5.000000000000000888 ) ;
#916 = DIRECTION ( 'NONE',  ( 0.000000000000000000, 0.000000000000000000, -1.000000000000000000 ) ) ;
#917 = CARTESIAN_POINT ( 'NONE',  ( 2.272191835612035415, 12.99419172039934622, 203.0665351482014671 ) ) ;
#918 = ADVANCED_FACE ( 'NONE', ( #1253, #1628 ), #279, .F. ) ;
#919 = CYLINDRICAL_SURFACE ( 'NONE', #64, 9.319608355999427829 ) ;
#920 = VERTEX_POINT ( 'NONE', #1266 ) ;
#921 = ADVANCED_FACE ( 'NONE', ( #1406, #2293 ), #541, .T. ) ;
#922 = CARTESIAN_POINT ( 'NONE',  ( -5.786362109407540366, -1.588609776569339660, -26.77804121811965743 ) ) ;
#923 = ORIENTED_EDGE ( 'NONE', *, *, #2480, .F. ) ;
#924 = SURFACE_STYLE_FILL_AREA ( #1357 ) ;
#925 = CARTESIAN_POINT ( 'NONE',  ( -2.272191835612035415, -1.162406813843796849, 148.5240859310917187 ) ) ;
#926 = CARTESIAN_POINT ( 'NONE',  ( -4.132357188805564796, 0.000000000000000000, 139.1763269807084669 ) ) ;
#927 = ORIENTED_EDGE ( 'NONE', *, *, #1124, .T. ) ;
#928 = CARTESIAN_POINT ( 'NONE',  ( 4.849624186671360526, -1.222015493781429596, -26.41145954736878565 ) ) ;
#929 = CARTESIAN_POINT ( 'NONE',  ( -4.959259341915168484, 0.6488066176157318843, -26.10356126549764610 ) ) ;
#930 = CARTESIAN_POINT ( 'NONE',  ( 1.704768778031426457, 1.315795524101986747, -25.62566584756476473 ) ) ;
#931 = DIRECTION ( 'NONE',  ( 1.000000000000000000, 0.000000000000000000, 0.000000000000000000 ) ) ;
#932 = CARTESIAN_POINT ( 'NONE',  ( 2.272191835612035415, 3.639330061284098417, 156.4501129942188982 ) ) ;
#933 = EDGE_CURVE ( 'NONE', #698, #1989, #2312, .T. ) ;
#934 = CIRCLE ( 'NONE', #2295, 4.192664568019655036 ) ;
#935 = CARTESIAN_POINT ( 'NONE',  ( 2.272191835612035415, 9.230530691343631133, 166.9410745205528315 ) ) ;
#936 = ORIENTED_EDGE ( 'NONE', *, *, #1504, .F. ) ;
#937 = CARTESIAN_POINT ( 'NONE',  ( -2.270205096278739010, -0.6497145891604152457, 147.9632219770054746 ) ) ;
#938 = CARTESIAN_POINT ( 'NONE',  ( -2.272191835612035415, 4.314171849281058790, 217.1912379750314983 ) ) ;
#939 = CARTESIAN_POINT ( 'NONE',  ( -1.323583228055377869, 4.822572602708175893, -26.49505836791384183 ) ) ;
#940 = ORIENTED_EDGE ( 'NONE', *, *, #22, .T. ) ;
#941 = CARTESIAN_POINT ( 'NONE',  ( -10.99999999999999289, 3.499999999999999112, -36.00000000000000000 ) ) ;
#942 = CARTESIAN_POINT ( 'NONE',  ( 0.1480373415523494052, -3.152578862604149990, 148.4519189552425473 ) ) ;
#943 = CARTESIAN_POINT ( 'NONE',  ( 2.272191835612035415, 10.43410438308161581, 200.5147630740695774 ) ) ;
#944 = DIRECTION ( 'NONE',  ( 0.000000000000000000, 0.000000000000000000, 1.000000000000000000 ) ) ;
#945 = CARTESIAN_POINT ( 'NONE',  ( 2.272191835612035415, 4.961761718490320661, 216.0499068530401701 ) ) ;
#946 = CARTESIAN_POINT ( 'NONE',  ( -1.999999999999999556, -4.582575694955839829, -27.86628071672376805 ) ) ;
#947 = ORIENTED_EDGE ( 'NONE', *, *, #1358, .T. ) ;
#948 = CARTESIAN_POINT ( 'NONE',  ( -3.298246672433047699, -0.6801205796476647025, 147.0000000000001137 ) ) ;
#949 = CARTESIAN_POINT ( 'NONE',  ( -4.582575694955840717, 2.000000000000000000, -27.99999999999999645 ) ) ;
#950 = CIRCLE ( 'NONE', #815, 9.319608355999427829 ) ;
#951 = CARTESIAN_POINT ( 'NONE',  ( 2.272191835612035415, -4.254556917136929961, 220.3174989239058732 ) ) ;
#952 = EDGE_CURVE ( 'NONE', #431, #841, #1711, .T. ) ;
#953 = CARTESIAN_POINT ( 'NONE',  ( -2.000000000000000000, 4.582575694955839829, -27.73291300843421325 ) ) ;
#954 = ORIENTED_EDGE ( 'NONE', *, *, #1234, .T. ) ;
#955 = CARTESIAN_POINT ( 'NONE',  ( 4.741679757418557628, -1.588193072881927792, -26.77750449190890691 ) ) ;
#956 = CARTESIAN_POINT ( 'NONE',  ( 1.795700456685766166, 5.725230414547491264, -27.10971406932706174 ) ) ;
#957 = CARTESIAN_POINT ( 'NONE',  ( -4.741615599777210477, -1.588394972735534871, -26.77772121626826873 ) ) ;
#958 = DIRECTION ( 'NONE',  ( 0.000000000000000000, -1.000000000000000000, 0.000000000000000000 ) ) ;
#959 = CARTESIAN_POINT ( 'NONE',  ( 2.272191835612035415, 0.2789755453529162987, 150.4925353489915381 ) ) ;
#960 = CARTESIAN_POINT ( 'NONE',  ( 0.02841406543951225175, 2.273992883669217147, 146.9999999999939746 ) ) ;
#961 = CARTESIAN_POINT ( 'NONE',  ( -0.1385766834970944550, -2.149051906727402983, -25.63667888350665791 ) ) ;
#962 = CARTESIAN_POINT ( 'NONE',  ( -0.7868602179337643721, -2.291693867849804001, 147.0000000000028990 ) ) ;
#963 = EDGE_LOOP ( 'NONE', ( #789, #3, #2002, #1655 ) ) ;
#964 = CARTESIAN_POINT ( 'NONE',  ( 0.000000000000000000, 0.000000000000000000, 138.8343068373827975 ) ) ;
#965 = CARTESIAN_POINT ( 'NONE',  ( -2.272191835612035415, -4.621008971207598570, 225.5189411482252808 ) ) ;
#966 = CARTESIAN_POINT ( 'NONE',  ( 0.000000000000000000, 0.01244160262200446135, -31.17587372371734133 ) ) ;
#967 = EDGE_LOOP ( 'NONE', ( #2073, #1252, #877, #2438 ) ) ;
#968 = EDGE_CURVE ( 'NONE', #431, #2510, #120, .T. ) ;
#969 = CARTESIAN_POINT ( 'NONE',  ( 4.582575694955844270, -2.000000000000000000, -27.99999999999999645 ) ) ;
#970 = CARTESIAN_POINT ( 'NONE',  ( 3.038752337365556944, 5.204658254173454068, -33.54001246594964414 ) ) ;
#971 = LINE ( 'NONE', #996, #2219 ) ;
#972 = CARTESIAN_POINT ( 'NONE',  ( 0.000000000000000000, 0.01244160262200446135, 0.000000000000000000 ) ) ;
#973 = CARTESIAN_POINT ( 'NONE',  ( -2.272191835612035415, 4.314171849281058790, 217.1912379750314983 ) ) ;
#974 = DIRECTION ( 'NONE',  ( 0.000000000000000000, 0.000000000000000000, 1.000000000000000000 ) ) ;
#975 = CARTESIAN_POINT ( 'NONE',  ( 5.995675272140656098, -0.2620864838738921065, -26.01286203651959994 ) ) ;
#976 = CARTESIAN_POINT ( 'NONE',  ( -5.786255013801848257, 1.589012114739979831, -26.77850518166273375 ) ) ;
#977 = CARTESIAN_POINT ( 'NONE',  ( 5.000000000000008882, 0.1321631069711346751, -25.99999999999998579 ) ) ;
#978 = CARTESIAN_POINT ( 'NONE',  ( 2.272191835612035415, 8.321555384735528804, 171.4362460397375401 ) ) ;
#979 = CARTESIAN_POINT ( 'NONE',  ( 0.000000000000000000, 0.000000000000000000, 12.00000000000000355 ) ) ;
#980 = VERTEX_POINT ( 'NONE', #1188 ) ;
#981 = FACE_OUTER_BOUND ( 'NONE', #360, .T. ) ;
#982 = DIRECTION ( 'NONE',  ( 0.000000000000000000, 0.000000000000000000, 1.000000000000000000 ) ) ;
#983 = CARTESIAN_POINT ( 'NONE',  ( 2.272191835612035415, -0.6648215952135513307, 147.7781262688308175 ) ) ;
#984 = CARTESIAN_POINT ( 'NONE',  ( -2.272191835612035415, 0.6024315281768862773, 217.3487172603578017 ) ) ;
#985 = CARTESIAN_POINT ( 'NONE',  ( -2.272191835612035415, 0.8296952599772654535, 229.0996556893304046 ) ) ;
#986 = ADVANCED_FACE ( 'NONE', ( #510 ), #294, .T. ) ;
#987 = CARTESIAN_POINT ( 'NONE',  ( -2.211810582244425838, -0.08485511993258583463, 147.7930433407524333 ) ) ;
#988 = CARTESIAN_POINT ( 'NONE',  ( 2.080483398269775464, -0.5560331949590779921, -25.63160345792521255 ) ) ;
#989 = DIRECTION ( 'NONE',  ( 0.000000000000000000, 0.000000000000000000, -1.000000000000000000 ) ) ;
#990 =( NAMED_UNIT ( * ) SI_UNIT ( $, .STERADIAN. ) SOLID_ANGLE_UNIT ( ) );
#991 = CARTESIAN_POINT ( 'NONE',  ( -2.272191835612035415, 4.008712414947216196, 204.4353268495445661 ) ) ;
#992 = CARTESIAN_POINT ( 'NONE',  ( -1.618841317069078745, 2.218304201041298995, 146.9999999999999716 ) ) ;
#993 = ORIENTED_EDGE ( 'NONE', *, *, #831, .F. ) ;
#994 = AXIS2_PLACEMENT_3D ( 'NONE', #2762, #339, #1646 ) ;
#995 = DIRECTION ( 'NONE',  ( -0.000000000000000000, -0.000000000000000000, 1.000000000000000000 ) ) ;
#996 = CARTESIAN_POINT ( 'NONE',  ( 0.000000000000000000, -10.99999999999999289, -25.99999999999999645 ) ) ;
#997 = VECTOR ( 'NONE', #2451, 1000.000000000000000 ) ;
#998 = AXIS2_PLACEMENT_3D ( 'NONE', #1299, #414, #217 ) ;
#999 = CARTESIAN_POINT ( 'NONE',  ( -2.272191835612035415, -2.281366202476908800, 151.9937724947160973 ) ) ;
#1000 = CARTESIAN_POINT ( 'NONE',  ( -2.272191835612035415, -2.281366202476908800, 151.9937724947160973 ) ) ;
#1001 = ORIENTED_EDGE ( 'NONE', *, *, #739, .T. ) ;
#1002 = CARTESIAN_POINT ( 'NONE',  ( -1.582813661392615590, 1.218759006894494012, 147.4298608659656225 ) ) ;
#1003 = EDGE_CURVE ( 'NONE', #2215, #223, #1642, .T. ) ;
#1004 = CARTESIAN_POINT ( 'NONE',  ( 0.5646236897152253631, -2.092251213161159473, -25.63649752105591517 ) ) ;
#1005 = CARTESIAN_POINT ( 'NONE',  ( 10.99999999999999289, 1.347111479062087616E-15, 16.00000000000000000 ) ) ;
#1006 = CARTESIAN_POINT ( 'NONE',  ( 4.902902785771185101, 1.010327442324679748, -26.25440302744857490 ) ) ;
#1007 = DIRECTION ( 'NONE',  ( -1.000000000000000000, 0.000000000000000000, -0.000000000000000000 ) ) ;
#1008 = CARTESIAN_POINT ( 'NONE',  ( 6.000000000000000888, 0.000000000000000000, -37.00000000000000000 ) ) ;
#1009 = CARTESIAN_POINT ( 'NONE',  ( 2.272191835612035415, -2.014082445578561753, 153.9250128151016384 ) ) ;
#1010 = EDGE_LOOP ( 'NONE', ( #2527, #2277 ) ) ;
#1011 = B_SPLINE_CURVE_WITH_KNOTS ( 'NONE', 3,
 ( #2507, #946, #1619, #2228, #2462, #1796, #215, #2009, #2703, #887, #1826, #665, #443, #1339, #697, #2240 ),
 .UNSPECIFIED., .F., .F.,
 ( 4, 2, 2, 2, 2, 2, 2, 4 ),
 ( 0.000000000000000000, 0.0003950940030550729814, 0.0007901880061101459627, 0.001185282009165218890, 0.001580376012220291925, 0.002370564018330438213, 0.002765658021385513851, 0.003160752024440588621 ),
 .UNSPECIFIED. ) ;
#1012 = CARTESIAN_POINT ( 'NONE',  ( -2.272191835612035415, 13.23374938035294512, 173.5064424249461013 ) ) ;
#1013 = CARTESIAN_POINT ( 'NONE',  ( -2.272191835612035415, 13.23374938035294512, 173.5064424249461013 ) ) ;
#1014 = EDGE_LOOP ( 'NONE', ( #1836, #2088, #1620, #337 ) ) ;
#1015 = DIRECTION ( 'NONE',  ( 1.224646799147353207E-16, 1.000000000000000000, -0.000000000000000000 ) ) ;
#1016 = CARTESIAN_POINT ( 'NONE',  ( -2.039150823035822402, -0.6924093266897869414, -25.63203716397378074 ) ) ;
#1017 = DIRECTION ( 'NONE',  ( -1.000000000000000000, 0.000000000000000000, 0.000000000000000000 ) ) ;
#1018 = ADVANCED_FACE ( 'NONE', ( #403 ), #2828, .F. ) ;
#1019 = CARTESIAN_POINT ( 'NONE',  ( 4.769051553390145415, 1.505059495803465985, -26.67657602296361929 ) ) ;
#1020 = ADVANCED_FACE ( 'NONE', ( #41 ), #2896, .T. ) ;
#1021 = PLANE ( 'NONE',  #577 ) ;
#1022 = VERTEX_POINT ( 'NONE', #1828 ) ;
#1023 = DIRECTION ( 'NONE',  ( 0.1842885350501854425, 0.000000000000000000, 0.9828721869343218787 ) ) ;
#1024 = CARTESIAN_POINT ( 'NONE',  ( 2.272191835612035415, 3.148926033276155945, 226.9028075574364607 ) ) ;
#1025 = PLANE ( 'NONE',  #631 ) ;
#1026 = CARTESIAN_POINT ( 'NONE',  ( -2.272191835612035415, 2.242909545637126190, 225.7447716448249935 ) ) ;
#1027 = VERTEX_POINT ( 'NONE', #1621 ) ;
#1028 = CARTESIAN_POINT ( 'NONE',  ( 0.9636900676895717721, 1.730755953200404207, 147.3223408888109702 ) ) ;
#1029 = CARTESIAN_POINT ( 'NONE',  ( -4.582575694955840717, -2.000000000000000000, -27.99999999999999645 ) ) ;
#1030 = CARTESIAN_POINT ( 'NONE',  ( 0.000000000000000000, 0.000000000000000000, 87.20000000000001705 ) ) ;
#1031 = CARTESIAN_POINT ( 'NONE',  ( -9.000000000000000000, 0.000000000000000000, 18.00000000000000355 ) ) ;
#1032 = CARTESIAN_POINT ( 'NONE',  ( 0.000000000000000000, 0.000000000000000000, -37.00000000000000000 ) ) ;
#1033 = B_SPLINE_CURVE_WITH_KNOTS ( 'NONE', 3,
 ( #1259, #148, #2414, #395, #1040, #1508, #1524, #1948, #409, #2207, #192, #1465, #2004, #692, #2030, #1583 ),
 .UNSPECIFIED., .F., .F.,
 ( 4, 2, 2, 2, 2, 2, 2, 4 ),
 ( 0.000000000000000000, 0.0003937486715539293531, 0.0007874973431078587062, 0.001181246014661788005, 0.001574994686215717412, 0.002362492029323569505, 0.002756240700877493274, 0.003149989372431417911 ),
 .UNSPECIFIED. ) ;
#1034 =( LENGTH_UNIT ( ) NAMED_UNIT ( * ) SI_UNIT ( .MILLI., .METRE. ) );
#1035 = ORIENTED_EDGE ( 'NONE', *, *, #1434, .F. ) ;
#1036 = LINE ( 'NONE', #1008, #2646 ) ;
#1037 = EDGE_CURVE ( 'NONE', #1916, #2235, #653, .T. ) ;
#1038 = CARTESIAN_POINT ( 'NONE',  ( -2.272191835612035415, 1.995044199511702532, 148.5916358444575565 ) ) ;
#1039 = EDGE_CURVE ( 'NONE', #895, #1603, #1855, .T. ) ;
#1040 = CARTESIAN_POINT ( 'NONE',  ( -1.896458339444858421, -5.692648697798869506, -27.35146709008278521 ) ) ;
#1041 = CARTESIAN_POINT ( 'NONE',  ( -2.272191835612035415, -6.172661784298099086, 152.7109360892037557 ) ) ;
#1042 = VECTOR ( 'NONE', #1451, 1000.000000000000000 ) ;
#1043 = ORIENTED_EDGE ( 'NONE', *, *, #2806, .F. ) ;
#1044 = AXIS2_PLACEMENT_3D ( 'NONE', #13, #1677, #2359 ) ;
#1045 = CARTESIAN_POINT ( 'NONE',  ( 2.272191835612034971, -0.7764599186660019470, 147.9999999999961346 ) ) ;
#1046 = CARTESIAN_POINT ( 'NONE',  ( 3.499999999999998224, -3.570714214271428322, -36.00000000000000000 ) ) ;
#1047 = CARTESIAN_POINT ( 'NONE',  ( -2.272191835612036304, -0.7764599185328172615, 147.9999999999638192 ) ) ;
#1048 = ORIENTED_EDGE ( 'NONE', *, *, #2904, .F. ) ;
#1049 = LINE ( 'NONE', #2616, #2886 ) ;
#1050 = CARTESIAN_POINT ( 'NONE',  ( 2.171828862445505770, -1.054256731488080856, 146.9999999999999716 ) ) ;
#1051 = CARTESIAN_POINT ( 'NONE',  ( -8.500000000000000000, 0.000000000000000000, 87.20000000000001705 ) ) ;
#1052 = CIRCLE ( 'NONE', #2187, 10.99999999999999289 ) ;
#1053 = VERTEX_POINT ( 'NONE', #28 ) ;
#1054 = DIRECTION ( 'NONE',  ( -1.000000000000000000, 0.000000000000000000, 0.000000000000000000 ) ) ;
#1055 = CARTESIAN_POINT ( 'NONE',  ( -2.272191835612035415, 0.2851520110150883580, 151.9544570779293338 ) ) ;
#1056 = ADVANCED_FACE ( 'NONE', ( #1814, #1707 ), #2555, .T. ) ;
#1057 = DIRECTION ( 'NONE',  ( -0.000000000000000000, -0.000000000000000000, -1.000000000000000000 ) ) ;
#1058 = CARTESIAN_POINT ( 'NONE',  ( 2.272191835612035415, -5.409991511642607165, 155.9528132947739607 ) ) ;
#1059 = ORIENTED_EDGE ( 'NONE', *, *, #646, .T. ) ;
#1060 = CARTESIAN_POINT ( 'NONE',  ( 2.344717989831717642, 1.620387714802993928, 146.9999999999999147 ) ) ;
#1061 = DIRECTION ( 'NONE',  ( 0.000000000000000000, -0.1842885350501854425, -0.9828721869343218787 ) ) ;
#1062 = CARTESIAN_POINT ( 'NONE',  ( 0.2629995111359128002, 4.994768352867069439, -26.01297234010760207 ) ) ;
#1063 = AXIS2_PLACEMENT_3D ( 'NONE', #317, #328, #356 ) ;
#1064 = CARTESIAN_POINT ( 'NONE',  ( 0.000000000000000000, 0.000000000000000000, 18.00000000000000355 ) ) ;
#1065 = CARTESIAN_POINT ( 'NONE',  ( 0.4497350493654186376, -3.113868262244126051, 148.4480102274225430 ) ) ;
#1066 = CARTESIAN_POINT ( 'NONE',  ( 2.272191835612035415, 3.356794376124855983, 160.9862643002685729 ) ) ;
#1067 = CARTESIAN_POINT ( 'NONE',  ( -2.272191835612035415, 17.42309470736656252, 174.4387064699322423 ) ) ;
#1068 = DIRECTION ( 'NONE',  ( 1.000000000000000000, 0.000000000000000000, 0.000000000000000000 ) ) ;
#1069 = DIRECTION ( 'NONE',  ( -1.000000000000000000, 0.000000000000000000, 0.000000000000000000 ) ) ;
#1070 = CARTESIAN_POINT ( 'NONE',  ( -2.272191835612035415, -3.756898662136548772, 218.6475276676753765 ) ) ;
#1071 = CARTESIAN_POINT ( 'NONE',  ( -5.000000000000412115, 9.511260793210093256E-14, -25.99999999999896971 ) ) ;
#1072 = FACE_OUTER_BOUND ( 'NONE', #1078, .T. ) ;
#1073 = CARTESIAN_POINT ( 'NONE',  ( 2.000000000000000000, 4.582575694955844270, -27.99999999999999645 ) ) ;
#1074 = EDGE_CURVE ( 'NONE', #1731, #1718, #687, .T. ) ;
#1075 = PRODUCT ( 'SensorPh', 'SensorPh', '', ( #2226 ) ) ;
#1076 = DIRECTION ( 'NONE',  ( 1.224646799147353207E-16, 1.000000000000000000, -0.000000000000000000 ) ) ;
#1077 = CARTESIAN_POINT ( 'NONE',  ( 2.323324147837803721, -3.101021575453994927, 147.0000000000001137 ) ) ;
#1078 = EDGE_LOOP ( 'NONE', ( #2153, #2366, #1744, #1376, #2859, #2370 ) ) ;
#1079 = CARTESIAN_POINT ( 'NONE',  ( 2.272191835612035415, 0.04463310751246191144, 157.5753092049768895 ) ) ;
#1080 = CARTESIAN_POINT ( 'NONE',  ( 2.272191835612035415, 0.2789755453529162987, 150.4925353489915381 ) ) ;
#1081 = CARTESIAN_POINT ( 'NONE',  ( 3.219899006078681600E-13, -6.000000000001068479, -25.99999999999679545 ) ) ;
#1082 = ORIENTED_EDGE ( 'NONE', *, *, #2142, .T. ) ;
#1083 = CARTESIAN_POINT ( 'NONE',  ( 0.000000000000000000, 0.000000000000000000, 18.00000000000000355 ) ) ;
#1084 = CARTESIAN_POINT ( 'NONE',  ( 2.272191835612035415, -0.7370551986982541992, 162.0573062066339389 ) ) ;
#1085 = CIRCLE ( 'NONE', #2600, 1.000000000000000888 ) ;
#1086 = CYLINDRICAL_SURFACE ( 'NONE', #2824, 5.000000000000000888 ) ;
#1087 = DIRECTION ( 'NONE',  ( 0.000000000000000000, 0.000000000000000000, 1.000000000000000000 ) ) ;
#1088 = AXIS2_PLACEMENT_3D ( 'NONE', #343, #2809, #2144 ) ;
#1089 = EDGE_CURVE ( 'NONE', #2335, #1792, #2858, .T. ) ;
#1090 = CARTESIAN_POINT ( 'NONE',  ( -2.558925612422415785, -4.338640559072482361, -30.98093659958621160 ) ) ;
#1091 = CARTESIAN_POINT ( 'NONE',  ( -1.303634830176651604, -3.786042738248673878, 146.9999999999999432 ) ) ;
#1092 = EDGE_CURVE ( 'NONE', #667, #1804, #2149, .T. ) ;
#1093 = DIRECTION ( 'NONE',  ( -0.000000000000000000, 1.000000000000000000, -0.000000000000000000 ) ) ;
#1094 = CARTESIAN_POINT ( 'NONE',  ( -2.272191835612035415, -2.281366202476908800, 151.9937724947160973 ) ) ;
#1095 = FACE_OUTER_BOUND ( 'NONE', #963, .T. ) ;
#1096 = ORIENTED_EDGE ( 'NONE', *, *, #2522, .T. ) ;
#1097 = CIRCLE ( 'NONE', #2325, 1.000000000000000888 ) ;
#1098 = CARTESIAN_POINT ( 'NONE',  ( -4.607181998951087820, 1.945631980193779142, -27.46893751296138930 ) ) ;
#1099 = CARTESIAN_POINT ( 'NONE',  ( -4.873397172404484223, 3.499999999999999112, -36.00000000000000000 ) ) ;
#1100 = CARTESIAN_POINT ( 'NONE',  ( -1.506555817730222069, 5.808548910947095578, -26.67818087281430905 ) ) ;
#1101 = DIRECTION ( 'NONE',  ( -0.000000000000000000, -0.000000000000000000, -1.000000000000000000 ) ) ;
#1102 = CARTESIAN_POINT ( 'NONE',  ( 2.272191835612035415, 14.48363809428791349, 177.9747990616768334 ) ) ;
#1103 = CARTESIAN_POINT ( 'NONE',  ( -8.500000000000000000, 0.000000000000000000, 127.0000000000000000 ) ) ;
#1104 = CARTESIAN_POINT ( 'NONE',  ( 1.489405159627692266, -1.921857873406242367, 146.9999999999764384 ) ) ;
#1105 = EDGE_CURVE ( 'NONE', #2802, #2161, #876, .T. ) ;
#1106 =( BOUNDED_CURVE ( )  B_SPLINE_CURVE ( 3, ( #2782, #2072, #1169, #761 ),
 .UNSPECIFIED., .F., .T. ) 
 B_SPLINE_CURVE_WITH_KNOTS ( ( 4, 4 ),
 ( 1.982313172862384842, 2.346193823405649415 ),
 .UNSPECIFIED. ) 
 CURVE ( )  GEOMETRIC_REPRESENTATION_ITEM ( )  RATIONAL_B_SPLINE_CURVE ( ( 1.000000000000000000, 0.9889963102553599450, 0.9889963102553599450, 1.000000000000000000 ) ) 
 REPRESENTATION_ITEM ( '' )  );
#1107 = B_SPLINE_CURVE_WITH_KNOTS ( 'NONE', 3,
 ( #1648, #2140, #2314, #771, #2112, #2554, #1661, #559, #300, #2125, #340, #1906, #127, #975, #2804, #1237 ),
 .UNSPECIFIED., .F., .F.,
 ( 4, 2, 2, 2, 2, 2, 2, 4 ),
 ( 0.000000000000000000, 0.0003937486715539293531, 0.0007874973431078587062, 0.001181246014661788005, 0.001574994686215717412, 0.002362492029323569505, 0.002756240700877493274, 0.003149989372431417911 ),
 .UNSPECIFIED. ) ;
#1108 = CARTESIAN_POINT ( 'NONE',  ( 2.272191835612035415, -2.259042779011218194, 152.6461477077538689 ) ) ;
#1109 = CARTESIAN_POINT ( 'NONE',  ( -2.272191835612035415, -3.861181645852904687, 158.6099220482373937 ) ) ;
#1110 = DIRECTION ( 'NONE',  ( -0.000000000000000000, -0.000000000000000000, -1.000000000000000000 ) ) ;
#1111 = ORIENTED_EDGE ( 'NONE', *, *, #180, .F. ) ;
#1112 = CARTESIAN_POINT ( 'NONE',  ( -2.262118372673633804, -1.062734343091823241, 148.0804634506621369 ) ) ;
#1113 = CARTESIAN_POINT ( 'NONE',  ( -5.467562202767254576, 2.535398759456073847, -30.85546005043239148 ) ) ;
#1114 = CARTESIAN_POINT ( 'NONE',  ( -3.500000000000000888, 4.873397172404482447, -36.00000000000000000 ) ) ;
#1115 = CARTESIAN_POINT ( 'NONE',  ( 2.272191835612035415, 1.865226333522857605, 224.6259959132765687 ) ) ;
#1116 = DIRECTION ( 'NONE',  ( 1.000000000000000000, 0.000000000000000000, 0.000000000000000000 ) ) ;
#1117 = ORIENTED_EDGE ( 'NONE', *, *, #2014, .F. ) ;
#1118 = CARTESIAN_POINT ( 'NONE',  ( -1.002336845510987562, -2.208280691776975946, 146.9999999999968452 ) ) ;
#1119 =( BOUNDED_CURVE ( )  B_SPLINE_CURVE ( 3, ( #2339, #66, #324, #1686 ),
 .UNSPECIFIED., .F., .T. ) 
 B_SPLINE_CURVE_WITH_KNOTS ( ( 4, 4 ),
 ( 1.910633236249018596, 2.193622912206899311 ),
 .UNSPECIFIED. ) 
 CURVE ( )  GEOMETRIC_REPRESENTATION_ITEM ( )  RATIONAL_B_SPLINE_CURVE ( ( 1.000000000000000000, 0.9933375304027626251, 0.9933375304027626251, 1.000000000000000000 ) ) 
 REPRESENTATION_ITEM ( '' )  );
#1120 = CARTESIAN_POINT ( 'NONE',  ( -2.272191835612035415, 2.075009479137967183, 221.8127464333653904 ) ) ;
#1121 = CARTESIAN_POINT ( 'NONE',  ( 0.2648661127328561515, -5.995535001991518342, -26.01328571492538799 ) ) ;
#1122 = EDGE_LOOP ( 'NONE', ( #1111, #568 ) ) ;
#1123 = ORIENTED_EDGE ( 'NONE', *, *, #2463, .T. ) ;
#1124 = EDGE_CURVE ( 'NONE', #841, #2891, #266, .T. ) ;
#1125 = CARTESIAN_POINT ( 'NONE',  ( 2.031222720636992385, 1.921258364350183934, 146.9999999999999147 ) ) ;
#1126 = CARTESIAN_POINT ( 'NONE',  ( -2.272191835612036304, -0.7764599185328172615, 147.9999999999638192 ) ) ;
#1127 = CARTESIAN_POINT ( 'NONE',  ( -0.9481219646620460129, 1.933569207933971024, -25.62371242105735547 ) ) ;
#1128 = ORIENTED_EDGE ( 'NONE', *, *, #1940, .T. ) ;
#1129 = FACE_OUTER_BOUND ( 'NONE', #47, .T. ) ;
#1130 = CARTESIAN_POINT ( 'NONE',  ( 2.272191835612035415, 3.356794376124855983, 160.9862643002685729 ) ) ;
#1131 = DIRECTION ( 'NONE',  ( -0.000000000000000000, -0.000000000000000000, -1.000000000000000000 ) ) ;
#1132 = ORIENTED_EDGE ( 'NONE', *, *, #1202, .F. ) ;
#1133 = CARTESIAN_POINT ( 'NONE',  ( -1.795511761064964018, -2.284949475435254840, 148.3416429008411512 ) ) ;
#1134 = TOROIDAL_SURFACE ( 'NONE', #621, 5.132357188805564796, 1.000000000000000000 ) ;
#1135 = AXIS2_PLACEMENT_3D ( 'NONE', #1064, #623, #1488 ) ;
#1136 = CARTESIAN_POINT ( 'NONE',  ( -2.272191835612035415, 1.798503187410832149, 222.6561468797919190 ) ) ;
#1137 = CIRCLE ( 'NONE', #434, 4.132357188805564796 ) ;
#1138 = CARTESIAN_POINT ( 'NONE',  ( -1.006871895346926671, 4.898814714331438225, -26.26708580043669627 ) ) ;
#1139 = ORIENTED_EDGE ( 'NONE', *, *, #1089, .T. ) ;
#1140 = CARTESIAN_POINT ( 'NONE',  ( -2.000000000000000000, -10.99999999999999289, -27.99999999999999645 ) ) ;
#1141 = CARTESIAN_POINT ( 'NONE',  ( -0.7392487665040810008, -3.051158187413481659, 148.4418892677301471 ) ) ;
#1142 = DIRECTION ( 'NONE',  ( -0.000000000000000000, -0.000000000000000000, -1.000000000000000000 ) ) ;
#1143 = ADVANCED_FACE ( 'NONE', ( #2315 ), #2792, .F. ) ;
#1144 = EDGE_LOOP ( 'NONE', ( #2674, #896, #1763, #2812 ) ) ;
#1145 = VECTOR ( 'NONE', #1495, 1000.000000000000000 ) ;
#1146 = CARTESIAN_POINT ( 'NONE',  ( -1.588609776569340104, 5.786362109407542142, -26.77804121811966453 ) ) ;
#1147 = CARTESIAN_POINT ( 'NONE',  ( 2.272191835612035415, 13.87286696617290538, 192.3793002053788541 ) ) ;
#1148 = CARTESIAN_POINT ( 'NONE',  ( 2.272191835612035415, 0.04463310751246191144, 157.5753092049768895 ) ) ;
#1149 = ORIENTED_EDGE ( 'NONE', *, *, #2052, .T. ) ;
#1150 = CARTESIAN_POINT ( 'NONE',  ( -1.872953540266562911, -3.473767556876013352, 146.9999999999998579 ) ) ;
#1151 = VERTEX_POINT ( 'NONE', #1907 ) ;
#1152 = CARTESIAN_POINT ( 'NONE',  ( -2.148948431720242080, -1.612916508861262741E-15, -25.62983680463273828 ) ) ;
#1153 = CARTESIAN_POINT ( 'NONE',  ( -2.272191835612035415, -0.9177504536702094651, 222.8154879557174297 ) ) ;
#1154 = DIRECTION ( 'NONE',  ( -0.000000000000000000, -0.000000000000000000, 1.000000000000000000 ) ) ;
#1155 = ORIENTED_EDGE ( 'NONE', *, *, #1092, .T. ) ;
#1156 = CARTESIAN_POINT ( 'NONE',  ( -5.000000000000412115, 9.511260793210093256E-14, -25.99999999999896971 ) ) ;
#1157 = CARTESIAN_POINT ( 'NONE',  ( 1.415773304540886901, 1.622677922282770524, -25.62469508335266255 ) ) ;
#1158 = ORIENTED_EDGE ( 'NONE', *, *, #180, .T. ) ;
#1159 = DIRECTION ( 'NONE',  ( 0.000000000000000000, 0.000000000000000000, 1.000000000000000000 ) ) ;
#1160 = CARTESIAN_POINT ( 'NONE',  ( 2.272191835612035415, 8.501452067673280766, 203.7509309988729740 ) ) ;
#1161 = VECTOR ( 'NONE', #2433, 1000.000000000000000 ) ;
#1162 = CARTESIAN_POINT ( 'NONE',  ( 0.000000000000000000, 3.185968063087907254, 231.4470402582689701 ) ) ;
#1163 = EDGE_CURVE ( 'NONE', #888, #277, #545, .T. ) ;
#1164 = VERTEX_POINT ( 'NONE', #114 ) ;
#1165 = CARTESIAN_POINT ( 'NONE',  ( -2.035989367805942862, -1.892760168274490118, 148.2728315328065776 ) ) ;
#1166 = EDGE_CURVE ( 'NONE', #1053, #2525, #1430, .T. ) ;
#1167 = CARTESIAN_POINT ( 'NONE',  ( 3.570714214271422549, -3.500000000000000888, -36.00000000000000000 ) ) ;
#1168 = CARTESIAN_POINT ( 'NONE',  ( 2.272191835612035415, 10.93578560618904305, 177.5187179150780423 ) ) ;
#1169 = CARTESIAN_POINT ( 'NONE',  ( -3.997600702067305001, 3.064488671470530612, -33.67727291450950133 ) ) ;
#1170 = VECTOR ( 'NONE', #2836, 1000.000000000000000 ) ;
#1171 = ORIENTED_EDGE ( 'NONE', *, *, #567, .F. ) ;
#1172 = CARTESIAN_POINT ( 'NONE',  ( 4.822572602708175893, -1.323583228055377869, -26.49505836791384183 ) ) ;
#1173 = CARTESIAN_POINT ( 'NONE',  ( -3.219899006078681600E-13, 6.000000000001068479, -25.99999999999679545 ) ) ;
#1174 = CARTESIAN_POINT ( 'NONE',  ( 2.272191835612035415, 9.230530691343631133, 166.9410745205528315 ) ) ;
#1175 = DIRECTION ( 'NONE',  ( -0.000000000000000000, 0.000000000000000000, -1.000000000000000000 ) ) ;
#1176 = CARTESIAN_POINT ( 'NONE',  ( 2.272191835612035415, 0.8919059536201729976, 149.3394821207337486 ) ) ;
#1177 = CARTESIAN_POINT ( 'NONE',  ( -1.799026922469614265, 2.100447293278273619, 147.0000000000001137 ) ) ;
#1178 = FACE_OUTER_BOUND ( 'NONE', #1581, .T. ) ;
#1179 = CARTESIAN_POINT ( 'NONE',  ( -5.744681837008467795, -1.733291110847803074, -26.99373650971421057 ) ) ;
#1180 = EDGE_CURVE ( 'NONE', #1459, #248, #773, .T. ) ;
#1181 = DIRECTION ( 'NONE',  ( -1.000000000000000000, 0.000000000000000000, 0.000000000000000000 ) ) ;
#1182 = CIRCLE ( 'NONE', #1988, 6.000000000000000888 ) ;
#1183 = CARTESIAN_POINT ( 'NONE',  ( 2.272191835612035415, 3.074258690965611773, 165.5224156063182761 ) ) ;
#1184 = CARTESIAN_POINT ( 'NONE',  ( 2.000000000000000000, -4.582575694955840717, -27.99999999999999645 ) ) ;
#1185 = AXIS2_PLACEMENT_3D ( 'NONE', #629, #419, #1533 ) ;
#1186 = EDGE_LOOP ( 'NONE', ( #2644, #1725, #1497, #256, #2615 ) ) ;
#1187 = CARTESIAN_POINT ( 'NONE',  ( 4.690728668786340982, -1.732901819056397619, -26.99307210309571659 ) ) ;
#1188 = CARTESIAN_POINT ( 'NONE',  ( -6.000000000000000888, 7.347880794884120722E-16, -36.00000000000000000 ) ) ;
#1189 = CARTESIAN_POINT ( 'NONE',  ( -4.959107201942589249, -0.6496615091726244406, -26.10397586873919806 ) ) ;
#1190 = PRODUCT_DEFINITION_CONTEXT ( 'detailed design', #2562, 'design' ) ;
#1191 = CARTESIAN_POINT ( 'NONE',  ( -10.99999999999999289, 3.499999999999999112, -36.00000000000000000 ) ) ;
#1192 = CARTESIAN_POINT ( 'NONE',  ( -2.272191835612035415, 0.6024315281768862773, 217.3487172603578017 ) ) ;
#1193 = CIRCLE ( 'NONE', #1427, 6.000000000000000888 ) ;
#1194 = CARTESIAN_POINT ( 'NONE',  ( 0.03297313518066654486, 2.676718571467491259, 146.9999999999999432 ) ) ;
#1195 = CARTESIAN_POINT ( 'NONE',  ( -1.719300345531698859, -1.320065300020718979, -25.63403503652471471 ) ) ;
#1196 = CARTESIAN_POINT ( 'NONE',  ( -5.692648697798869506, 1.896458339444858421, -27.35146709008278521 ) ) ;
#1197 = ORIENTED_EDGE ( 'NONE', *, *, #479, .F. ) ;
#1198 = DIRECTION ( 'NONE',  ( -1.000000000000000000, 0.000000000000000000, 0.000000000000000000 ) ) ;
#1199 = CARTESIAN_POINT ( 'NONE',  ( 2.272191835612035415, -4.544383671224070831, 146.9999999999999716 ) ) ;
#1200 = EDGE_LOOP ( 'NONE', ( #349, #2352, #2023, #735, #1831, #1117 ) ) ;
#1201 = CARTESIAN_POINT ( 'NONE',  ( -2.135572242463941173, 0.2066182383480585361, 147.7021373598167600 ) ) ;
#1202 = EDGE_CURVE ( 'NONE', #888, #436, #1891, .T. ) ;
#1203 = CARTESIAN_POINT ( 'NONE',  ( 0.1315959824422937019, 6.000000000000012434, -25.99999999999994316 ) ) ;
#1204 = CARTESIAN_POINT ( 'NONE',  ( -4.582575694955838941, -1.999999999999999112, -27.86628071672376450 ) ) ;
#1205 = PLANE ( 'NONE',  #347 ) ;
#1206 = CARTESIAN_POINT ( 'NONE',  ( -2.272191835612035415, 10.13950599795173524, 162.4459030013681797 ) ) ;
#1207 = CARTESIAN_POINT ( 'NONE',  ( -3.164371744619383087, 0.1878375888442338493, 147.0000000000000853 ) ) ;
#1208 = DIRECTION ( 'NONE',  ( 0.3420201433256688239, 0.000000000000000000, -0.9396926207859083169 ) ) ;
#1209 = CARTESIAN_POINT ( 'NONE',  ( 5.786362109407542142, 1.588609776569340104, -26.77804121811966453 ) ) ;
#1210 = ORIENTED_EDGE ( 'NONE', *, *, #2846, .F. ) ;
#1211 = CARTESIAN_POINT ( 'NONE',  ( 5.204658254173454068, -3.038752337365557388, -33.54001246594963703 ) ) ;
#1212 = CARTESIAN_POINT ( 'NONE',  ( -2.272191835612035415, -4.254556917136929961, 220.3174989239058732 ) ) ;
#1213 = CARTESIAN_POINT ( 'NONE',  ( 0.000000000000000000, 0.000000000000000000, 139.1763269807084669 ) ) ;
#1214 = ORIENTED_EDGE ( 'NONE', *, *, #2104, .F. ) ;
#1215 = CARTESIAN_POINT ( 'NONE',  ( -3.570714214271426101, -3.500000000000000888, -36.00000000000000000 ) ) ;
#1216 = CARTESIAN_POINT ( 'NONE',  ( -2.133309708583559061, 0.2941137651476530279, -25.62890322093323192 ) ) ;
#1217 = EDGE_CURVE ( 'NONE', #600, #1916, #449, .T. ) ;
#1218 = LINE ( 'NONE', #768, #2371 ) ;
#1219 = CARTESIAN_POINT ( 'NONE',  ( -2.272191835612035415, 14.91060060335716564, 199.6216808065288717 ) ) ;
#1220 = FACE_OUTER_BOUND ( 'NONE', #173, .T. ) ;
#1221 = DIRECTION ( 'NONE',  ( 1.000000000000000000, 0.000000000000000000, 0.000000000000000000 ) ) ;
#1222 = CARTESIAN_POINT ( 'NONE',  ( 6.000000000001068479, 3.219899006078681600E-13, -25.99999999999679545 ) ) ;
#1223 = PLANE ( 'NONE',  #2129 ) ;
#1224 = CARTESIAN_POINT ( 'NONE',  ( 2.846205488991187416, 0.9154820063666558871, 147.0000000000000284 ) ) ;
#1225 = ORIENTED_EDGE ( 'NONE', *, *, #1557, .T. ) ;
#1226 = AXIS2_PLACEMENT_3D ( 'NONE', #1953, #848, #1734 ) ;
#1227 = CARTESIAN_POINT ( 'NONE',  ( -2.050067502126878605, -3.343214583220873948, 146.9999999999999716 ) ) ;
#1228 = CARTESIAN_POINT ( 'NONE',  ( 2.272191835612035415, 0.000000000000000000, 147.0000000000000284 ) ) ;
#1229 = VECTOR ( 'NONE', #2302, 1000.000000000000000 ) ;
#1230 = ORIENTED_EDGE ( 'NONE', *, *, #321, .F. ) ;
#1231 = B_SPLINE_CURVE_WITH_KNOTS ( 'NONE', 3,
 ( #2378, #103, #1958, #2392, #2130, #1458, #2857, #1268, #330, #374, #992, #1475, #778, #1447, #1694, #1678, #1896, #1665, #563, #2575, #1435, #2362, #344, #579, #1922, #1240, #1224, #2145, #158, #359, #131, #1254 ),
 .UNSPECIFIED., .F., .F.,
 ( 4, 2, 2, 2, 2, 2, 2, 2, 2, 2, 2, 2, 2, 2, 2, 4 ),
 ( 0.01200254386287251049, 0.01265795750269655198, 0.01331337114252059348, 0.01396878478234463671, 0.01462419842216867820, 0.01527961206199272143, 0.01593502570181676292, 0.01659043934164080442, 0.01724585298146484591, 0.01790126662128889087, 0.01855668026111293237, 0.01921209390093697386, 0.01986750754076101536, 0.02052292118058505685, 0.02117833482040910181, 0.02248916210005718480 ),
 .UNSPECIFIED. ) ;
#1232 = CARTESIAN_POINT ( 'NONE',  ( 3.247580058281229753, -1.184877530158350067, 147.0000000000000284 ) ) ;
#1233 = CARTESIAN_POINT ( 'NONE',  ( -2.272191835612035415, -5.209205269064777433, 148.1039163414112068 ) ) ;
#1234 = EDGE_CURVE ( 'NONE', #416, #2038, #2194, .T. ) ;
#1235 = ORIENTED_EDGE ( 'NONE', *, *, #425, .F. ) ;
#1236 = CARTESIAN_POINT ( 'NONE',  ( -1.617671026062276418, 2.219023698964041724, 147.0000000000001137 ) ) ;
#1237 = CARTESIAN_POINT ( 'NONE',  ( 6.000000000001068479, 3.219899006078681600E-13, -25.99999999999679545 ) ) ;
#1238 = DIRECTION ( 'NONE',  ( 0.9883129440170324020, -0.1524385931724184240, 0.000000000000000000 ) ) ;
#1239 = AXIS2_PLACEMENT_3D ( 'NONE', #1480, #1057, #2151 ) ;
#1240 = CARTESIAN_POINT ( 'NONE',  ( 2.735565402018551584, 1.105638601499456808, 146.9999999999999147 ) ) ;
#1241 = ORIENTED_EDGE ( 'NONE', *, *, #1908, .T. ) ;
#1242 = CARTESIAN_POINT ( 'NONE',  ( 1.238662904975793122, -3.813042988984017168, 147.0000000000000000 ) ) ;
#1243 = CARTESIAN_POINT ( 'NONE',  ( 2.272191835612035415, 8.501452067673280766, 203.7509309988729740 ) ) ;
#1244 = ORIENTED_EDGE ( 'NONE', *, *, #812, .F. ) ;
#1245 = CARTESIAN_POINT ( 'NONE',  ( -5.000000000000000888, 6.123233995736766282E-16, -37.00000000000000000 ) ) ;
#1246 = CARTESIAN_POINT ( 'NONE',  ( -2.272191835612035415, 2.511721819622346086, 155.3343010309499164 ) ) ;
#1247 = EDGE_LOOP ( 'NONE', ( #285, #1096, #2197, #2735 ) ) ;
#1248 = CARTESIAN_POINT ( 'NONE',  ( 1.704736234070012291, 1.529337828829920198, 147.0000000000088676 ) ) ;
#1249 = DIRECTION ( 'NONE',  ( 0.000000000000000000, 0.000000000000000000, 1.000000000000000000 ) ) ;
#1250 = CARTESIAN_POINT ( 'NONE',  ( 5.875475981279620896, 1.220984774029102882, -26.41065575134738097 ) ) ;
#1251 = ADVANCED_FACE ( 'NONE', ( #651 ), #2170, .F. ) ;
#1252 = ORIENTED_EDGE ( 'NONE', *, *, #1561, .T. ) ;
#1253 = FACE_BOUND ( 'NONE', #32, .T. ) ;
#1254 = CARTESIAN_POINT ( 'NONE',  ( 3.247580058281229753, -1.184877530158350067, 147.0000000000000284 ) ) ;
#1255 = B_SPLINE_CURVE_WITH_KNOTS ( 'NONE', 3,
 ( #1667, #1506, #1973, #174, #188, #220, #1108, #2013, #2872, #1548, #1079, #656, #1066, #839, #852, #1285, #2203, #2649, #2692, #627, #389, #1313, #2914, #1519, #1985, #1759, #2425, #404, #1960, #2902, #613, #2467 ),
 .UNSPECIFIED., .F., .F.,
 ( 4, 2, 2, 2, 2, 2, 2, 2, 2, 2, 2, 2, 2, 2, 2, 4 ),
 ( 0.01055603153777859814, 0.02420654388511447527, 0.04841308777022895055, 0.07261963165534342235, 0.09682617554045790109, 0.1452392633106868447, 0.1936523510809158022, 0.3001097930287718318, 0.4471493322103414769, 0.5941888713919111220, 0.6956416535439333693, 0.7970944356959555055, 0.8478208267719666846, 0.8985472178479777527, 0.9492736089239888209, 1.000000000000000000 ),
 .UNSPECIFIED. ) ;
#1256 = FACE_OUTER_BOUND ( 'NONE', #1551, .T. ) ;
#1257 = CARTESIAN_POINT ( 'NONE',  ( -2.272191835612035415, 2.409013150198885178, 148.3774207801014313 ) ) ;
#1258 = ORIENTED_EDGE ( 'NONE', *, *, #2160, .F. ) ;
#1259 = CARTESIAN_POINT ( 'NONE',  ( -2.000000000000000000, -5.656854249492382358, -27.99999999999999645 ) ) ;
#1260 = CARTESIAN_POINT ( 'NONE',  ( -2.272191835612035415, 8.321555384735528804, 171.4362460397375401 ) ) ;
#1261 = ORIENTED_EDGE ( 'NONE', *, *, #390, .T. ) ;
#1262 = CARTESIAN_POINT ( 'NONE',  ( 1.717925695459536106, 1.043944437884946952, 147.4717888720368251 ) ) ;
#1263 = CARTESIAN_POINT ( 'NONE',  ( 0.000000000000000000, 0.000000000000000000, -21.99999999999999645 ) ) ;
#1264 = CARTESIAN_POINT ( 'NONE',  ( 0.5220409315327685373, 4.974369599000916686, -26.06482018152328806 ) ) ;
#1265 = CARTESIAN_POINT ( 'NONE',  ( -2.272191835612035415, 3.185968063087907254, 231.4470402582689701 ) ) ;
#1266 = CARTESIAN_POINT ( 'NONE',  ( 4.873397172404484223, 3.499999999999999112, -36.00000000000000000 ) ) ;
#1267 = ADVANCED_FACE ( 'NONE', ( #1968, #196 ), #2186, .T. ) ;
#1268 = CARTESIAN_POINT ( 'NONE',  ( -2.294498442037075758, 1.673662675990459592, 147.0000000000000284 ) ) ;
#1269 = VERTEX_POINT ( 'NONE', #1047 ) ;
#1270 = DIRECTION ( 'NONE',  ( 1.000000000000000000, -0.000000000000000000, -0.000000000000000000 ) ) ;
#1271 = CARTESIAN_POINT ( 'NONE',  ( -2.272191835612035415, 0.2789755453529164098, 150.4925353489915381 ) ) ;
#1272 = CARTESIAN_POINT ( 'NONE',  ( 3.499999999999998224, -10.99999999999999289, -36.00000000000000000 ) ) ;
#1273 = CARTESIAN_POINT ( 'NONE',  ( -2.272191835612035415, -2.729437366511529905, 230.6462394845818835 ) ) ;
#1274 = VECTOR ( 'NONE', #160, 1000.000000000000000 ) ;
#1275 = ORIENTED_EDGE ( 'NONE', *, *, #442, .F. ) ;
#1276 = AXIS2_PLACEMENT_3D ( 'NONE', #2709, #1110, #2001 ) ;
#1277 = CARTESIAN_POINT ( 'NONE',  ( 2.193701090136625620, 0.7589261695394446949, 146.9999999999907629 ) ) ;
#1278 = CARTESIAN_POINT ( 'NONE',  ( 0.000000000000000000, 0.000000000000000000, 12.00000000000000355 ) ) ;
#1279 = CARTESIAN_POINT ( 'NONE',  ( 1.795018229124381026, 4.666996312148115500, -27.10835482033568411 ) ) ;
#1280 = ORIENTED_EDGE ( 'NONE', *, *, #894, .T. ) ;
#1281 = DIRECTION ( 'NONE',  ( -0.000000000000000000, -0.000000000000000000, -1.000000000000000000 ) ) ;
#1282 = CARTESIAN_POINT ( 'NONE',  ( 1.179893814510365457, -2.121314766564957655, 147.0000000000060254 ) ) ;
#1283 = CIRCLE ( 'NONE', #2753, 6.000000000000000888 ) ;
#1284 = ORIENTED_EDGE ( 'NONE', *, *, #95, .T. ) ;
#1285 = CARTESIAN_POINT ( 'NONE',  ( 2.272191835612035415, 13.23374938035294512, 173.5064424249461013 ) ) ;
#1286 = CARTESIAN_POINT ( 'NONE',  ( -2.272191835612035415, 10.13950599795173524, 162.4459030013681797 ) ) ;
#1287 = DIRECTION ( 'NONE',  ( -1.000000000000000000, 0.000000000000000000, 0.000000000000000000 ) ) ;
#1288 = ORIENTED_EDGE ( 'NONE', *, *, #1791, .F. ) ;
#1289 = EDGE_CURVE ( 'NONE', #2510, #2891, #1515, .T. ) ;
#1290 = CYLINDRICAL_SURFACE ( 'NONE', #2607, 9.000000000000000000 ) ;
#1291 = CARTESIAN_POINT ( 'NONE',  ( -2.272191835612035415, 6.492885204040693026, 169.0527017151353846 ) ) ;
#1292 = VERTEX_POINT ( 'NONE', #606 ) ;
#1293 = CARTESIAN_POINT ( 'NONE',  ( 3.247580058281229753, -1.184877530158350067, 146.9999999999999716 ) ) ;
#1294 = CARTESIAN_POINT ( 'NONE',  ( -3.570714214271427434, 3.499999999999999112, -36.00000000000000000 ) ) ;
#1295 = CARTESIAN_POINT ( 'NONE',  ( -3.219899006078681600E-13, 6.000000000001068479, -25.99999999999679545 ) ) ;
#1296 = AXIS2_PLACEMENT_3D ( 'NONE', #620, #1087, #1780 ) ;
#1297 =( BOUNDED_SURFACE ( )  B_SPLINE_SURFACE ( 3, 3, ( 
 ( #1228, #983, #1629, #2093, #2133, #2534, #2076, #1009, #527, #1913, #2814, #1682, #2772, #1462, #1174, #63, #1407, #81, #1507, #628, #1243, #161, #2650, #2365, #1521, #2888, #1698, #2178, #2163, #1741, #2606, #2873 ),
 ( #853, #2426, #1961, #614, #1925, #583, #405, #1478, #1080, #134, #189, #1302, #2830, #2204, #2396, #2861, #1986, #828, #147, #2382, #1493, #2411, #391, #867, #1760, #2665, #643, #348, #362, #2845, #2148, #1024 ),
 ( #809, #2191, #377, #1257, #1038, #1943, #1715, #2621, #1271, #1055, #1727, #599, #840, #2637, #1286, #175, #1067, #1974, #1532, #14, #657, #2217, #461, #1359, #938, #2452, #1549, #1120, #1136, #908, #879, #1786 ),
 ( #2440, #30, #925, #2026, #2708, #1094, #2679, #1817, #433, #260, #203, #2275, #703, #1999, #2042, #1564, #1801, #1374, #1, #2233, #1772, #672, #686, #1579, #2725, #1591, #1153, #2496, #476, #1331, #2015, #1314 ),
 ( #2057, #245, #2739, #45, #221, #2483, #418, #1833, #1109, #892, #2260, #2468, #2903, #2693, #448, #1345, #2246, #234, #1433, #2334, #991, #1849, #75, #319, #1212, #733, #965, #521, #2116, #760, #2752, #1388 ),
 ( #1199, #1418, #2101, #506, #1402, #102, #2320, #1895, #2303, #1865, #747, #290, #1183, #491, #978, #1168, #2794, #777, #2085, #2767, #719, #1608, #1638, #2512, #951, #1652, #1624, #2544, #1879, #305, #2529, #89 ),
 ( #2781, #2560, #538, #2289, #275, #2071, #58, #2022, #902, #1842, #1148, #2037, #25, #1602, #935, #427, #1102, #1384, #2912, #2284, #2748, #270, #242, #1574, #2271, #2720, #1325, #712, #1559, #10, #255, #1354 ) ),
 .UNSPECIFIED., .T., .F., .F. ) 
 B_SPLINE_SURFACE_WITH_KNOTS ( ( 4, 3, 4 ),
 ( 4, 2, 2, 2, 2, 2, 2, 2, 2, 2, 2, 2, 2, 2, 2, 4 ),
 ( 0.000000000000000000, 0.5000000000000000000, 1.000000000000000000 ),
 ( 0.000000000000000000, 0.02420654388511447527, 0.04841308777022895055, 0.07261963165534342235, 0.09682617554045790109, 0.1452392633106868447, 0.1936523510809158022, 0.3001097930287718318, 0.4471493322103414769, 0.5941888713919111220, 0.6956416535439333693, 0.7970944356959555055, 0.8478208267719666846, 0.8985472178479777527, 0.9492736089239888209, 1.000000000000000000 ),
 .UNSPECIFIED. ) 
 GEOMETRIC_REPRESENTATION_ITEM ( )  RATIONAL_B_SPLINE_SURFACE ( (
 ( 1.000000000000000000, 1.000000000000000000, 1.000000000000000000, 1.000000000000000000, 1.000000000000000000, 1.000000000000000000, 1.000000000000000000, 1.000000000000000000, 1.000000000000000000, 1.000000000000000000, 1.000000000000000000, 1.000000000000000000, 1.000000000000000000, 1.000000000000000000, 1.000000000000000000, 1.000000000000000000, 1.000000000000000000, 1.000000000000000000, 1.000000000000000000, 1.000000000000000000, 1.000000000000000000, 1.000000000000000000, 1.000000000000000000, 1.000000000000000000, 1.000000000000000000, 1.000000000000000000, 1.000000000000000000, 1.000000000000000000, 1.000000000000000000, 1.000000000000000000, 1.000000000000000000, 1.000000000000000000),
 ( 0.3333333333333333703, 0.3333333333333333703, 0.3333333333333333703, 0.3333333333333333703, 0.3333333333333333703, 0.3333333333333333703, 0.3333333333333333703, 0.3333333333333333703, 0.3333333333333333703, 0.3333333333333333703, 0.3333333333333333703, 0.3333333333333333703, 0.3333333333333333703, 0.3333333333333333703, 0.3333333333333333703, 0.3333333333333333703, 0.3333333333333333703, 0.3333333333333333703, 0.3333333333333333703, 0.3333333333333333703, 0.3333333333333333703, 0.3333333333333333703, 0.3333333333333333703, 0.3333333333333333703, 0.3333333333333333703, 0.3333333333333333703, 0.3333333333333333703, 0.3333333333333333703, 0.3333333333333333703, 0.3333333333333333703, 0.3333333333333333703, 0.3333333333333333703),
 ( 0.3333333333333333703, 0.3333333333333333703, 0.3333333333333333703, 0.3333333333333333703, 0.3333333333333333703, 0.3333333333333333703, 0.3333333333333333703, 0.3333333333333333703, 0.3333333333333333703, 0.3333333333333333703, 0.3333333333333333703, 0.3333333333333333703, 0.3333333333333333703, 0.3333333333333333703, 0.3333333333333333703, 0.3333333333333333703, 0.3333333333333333703, 0.3333333333333333703, 0.3333333333333333703, 0.3333333333333333703, 0.3333333333333333703, 0.3333333333333333703, 0.3333333333333333703, 0.3333333333333333703, 0.3333333333333333703, 0.3333333333333333703, 0.3333333333333333703, 0.3333333333333333703, 0.3333333333333333703, 0.3333333333333333703, 0.3333333333333333703, 0.3333333333333333703),
 ( 1.000000000000000000, 1.000000000000000000, 1.000000000000000000, 1.000000000000000000, 1.000000000000000000, 1.000000000000000000, 1.000000000000000000, 1.000000000000000000, 1.000000000000000000, 1.000000000000000000, 1.000000000000000000, 1.000000000000000000, 1.000000000000000000, 1.000000000000000000, 1.000000000000000000, 1.000000000000000000, 1.000000000000000000, 1.000000000000000000, 1.000000000000000000, 1.000000000000000000, 1.000000000000000000, 1.000000000000000000, 1.000000000000000000, 1.000000000000000000, 1.000000000000000000, 1.000000000000000000, 1.000000000000000000, 1.000000000000000000, 1.000000000000000000, 1.000000000000000000, 1.000000000000000000, 1.000000000000000000),
 ( 0.3333333333333333703, 0.3333333333333333703, 0.3333333333333333703, 0.3333333333333333703, 0.3333333333333333703, 0.3333333333333333703, 0.3333333333333333703, 0.3333333333333333703, 0.3333333333333333703, 0.3333333333333333703, 0.3333333333333333703, 0.3333333333333333703, 0.3333333333333333703, 0.3333333333333333703, 0.3333333333333333703, 0.3333333333333333703, 0.3333333333333333703, 0.3333333333333333703, 0.3333333333333333703, 0.3333333333333333703, 0.3333333333333333703, 0.3333333333333333703, 0.3333333333333333703, 0.3333333333333333703, 0.3333333333333333703, 0.3333333333333333703, 0.3333333333333333703, 0.3333333333333333703, 0.3333333333333333703, 0.3333333333333333703, 0.3333333333333333703, 0.3333333333333333703),
 ( 0.3333333333333333703, 0.3333333333333333703, 0.3333333333333333703, 0.3333333333333333703, 0.3333333333333333703, 0.3333333333333333703, 0.3333333333333333703, 0.3333333333333333703, 0.3333333333333333703, 0.3333333333333333703, 0.3333333333333333703, 0.3333333333333333703, 0.3333333333333333703, 0.3333333333333333703, 0.3333333333333333703, 0.3333333333333333703, 0.3333333333333333703, 0.3333333333333333703, 0.3333333333333333703, 0.3333333333333333703, 0.3333333333333333703, 0.3333333333333333703, 0.3333333333333333703, 0.3333333333333333703, 0.3333333333333333703, 0.3333333333333333703, 0.3333333333333333703, 0.3333333333333333703, 0.3333333333333333703, 0.3333333333333333703, 0.3333333333333333703, 0.3333333333333333703),
 ( 1.000000000000000000, 1.000000000000000000, 1.000000000000000000, 1.000000000000000000, 1.000000000000000000, 1.000000000000000000, 1.000000000000000000, 1.000000000000000000, 1.000000000000000000, 1.000000000000000000, 1.000000000000000000, 1.000000000000000000, 1.000000000000000000, 1.000000000000000000, 1.000000000000000000, 1.000000000000000000, 1.000000000000000000, 1.000000000000000000, 1.000000000000000000, 1.000000000000000000, 1.000000000000000000, 1.000000000000000000, 1.000000000000000000, 1.000000000000000000, 1.000000000000000000, 1.000000000000000000, 1.000000000000000000, 1.000000000000000000, 1.000000000000000000, 1.000000000000000000, 1.000000000000000000, 1.000000000000000000) ) ) 
 REPRESENTATION_ITEM ( '' )  SURFACE ( )  );
#1298 = ORIENTED_EDGE ( 'NONE', *, *, #2519, .F. ) ;
#1299 = CARTESIAN_POINT ( 'NONE',  ( 0.000000000000000000, 0.000000000000000000, 147.0000000000000284 ) ) ;
#1300 = CARTESIAN_POINT ( 'NONE',  ( 2.148942436101073827, 0.006218624386081907617, -25.62981705966815582 ) ) ;
#1301 = AXIS2_PLACEMENT_3D ( 'NONE', #2910, #1994, #2687 ) ;
#1302 = CARTESIAN_POINT ( 'NONE',  ( 2.272191835612035415, 2.511721819622345642, 155.3343010309499164 ) ) ;
#1303 = DIRECTION ( 'NONE',  ( 0.000000000000000000, 0.000000000000000000, 1.000000000000000000 ) ) ;
#1304 = EDGE_LOOP ( 'NONE', ( #2385, #1155 ) ) ;
#1305 = DIRECTION ( 'NONE',  ( 1.000000000000000000, 0.000000000000000000, 0.000000000000000000 ) ) ;
#1306 = CARTESIAN_POINT ( 'NONE',  ( 2.272191835612035415, 10.93319900739274964, 189.8951922680345206 ) ) ;
#1307 = EDGE_CURVE ( 'NONE', #2235, #104, #861, .T. ) ;
#1308 = CARTESIAN_POINT ( 'NONE',  ( -10.99999999999999289, -3.500000000000000888, -36.00000000000000000 ) ) ;
#1309 = CARTESIAN_POINT ( 'NONE',  ( -6.000000000000012434, 0.1315959824422945346, -25.99999999999994671 ) ) ;
#1310 = CIRCLE ( 'NONE', #1397, 9.319608355999427829 ) ;
#1311 = CARTESIAN_POINT ( 'NONE',  ( -0.4607413700226383191, -2.376383830977356393, 147.0000000000090097 ) ) ;
#1312 =( BOUNDED_CURVE ( )  B_SPLINE_CURVE ( 3, ( #594, #171, #1090, #1768 ),
 .UNSPECIFIED., .F., .T. ) 
 B_SPLINE_CURVE_WITH_KNOTS ( ( 4, 4 ),
 ( 3.936991483773936373, 4.300872134317201834 ),
 .UNSPECIFIED. ) 
 CURVE ( )  GEOMETRIC_REPRESENTATION_ITEM ( )  RATIONAL_B_SPLINE_CURVE ( ( 1.000000000000000000, 0.9889963102553599450, 0.9889963102553599450, 1.000000000000000000 ) ) 
 REPRESENTATION_ITEM ( '' )  );
#1313 = CARTESIAN_POINT ( 'NONE',  ( 2.272191835612035415, 4.640085566700033581, 210.0066820477350120 ) ) ;
#1314 = CARTESIAN_POINT ( 'NONE',  ( -2.272191835612035415, 3.185968063087907254, 231.4470402582689701 ) ) ;
#1315 = FACE_OUTER_BOUND ( 'NONE', #1610, .T. ) ;
#1316 = VERTEX_POINT ( 'NONE', #1752 ) ;
#1317 = CARTESIAN_POINT ( 'NONE',  ( -0.002051714534835704425, -3.157210957935626450, 148.4523784762909031 ) ) ;
#1318 = CARTESIAN_POINT ( 'NONE',  ( -2.272191835612035415, -3.861181645852904687, 158.6099220482373937 ) ) ;
#1319 = EDGE_CURVE ( 'NONE', #1528, #1898, #2379, .T. ) ;
#1320 = CIRCLE ( 'NONE', #2788, 2.272191835612035415 ) ;
#1321 = CARTESIAN_POINT ( 'NONE',  ( 2.148948431720242080, -4.189028672630723713E-14, -25.62983680463273828 ) ) ;
#1322 = DIRECTION ( 'NONE',  ( -0.000000000000000000, -0.000000000000000000, -1.000000000000000000 ) ) ;
#1323 =( GEOMETRIC_REPRESENTATION_CONTEXT ( 3 ) GLOBAL_UNCERTAINTY_ASSIGNED_CONTEXT ( ( #641 ) ) GLOBAL_UNIT_ASSIGNED_CONTEXT ( ( #1650, #822, #990 ) ) REPRESENTATION_CONTEXT ( 'NONE', 'WORKASPACE' ) );
#1324 = CARTESIAN_POINT ( 'NONE',  ( 0.000000000000000000, 0.000000000000000000, 0.000000000000000000 ) ) ;
#1325 = CARTESIAN_POINT ( 'NONE',  ( 2.272191835612035415, -0.9177504536702094651, 222.8154879557174297 ) ) ;
#1326 = EDGE_CURVE ( 'NONE', #1959, #1528, #1085, .T. ) ;
#1327 = CARTESIAN_POINT ( 'NONE',  ( -4.873397172404483335, -3.500000000000000888, -36.00000000000000000 ) ) ;
#1328 = CARTESIAN_POINT ( 'NONE',  ( 1.183749312929051278, -2.830931703039806457, 148.4167147913175029 ) ) ;
#1329 = AXIS2_PLACEMENT_3D ( 'NONE', #734, #1389, #720 ) ;
#1330 = DIRECTION ( 'NONE',  ( -0.000000000000000000, -0.000000000000000000, -1.000000000000000000 ) ) ;
#1331 = CARTESIAN_POINT ( 'NONE',  ( -2.272191835612035415, 0.8296952599772654535, 229.0996556893304046 ) ) ;
#1332 = AXIS2_PLACEMENT_3D ( 'NONE', #2568, #1914, #512 ) ;
#1333 = CARTESIAN_POINT ( 'NONE',  ( -2.535398759456072959, 5.467562202767253687, -30.85546005043238083 ) ) ;
#1334 = ORIENTED_EDGE ( 'NONE', *, *, #1163, .T. ) ;
#1335 = CARTESIAN_POINT ( 'NONE',  ( -2.032813815998873785, -1.898978758043909032, 148.2738520403328266 ) ) ;
#1336 = CARTESIAN_POINT ( 'NONE',  ( 2.272191835612035415, -1.791103050249993389, 154.5512286986144659 ) ) ;
#1337 = PLANE ( 'NONE',  #2465 ) ;
#1338 = CARTESIAN_POINT ( 'NONE',  ( 2.272191835612035415, 2.711613933285028200, 213.0267260637161826 ) ) ;
#1339 = CARTESIAN_POINT ( 'NONE',  ( -0.2629995111359124671, -4.994768352867068550, -26.01297234010759851 ) ) ;
#1340 = VERTEX_POINT ( 'NONE', #2867 ) ;
#1341 = VERTEX_POINT ( 'NONE', #1295 ) ;
#1342 = CARTESIAN_POINT ( 'NONE',  ( 0.5341020614052293114, -2.361275193506362058, 147.0000000000119087 ) ) ;
#1343 = EDGE_CURVE ( 'NONE', #1459, #40, #1486, .T. ) ;
#1344 = CARTESIAN_POINT ( 'NONE',  ( 4.873397172404484223, 3.499999999999999112, -36.00000000000000000 ) ) ;
#1345 = CARTESIAN_POINT ( 'NONE',  ( -2.272191835612035415, 10.93578560618904305, 177.5187179150780423 ) ) ;
#1346 = DIRECTION ( 'NONE',  ( 0.000000000000000000, 0.000000000000000000, 1.000000000000000000 ) ) ;
#1347 = EDGE_LOOP ( 'NONE', ( #936, #2906, #2252, #869 ) ) ;
#1348 = CARTESIAN_POINT ( 'NONE',  ( 1.570191856810652764, 1.662404078514222006, 146.9999999999817533 ) ) ;
#1349 = CARTESIAN_POINT ( 'NONE',  ( -4.994601417792691400, 0.2657875508717736368, -26.01339210474766617 ) ) ;
#1350 = CARTESIAN_POINT ( 'NONE',  ( 2.272191835612035415, 1.806993303116308347, 230.2928596378216639 ) ) ;
#1351 = DIRECTION ( 'NONE',  ( 0.000000000000000000, -1.000000000000000000, 0.000000000000000000 ) ) ;
#1352 = CARTESIAN_POINT ( 'NONE',  ( -2.272191835612035415, 3.347641656957026424, 147.8085670361449502 ) ) ;
#1353 = DIRECTION ( 'NONE',  ( 0.000000000000000000, 0.000000000000000000, 1.000000000000000000 ) ) ;
#1354 = CARTESIAN_POINT ( 'NONE',  ( 2.272191835612035415, 3.185968063087907254, 231.4470402582689701 ) ) ;
#1355 = EDGE_LOOP ( 'NONE', ( #947, #1577, #1244, #849 ) ) ;
#1356 = CARTESIAN_POINT ( 'NONE',  ( -5.676524248852047982, -1.946318688383494422, -27.47115770401370227 ) ) ;
#1357 = FILL_AREA_STYLE ('',( #460 ) ) ;
#1358 = EDGE_CURVE ( 'NONE', #384, #1022, #2033, .T. ) ;
#1359 = CARTESIAN_POINT ( 'NONE',  ( -2.272191835612035415, 4.961761718490320661, 216.0499068530401701 ) ) ;
#1360 = CARTESIAN_POINT ( 'NONE',  ( 0.5233331742002482745, -4.974214383558138941, -26.06521930429859424 ) ) ;
#1361 = ORIENTED_EDGE ( 'NONE', *, *, #1449, .T. ) ;
#1362 = CARTESIAN_POINT ( 'NONE',  ( 5.000000000000412115, -9.450028417493610361E-14, -25.99999999999896971 ) ) ;
#1363 = CARTESIAN_POINT ( 'NONE',  ( -6.000000000000000888, 0.000000000000000000, 18.00000000000000355 ) ) ;
#1364 = CARTESIAN_POINT ( 'NONE',  ( 1.860988213725041973, 1.083640768970078661, -25.62640073885729208 ) ) ;
#1365 = CARTESIAN_POINT ( 'NONE',  ( -1.220984774029102882, 5.875475981279620896, -26.41065575134738097 ) ) ;
#1366 = CARTESIAN_POINT ( 'NONE',  ( 2.272191835612035415, -2.088808792393198388, 150.6512859668306703 ) ) ;
#1367 = CIRCLE ( 'NONE', #859, 5.000000000000000888 ) ;
#1368 = DIRECTION ( 'NONE',  ( 1.000000000000000000, -0.000000000000000000, -0.000000000000000000 ) ) ;
#1369 = ORIENTED_EDGE ( 'NONE', *, *, #1874, .F. ) ;
#1370 = CARTESIAN_POINT ( 'NONE',  ( -2.279791694456935858, -1.017466030730834303, 148.0711860850842641 ) ) ;
#1371 = AXIS2_PLACEMENT_3D ( 'NONE', #222, #2680, #1287 ) ;
#1372 = TOROIDAL_SURFACE ( 'NONE', #1463, 8.000000000000000000, 1.000000000000000000 ) ;
#1373 = SURFACE_STYLE_USAGE ( .BOTH. , #1590 ) ;
#1374 = CARTESIAN_POINT ( 'NONE',  ( -2.272191835612035415, 14.80275851229006179, 187.4110696385186827 ) ) ;
#1375 = CARTESIAN_POINT ( 'NONE',  ( -0.2657875508717730262, 4.994601417792691400, -26.01339210474766261 ) ) ;
#1376 = ORIENTED_EDGE ( 'NONE', *, *, #1633, .F. ) ;
#1377 = CARTESIAN_POINT ( 'NONE',  ( 0.5178049035740019956, 1.912911576474276343, 147.2897100081478357 ) ) ;
#1378 = CARTESIAN_POINT ( 'NONE',  ( -4.582575694955839829, 2.000000000000000000, -27.73291300843422391 ) ) ;
#1379 = CARTESIAN_POINT ( 'NONE',  ( 2.035880089572860818, 0.7020501952217514940, -25.62760959949562434 ) ) ;
#1380 = ADVANCED_FACE ( 'NONE', ( #153 ), #2357, .T. ) ;
#1381 = VECTOR ( 'NONE', #2172, 1000.000000000000000 ) ;
#1382 = CARTESIAN_POINT ( 'NONE',  ( -1.946318688383493756, 5.676524248852047094, -27.47115770401369872 ) ) ;
#1383 = CARTESIAN_POINT ( 'NONE',  ( 2.272191835612035415, 14.48363809428791349, 177.9747990616768334 ) ) ;
#1384 = CARTESIAN_POINT ( 'NONE',  ( 2.272191835612035415, 14.80275851229006179, 187.4110696385186827 ) ) ;
#1385 = ORIENTED_EDGE ( 'NONE', *, *, #1358, .F. ) ;
#1386 = CARTESIAN_POINT ( 'NONE',  ( -1.354340676812116229, -2.717049400985717789, 148.4027570596779526 ) ) ;
#1387 = DIRECTION ( 'NONE',  ( -1.000000000000000000, 0.000000000000000000, 0.000000000000000000 ) ) ;
#1388 = CARTESIAN_POINT ( 'NONE',  ( -2.272191835612035415, 3.223010092899658563, 235.9912729591015079 ) ) ;
#1389 = DIRECTION ( 'NONE',  ( -0.000000000000000000, -0.000000000000000000, -1.000000000000000000 ) ) ;
#1390 = EDGE_LOOP ( 'NONE', ( #288, #588 ) ) ;
#1391 = CARTESIAN_POINT ( 'NONE',  ( 4.974214383558138053, -0.5233331742002481635, -26.06521930429858358 ) ) ;
#1392 = CARTESIAN_POINT ( 'NONE',  ( 9.319608355999427829, 0.01244160262200560280, 12.00000000000000355 ) ) ;
#1393 = CARTESIAN_POINT ( 'NONE',  ( 2.272191835612035415, -0.4654670895503471573, 226.6511931821869155 ) ) ;
#1394 = CARTESIAN_POINT ( 'NONE',  ( -2.272191835612035415, 2.164413577240951181, 159.8706774191242914 ) ) ;
#1395 = CARTESIAN_POINT ( 'NONE',  ( 2.272191835612035415, -0.7851678150460874583, 225.3963435946056393 ) ) ;
#1396 = ADVANCED_FACE ( 'NONE', ( #2643 ), #2110, .T. ) ;
#1397 = AXIS2_PLACEMENT_3D ( 'NONE', #141, #1514, #2169 ) ;
#1398 = CARTESIAN_POINT ( 'NONE',  ( -0.6118337148506923784, 2.615160574047342479, 147.0000000000000853 ) ) ;
#1399 = EDGE_LOOP ( 'NONE', ( #2660, #2017, #2486, #2653, #205 ) ) ;
#1400 = DIRECTION ( 'NONE',  ( 0.000000000000000000, 0.000000000000000000, 1.000000000000000000 ) ) ;
#1401 = CYLINDRICAL_SURFACE ( 'NONE', #625, 10.99999999999999289 ) ;
#1402 = CARTESIAN_POINT ( 'NONE',  ( 2.272191835612035415, -6.172661784298099086, 152.7109360892037557 ) ) ;
#1403 = CARTESIAN_POINT ( 'NONE',  ( -1.588193072881927792, 4.741679757418557628, -26.77750449190890691 ) ) ;
#1404 = ORIENTED_EDGE ( 'NONE', *, *, #1778, .F. ) ;
#1405 = CARTESIAN_POINT ( 'NONE',  ( -3.570714214271426101, -3.500000000000000888, -36.00000000000000000 ) ) ;
#1406 = FACE_BOUND ( 'NONE', #1684, .T. ) ;
#1407 = CARTESIAN_POINT ( 'NONE',  ( 2.272191835612035415, 14.48363809428791349, 177.9747990616768334 ) ) ;
#1408 =( BOUNDED_CURVE ( )  B_SPLINE_CURVE ( 3, ( #38, #1781, #728, #2066 ),
 .UNSPECIFIED., .F., .T. ) 
 B_SPLINE_CURVE_WITH_KNOTS ( ( 4, 4 ),
 ( 1.982313172862384620, 2.346193823405648970 ),
 .UNSPECIFIED. ) 
 CURVE ( )  GEOMETRIC_REPRESENTATION_ITEM ( )  RATIONAL_B_SPLINE_CURVE ( ( 1.000000000000000000, 0.9889963102553599450, 0.9889963102553599450, 1.000000000000000000 ) ) 
 REPRESENTATION_ITEM ( '' )  );
#1409 = DIRECTION ( 'NONE',  ( 0.000000000000000000, 0.000000000000000000, -1.000000000000000000 ) ) ;
#1410 = CARTESIAN_POINT ( 'NONE',  ( -2.272191835612035415, 18.67231801718737572, 184.9269470090028733 ) ) ;
#1411 = EDGE_CURVE ( 'NONE', #920, #2003, #335, .T. ) ;
#1412 = CARTESIAN_POINT ( 'NONE',  ( -0.5307887133854838346, 2.212329310049947928, 146.9999999999970726 ) ) ;
#1413 = CARTESIAN_POINT ( 'NONE',  ( 6.000000000000000888, 0.000000000000000000, 12.00000000000000355 ) ) ;
#1414 = CARTESIAN_POINT ( 'NONE',  ( 0.000000000000000000, 0.000000000000000000, 147.0000000000000284 ) ) ;
#1415 = ADVANCED_FACE ( 'NONE', ( #2049 ), #717, .T. ) ;
#1416 = CARTESIAN_POINT ( 'NONE',  ( 4.994768352867069439, 0.2629995111359128002, -26.01297234010760207 ) ) ;
#1417 = AXIS2_PLACEMENT_3D ( 'NONE', #2487, #465, #2728 ) ;
#1418 = CARTESIAN_POINT ( 'NONE',  ( 2.272191835612035415, -5.209205269064776544, 148.1039163414112068 ) ) ;
#1419 = DIRECTION ( 'NONE',  ( 1.000000000000000000, 0.000000000000000000, 0.000000000000000000 ) ) ;
#1420 = ORIENTED_EDGE ( 'NONE', *, *, #2719, .F. ) ;
#1421 = CARTESIAN_POINT ( 'NONE',  ( 0.3613000449792498348, 1.949254650878854855, 147.2836119683798017 ) ) ;
#1422 = LINE ( 'NONE', #1392, #2705 ) ;
#1423 = CARTESIAN_POINT ( 'NONE',  ( -2.036158401650378647, 0.7012917216942878840, -25.62761200324349531 ) ) ;
#1424 = UNCERTAINTY_MEASURE_WITH_UNIT (LENGTH_MEASURE( 1.000000000000000082E-05 ), #1034, 'distance_accuracy_value', 'NONE');
#1425 = CARTESIAN_POINT ( 'NONE',  ( -2.272191835612035415, 14.48363809428791349, 177.9747990616768334 ) ) ;
#1426 = CARTESIAN_POINT ( 'NONE',  ( -2.272191835612035415, -0.9177504536702094651, 222.8154879557174297 ) ) ;
#1427 = AXIS2_PLACEMENT_3D ( 'NONE', #1840, #884, #726 ) ;
#1428 = LINE ( 'NONE', #69, #905 ) ;
#1429 = CARTESIAN_POINT ( 'NONE',  ( 6.000000000000000888, 7.347880794884120722E-16, 18.00000000000000355 ) ) ;
#1430 = LINE ( 'NONE', #1005, #357 ) ;
#1431 = ORIENTED_EDGE ( 'NONE', *, *, #95, .F. ) ;
#1432 = FACE_OUTER_BOUND ( 'NONE', #1247, .T. ) ;
#1433 = CARTESIAN_POINT ( 'NONE',  ( -2.272191835612035415, 9.699125146045011192, 194.2820120865196145 ) ) ;
#1434 = EDGE_CURVE ( 'NONE', #2498, #600, #700, .T. ) ;
#1435 = CARTESIAN_POINT ( 'NONE',  ( 1.491236351113704561, 2.291931470639210655, 146.9999999999999716 ) ) ;
#1436 = EDGE_LOOP ( 'NONE', ( #1479, #1258, #216, #550 ) ) ;
#1437 = DIRECTION ( 'NONE',  ( 0.000000000000000000, 0.000000000000000000, 1.000000000000000000 ) ) ;
#1438 = EDGE_CURVE ( 'NONE', #2515, #2510, #2698, .T. ) ;
#1439 = CARTESIAN_POINT ( 'NONE',  ( -2.148912415320150870, 0.01244160262200472503, -25.62979730129359268 ) ) ;
#1440 = CARTESIAN_POINT ( 'NONE',  ( -2.272191835612035415, 0.02980746607206101115, 218.7543684494687000 ) ) ;
#1441 = CARTESIAN_POINT ( 'NONE',  ( -2.272191835612035415, 0.2851520110150883580, 151.9544570779293338 ) ) ;
#1442 = CARTESIAN_POINT ( 'NONE',  ( -2.169599246890220989, 0.8160460731262341172, 146.9999999999999716 ) ) ;
#1443 = DIRECTION ( 'NONE',  ( 1.000000000000000000, 0.000000000000000000, 0.000000000000000000 ) ) ;
#1444 = DIRECTION ( 'NONE',  ( 0.000000000000000000, 0.000000000000000000, -1.000000000000000000 ) ) ;
#1445 = AXIS2_PLACEMENT_3D ( 'NONE', #743, #547, #1443 ) ;
#1446 = DIRECTION ( 'NONE',  ( -0.000000000000000000, -0.000000000000000000, -1.000000000000000000 ) ) ;
#1447 = CARTESIAN_POINT ( 'NONE',  ( -0.6136636572224967168, 2.614781022600839222, 147.0000000000002274 ) ) ;
#1448 = ORIENTED_EDGE ( 'NONE', *, *, #129, .T. ) ;
#1449 = EDGE_CURVE ( 'NONE', #832, #2161, #596, .T. ) ;
#1450 = CARTESIAN_POINT ( 'NONE',  ( 0.000000000000000000, 0.000000000000000000, 139.1763269807084669 ) ) ;
#1451 = DIRECTION ( 'NONE',  ( -0.000000000000000000, -0.000000000000000000, 1.000000000000000000 ) ) ;
#1452 = CARTESIAN_POINT ( 'NONE',  ( -2.272191835612035415, 2.711613933285028200, 213.0267260637161826 ) ) ;
#1453 = CARTESIAN_POINT ( 'NONE',  ( -2.272191835612035415, 13.87286696617290538, 192.3793002053788541 ) ) ;
#1454 = ORIENTED_EDGE ( 'NONE', *, *, #306, .T. ) ;
#1455 = CARTESIAN_POINT ( 'NONE',  ( -2.572142687776629355, 1.345039062497841220, 147.0000000000000284 ) ) ;
#1456 = CARTESIAN_POINT ( 'NONE',  ( 5.744681837008466907, 1.733291110847803074, -26.99373650971420346 ) ) ;
#1457 = ORIENTED_EDGE ( 'NONE', *, *, #1411, .T. ) ;
#1458 = CARTESIAN_POINT ( 'NONE',  ( -2.697555325187919628, 1.165167687523573914, 147.0000000000001421 ) ) ;
#1459 = VERTEX_POINT ( 'NONE', #1884 ) ;
#1460 = VECTOR ( 'NONE', #1368, 1000.000000000000000 ) ;
#1461 = CARTESIAN_POINT ( 'NONE',  ( -3.264593632548382640, -0.4619361076418158629, 147.0000000000000000 ) ) ;
#1462 = CARTESIAN_POINT ( 'NONE',  ( 2.272191835612035415, 7.002555342735435673, 164.5342744723551505 ) ) ;
#1463 = AXIS2_PLACEMENT_3D ( 'NONE', #2469, #1303, #1068 ) ;
#1464 = EDGE_LOOP ( 'NONE', ( #1523, #2361, #1059, #2749 ) ) ;
#1465 = CARTESIAN_POINT ( 'NONE',  ( -0.6480166022934609193, -5.966135612255344611, -26.10341467295124573 ) ) ;
#1466 = CARTESIAN_POINT ( 'NONE',  ( -2.272191835612035415, -0.8818805673005841728, 156.3947988082951781 ) ) ;
#1467 = EDGE_CURVE ( 'NONE', #104, #1704, #1928, .T. ) ;
#1468 = ORIENTED_EDGE ( 'NONE', *, *, #1166, .F. ) ;
#1469 = CARTESIAN_POINT ( 'NONE',  ( 2.272191835612035415, -0.4702067874276791293, 147.9119753395223995 ) ) ;
#1470 = DIRECTION ( 'NONE',  ( -0.000000000000000000, -0.000000000000000000, 1.000000000000000000 ) ) ;
#1471 = DIRECTION ( 'NONE',  ( 0.000000000000000000, 0.000000000000000000, 1.000000000000000000 ) ) ;
#1472 = AXIS2_PLACEMENT_3D ( 'NONE', #856, #2608, #1069 ) ;
#1473 = CARTESIAN_POINT ( 'NONE',  ( 4.959107201942589249, 0.6496615091726258839, -26.10397586873919096 ) ) ;
#1474 = CARTESIAN_POINT ( 'NONE',  ( 0.2620864838738921065, 5.995675272140656098, -26.01286203651959994 ) ) ;
#1475 = CARTESIAN_POINT ( 'NONE',  ( -1.236634275510279268, 2.416915186455562026, 146.9999999999999147 ) ) ;
#1476 = EDGE_LOOP ( 'NONE', ( #2834, #608, #2285, #2055, #540 ) ) ;
#1477 = CARTESIAN_POINT ( 'NONE',  ( 2.609127805766355834, -2.776274846670353735, 147.0000000000000284 ) ) ;
#1478 = CARTESIAN_POINT ( 'NONE',  ( 2.272191835612035415, 0.4112441055422271785, 150.0545727344471345 ) ) ;
#1479 = ORIENTED_EDGE ( 'NONE', *, *, #952, .F. ) ;
#1480 = CARTESIAN_POINT ( 'NONE',  ( 0.000000000000000000, 0.000000000000000000, 127.0000000000000000 ) ) ;
#1481 = CARTESIAN_POINT ( 'NONE',  ( 2.272191835612035415, 3.223010092899658563, 235.9912729591015079 ) ) ;
#1482 = ORIENTED_EDGE ( 'NONE', *, *, #2685, .T. ) ;
#1483 = CARTESIAN_POINT ( 'NONE',  ( 0.1964836510195810126, 1.973438324610143013, 147.2795113361160873 ) ) ;
#1484 = EDGE_CURVE ( 'NONE', #519, #564, #2311, .T. ) ;
#1485 = DIRECTION ( 'NONE',  ( -0.000000000000000000, -0.000000000000000000, -1.000000000000000000 ) ) ;
#1486 = LINE ( 'NONE', #2388, #766 ) ;
#1487 = ORIENTED_EDGE ( 'NONE', *, *, #1834, .T. ) ;
#1488 = DIRECTION ( 'NONE',  ( 1.000000000000000000, 0.000000000000000000, 0.000000000000000000 ) ) ;
#1489 = CARTESIAN_POINT ( 'NONE',  ( 8.500000000000000000, 1.040949779275250140E-15, 87.20000000000001705 ) ) ;
#1490 =( NAMED_UNIT ( * ) SI_UNIT ( $, .STERADIAN. ) SOLID_ANGLE_UNIT ( ) );
#1491 = VERTEX_POINT ( 'NONE', #1668 ) ;
#1492 = CARTESIAN_POINT ( 'NONE',  ( 8.000000000000000000, 0.000000000000000000, 18.00000000000000355 ) ) ;
#1493 = CARTESIAN_POINT ( 'NONE',  ( 2.272191835612035415, 12.99419172039934622, 203.0665351482014671 ) ) ;
#1494 = ORIENTED_EDGE ( 'NONE', *, *, #2369, .F. ) ;
#1495 = DIRECTION ( 'NONE',  ( -0.000000000000000000, 1.000000000000000000, -0.000000000000000000 ) ) ;
#1496 = CARTESIAN_POINT ( 'NONE',  ( -2.272191835612035415, 4.008712414947216196, 204.4353268495445661 ) ) ;
#1497 = ORIENTED_EDGE ( 'NONE', *, *, #515, .T. ) ;
#1498 = DIRECTION ( 'NONE',  ( 0.000000000000000000, 0.000000000000000000, -1.000000000000000000 ) ) ;
#1499 = FACE_OUTER_BOUND ( 'NONE', #1788, .T. ) ;
#1500 = DIRECTION ( 'NONE',  ( 1.224646799147353207E-16, 1.000000000000000000, -0.000000000000000000 ) ) ;
#1501 =( BOUNDED_CURVE ( )  B_SPLINE_CURVE ( 3, ( #2694, #1333, #673, #2889 ),
 .UNSPECIFIED., .F., .T. ) 
 B_SPLINE_CURVE_WITH_KNOTS ( ( 4, 4 ),
 ( 1.910633236249018818, 2.193622912206899311 ),
 .UNSPECIFIED. ) 
 CURVE ( )  GEOMETRIC_REPRESENTATION_ITEM ( )  RATIONAL_B_SPLINE_CURVE ( ( 1.000000000000000000, 0.9933375304027626251, 0.9933375304027626251, 1.000000000000000000 ) ) 
 REPRESENTATION_ITEM ( '' )  );
#1502 = CARTESIAN_POINT ( 'NONE',  ( -10.99999999999999289, 2.000000000000000000, -27.99999999999999645 ) ) ;
#1503 = CARTESIAN_POINT ( 'NONE',  ( 2.078599457642107406, -1.799150608594477507, 148.2542541851541671 ) ) ;
#1504 = EDGE_CURVE ( 'NONE', #1022, #1341, #971, .T. ) ;
#1505 = ORIENTED_EDGE ( 'NONE', *, *, #1534, .F. ) ;
#1506 = CARTESIAN_POINT ( 'NONE',  ( 2.272191835612034971, -1.071853358317641280, 148.4234591158911201 ) ) ;
#1507 = CARTESIAN_POINT ( 'NONE',  ( 2.272191835612035415, 13.87286696617290538, 192.3793002053788541 ) ) ;
#1508 = CARTESIAN_POINT ( 'NONE',  ( -1.795700456685766166, -5.725230414547491264, -27.10971406932706174 ) ) ;
#1509 = CARTESIAN_POINT ( 'NONE',  ( -2.272191835612035415, 1.817105334859558274, 164.4070538072986380 ) ) ;
#1510 = AXIS2_PLACEMENT_3D ( 'NONE', #765, #781, #795 ) ;
#1511 = VERTEX_POINT ( 'NONE', #1900 ) ;
#1512 = AXIS2_PLACEMENT_3D ( 'NONE', #2201, #402, #2899 ) ;
#1513 = CARTESIAN_POINT ( 'NONE',  ( 2.847950178943051469, 0.9121378623689795351, 146.9999999999999432 ) ) ;
#1514 = DIRECTION ( 'NONE',  ( 0.000000000000000000, 0.000000000000000000, -1.000000000000000000 ) ) ;
#1515 = LINE ( 'NONE', #1721, #1669 ) ;
#1516 = VERTEX_POINT ( 'NONE', #94 ) ;
#1517 = DIRECTION ( 'NONE',  ( -0.000000000000000000, 1.000000000000000000, -0.000000000000000000 ) ) ;
#1518 = CARTESIAN_POINT ( 'NONE',  ( -0.3493569735866495218, -2.394725047985908351, 147.0000000000209752 ) ) ;
#1519 = CARTESIAN_POINT ( 'NONE',  ( 2.272191835612035415, 0.6024315281768862773, 217.3487172603578017 ) ) ;
#1520 = EDGE_CURVE ( 'NONE', #87, #749, #1601, .T. ) ;
#1521 = CARTESIAN_POINT ( 'NONE',  ( 2.272191835612035415, 0.02980746607206101115, 218.7543684494687000 ) ) ;
#1522 = FACE_OUTER_BOUND ( 'NONE', #116, .T. ) ;
#1523 = ORIENTED_EDGE ( 'NONE', *, *, #272, .F. ) ;
#1524 = CARTESIAN_POINT ( 'NONE',  ( -1.734186987360517573, -5.744414859531554285, -26.99520918351894139 ) ) ;
#1525 = CARTESIAN_POINT ( 'NONE',  ( -2.272191835612035415, 3.074258690965611773, 165.5224156063182761 ) ) ;
#1526 = DIRECTION ( 'NONE',  ( 0.000000000000000000, 0.000000000000000000, -1.000000000000000000 ) ) ;
#1527 = CARTESIAN_POINT ( 'NONE',  ( 2.272191835612035415, -0.6648215952135513307, 147.7781262688308175 ) ) ;
#1528 = VERTEX_POINT ( 'NONE', #121 ) ;
#1529 = CARTESIAN_POINT ( 'NONE',  ( -4.192664568019655036, -7.772015517938143839E-16, 138.8343068373827975 ) ) ;
#1530 = CARTESIAN_POINT ( 'NONE',  ( 2.950816844289442020, -2.222886821887515296, 147.0000000000000853 ) ) ;
#1531 = CARTESIAN_POINT ( 'NONE',  ( 2.148924424996254245, 0.01036729251356024138, -25.62980388733322457 ) ) ;
#1532 = CARTESIAN_POINT ( 'NONE',  ( -2.272191835612035415, 18.04660878630079424, 190.4765883242380653 ) ) ;
#1533 = DIRECTION ( 'NONE',  ( -0.9927087686437394698, 0.1205375487465655399, 0.000000000000000000 ) ) ;
#1534 = EDGE_CURVE ( 'NONE', #667, #980, #2578, .T. ) ;
#1535 = AXIS2_PLACEMENT_3D ( 'NONE', #1278, #169, #2418 ) ;
#1536 = VERTEX_POINT ( 'NONE', #332 ) ;
#1537 = CARTESIAN_POINT ( 'NONE',  ( 0.5878072840829536849, -3.081461169565280489, 148.4446601593705282 ) ) ;
#1538 = CARTESIAN_POINT ( 'NONE',  ( 2.272191835612035415, -5.209205269064776544, 148.1039163414112068 ) ) ;
#1539 = ORIENTED_EDGE ( 'NONE', *, *, #1467, .T. ) ;
#1540 = ADVANCED_FACE ( 'NONE', ( #2759 ), #1297, .T. ) ;
#1541 = CARTESIAN_POINT ( 'NONE',  ( 3.499999999999998224, 3.570714214271428322, -36.00000000000000000 ) ) ;
#1542 = DIRECTION ( 'NONE',  ( 1.000000000000000000, -0.000000000000000000, -0.000000000000000000 ) ) ;
#1543 = AXIS2_PLACEMENT_3D ( 'NONE', #1706, #834, #2613 ) ;
#1544 = ORIENTED_EDGE ( 'NONE', *, *, #933, .T. ) ;
#1545 = CARTESIAN_POINT ( 'NONE',  ( -2.000000000000000000, 4.582575694955838053, -27.99999999999999645 ) ) ;
#1546 = CARTESIAN_POINT ( 'NONE',  ( 3.247580058281229753, -1.184877530158350067, 146.9999999999999716 ) ) ;
#1547 = B_SPLINE_CURVE_WITH_KNOTS ( 'NONE', 3,
 ( #274, #2041, #1607, #1816, #1152 ),
 .UNSPECIFIED., .F., .F.,
 ( 4, 1, 4 ),
 ( 0.01174555568820922699, 0.01175176056981239170, 0.01175796545141555814 ),
 .UNSPECIFIED. ) ;
#1548 = CARTESIAN_POINT ( 'NONE',  ( 2.272191835612035415, -0.8818805673005841728, 156.3947988082951781 ) ) ;
#1549 = CARTESIAN_POINT ( 'NONE',  ( -2.272191835612035415, 2.785508063867182305, 220.1120347632095786 ) ) ;
#1550 = DIRECTION ( 'NONE',  ( 0.000000000000000000, 0.000000000000000000, 1.000000000000000000 ) ) ;
#1551 = EDGE_LOOP ( 'NONE', ( #2174, #2053, #2394 ) ) ;
#1552 = CARTESIAN_POINT ( 'NONE',  ( 2.156202254462961321, -1.633868490834304410, 148.2219784265318481 ) ) ;
#1553 = DIRECTION ( 'NONE',  ( -0.3420201433256688239, -4.188538737676993614E-17, -0.9396926207859083169 ) ) ;
#1554 = AXIS2_PLACEMENT_3D ( 'NONE', #532, #2111, #974 ) ;
#1555 = CARTESIAN_POINT ( 'NONE',  ( -0.8902294961668303364, 5.934856853242417962, -26.20421557290260495 ) ) ;
#1556 = CARTESIAN_POINT ( 'NONE',  ( 2.272191835612035415, 7.512225481430180096, 160.0158472295749732 ) ) ;
#1557 = EDGE_CURVE ( 'NONE', #2531, #2810, #1320, .T. ) ;
#1558 = CIRCLE ( 'NONE', #2504, 0.2000000000000005107 ) ;
#1559 = CARTESIAN_POINT ( 'NONE',  ( 2.272191835612035415, -0.4654670895503471573, 226.6511931821869155 ) ) ;
#1560 = ORIENTED_EDGE ( 'NONE', *, *, #2756, .F. ) ;
#1561 = EDGE_CURVE ( 'NONE', #223, #231, #1408, .T. ) ;
#1562 = CARTESIAN_POINT ( 'NONE',  ( 0.9681403298946087421, -2.223305774292185344, 146.9999999999940030 ) ) ;
#1563 = EDGE_LOOP ( 'NONE', ( #2710, #2711, #1827, #524 ) ) ;
#1564 = CARTESIAN_POINT ( 'NONE',  ( -2.272191835612035415, 13.23374938035294512, 173.5064424249461013 ) ) ;
#1565 = AXIS2_PLACEMENT_3D ( 'NONE', #2655, #829, #1305 ) ;
#1566 = CARTESIAN_POINT ( 'NONE',  ( 4.338640559072483249, 2.558925612422414897, -30.98093659958621515 ) ) ;
#1567 = ORIENTED_EDGE ( 'NONE', *, *, #952, .T. ) ;
#1568 = CARTESIAN_POINT ( 'NONE',  ( 1.808002660579213883, 0.9069674060063909193, 147.5063793869564677 ) ) ;
#1569 = CARTESIAN_POINT ( 'NONE',  ( 2.148948431720242080, 0.000000000000000000, -25.99999999999999645 ) ) ;
#1570 = CARTESIAN_POINT ( 'NONE',  ( 2.272191835612035415, 8.501452067673280766, 203.7509309988729740 ) ) ;
#1571 = PLANE ( 'NONE',  #1829 ) ;
#1572 = CARTESIAN_POINT ( 'NONE',  ( 2.272191835612035415, 3.148926033276155945, 226.9028075574364607 ) ) ;
#1573 = EDGE_CURVE ( 'NONE', #600, #2131, #2688, .T. ) ;
#1574 = CARTESIAN_POINT ( 'NONE',  ( 2.272191835612035415, 0.6024315281768862773, 217.3487172603578017 ) ) ;
#1575 = EDGE_LOOP ( 'NONE', ( #2847, #1863 ) ) ;
#1576 = CARTESIAN_POINT ( 'NONE',  ( -2.311799624209672555, -0.7353323126825271894, 146.9999999998407532 ) ) ;
#1577 = ORIENTED_EDGE ( 'NONE', *, *, #1504, .T. ) ;
#1578 = CARTESIAN_POINT ( 'NONE',  ( 2.000000000000000000, -5.656854249492380582, -27.99999999999999645 ) ) ;
#1579 = CARTESIAN_POINT ( 'NONE',  ( -2.272191835612035415, 0.6024315281768862773, 217.3487172603578017 ) ) ;
#1580 = CARTESIAN_POINT ( 'NONE',  ( 0.8902294961668303364, -5.934856853242417962, -26.20421557290260495 ) ) ;
#1581 = EDGE_LOOP ( 'NONE', ( #791, #2898, #365, #1197 ) ) ;
#1582 = CARTESIAN_POINT ( 'NONE',  ( 3.499999999999998224, -10.99999999999999289, -36.00000000000000000 ) ) ;
#1583 = CARTESIAN_POINT ( 'NONE',  ( 3.219899006078681600E-13, -6.000000000001068479, -25.99999999999679545 ) ) ;
#1584 = CARTESIAN_POINT ( 'NONE',  ( 0.000000000000000000, 0.000000000000000000, 127.0000000000000000 ) ) ;
#1585 = CARTESIAN_POINT ( 'NONE',  ( 4.582575694955844270, -2.000000000000000000, -27.99999999999999645 ) ) ;
#1586 = CARTESIAN_POINT ( 'NONE',  ( 2.272191835612035415, -1.791103050249993389, 154.5512286986144659 ) ) ;
#1587 = CARTESIAN_POINT ( 'NONE',  ( 4.132357188805564796, 5.060678004204289998E-16, 147.0000000000000284 ) ) ;
#1588 = ORIENTED_EDGE ( 'NONE', *, *, #2157, .T. ) ;
#1589 = CARTESIAN_POINT ( 'NONE',  ( -2.191766826058676010, -1.464656087534740969, 148.1815681270945220 ) ) ;
#1590 = SURFACE_SIDE_STYLE ('',( #924 ) ) ;
#1591 = CARTESIAN_POINT ( 'NONE',  ( -2.272191835612035415, -0.7300225008427784212, 221.4880319244022360 ) ) ;
#1592 = EDGE_CURVE ( 'NONE', #1722, #1516, #1011, .T. ) ;
#1593 = CARTESIAN_POINT ( 'NONE',  ( 1.796059244238658481, -5.725115037038463583, -27.11054576066073807 ) ) ;
#1594 =( BOUNDED_CURVE ( )  B_SPLINE_CURVE ( 3, ( #318, #1211, #1664, #2573 ),
 .UNSPECIFIED., .F., .F. ) 
 B_SPLINE_CURVE_WITH_KNOTS ( ( 4, 4 ),
 ( 4.089562394972686477, 4.372552070930567858 ),
 .UNSPECIFIED. ) 
 CURVE ( )  GEOMETRIC_REPRESENTATION_ITEM ( )  RATIONAL_B_SPLINE_CURVE ( ( 1.000000000000000000, 0.9933375304027626251, 0.9933375304027626251, 1.000000000000000000 ) ) 
 REPRESENTATION_ITEM ( '' )  );
#1595 = ORIENTED_EDGE ( 'NONE', *, *, #2901, .F. ) ;
#1596 = CARTESIAN_POINT ( 'NONE',  ( 4.898814714331438225, -1.006871895346926671, -26.26708580043669627 ) ) ;
#1597 = CARTESIAN_POINT ( 'NONE',  ( -4.822572602708175005, 1.323583228055377869, -26.49505836791383473 ) ) ;
#1598 = CARTESIAN_POINT ( 'NONE',  ( 2.272191835612035415, -0.8818805673005841728, 156.3947988082951781 ) ) ;
#1599 = CYLINDRICAL_SURFACE ( 'NONE', #1997, 6.000000000000000888 ) ;
#1600 = CARTESIAN_POINT ( 'NONE',  ( 2.272191835612035415, -2.259042779011218194, 152.6461477077538689 ) ) ;
#1601 = CIRCLE ( 'NONE', #1510, 6.000000000000000888 ) ;
#1602 = CARTESIAN_POINT ( 'NONE',  ( 2.272191835612035415, 7.002555342735435673, 164.5342744723551505 ) ) ;
#1603 = VERTEX_POINT ( 'NONE', #1587 ) ;
#1604 = CARTESIAN_POINT ( 'NONE',  ( -2.370110740182396203, -3.053516674735432979, 146.9999999999999716 ) ) ;
#1605 = AXIS2_PLACEMENT_3D ( 'NONE', #1693, #2559, #1198 ) ;
#1606 = VECTOR ( 'NONE', #2561, 1000.000000000000000 ) ;
#1607 = CARTESIAN_POINT ( 'NONE',  ( -2.148942431444354373, 0.006219973966127171489, -25.62981705538312838 ) ) ;
#1608 = CARTESIAN_POINT ( 'NONE',  ( 2.272191835612035415, 0.1357181247047390960, 210.6098248299853708 ) ) ;
#1609 = CARTESIAN_POINT ( 'NONE',  ( 1.946318688383493756, -5.676524248852047094, -27.47115770401369872 ) ) ;
#1610 = EDGE_LOOP ( 'NONE', ( #271, #2542, #2114, #855, #1679, #1288 ) ) ;
#1611 = EDGE_CURVE ( 'NONE', #1340, #2593, #1182, .T. ) ;
#1612 = CARTESIAN_POINT ( 'NONE',  ( -1.719541643893996996, 1.040057267709566524, 147.4727573008636057 ) ) ;
#1613 = CARTESIAN_POINT ( 'NONE',  ( 2.148912415320150870, 0.01244160262200445441, -25.62979730129358913 ) ) ;
#1614 = CARTESIAN_POINT ( 'NONE',  ( 2.272191835612035415, -1.874206908896911328, 149.9606233485515361 ) ) ;
#1615 = AXIS2_PLACEMENT_3D ( 'NONE', #731, #1400, #2024 ) ;
#1616 = ADVANCED_FACE ( 'NONE', ( #457 ), #919, .F. ) ;
#1617 = CARTESIAN_POINT ( 'NONE',  ( 0.000000000000000000, 0.000000000000000000, 87.00000000000001421 ) ) ;
#1618 = CARTESIAN_POINT ( 'NONE',  ( 2.272191835612035415, 0.6024315281768862773, 217.3487172603578017 ) ) ;
#1619 = CARTESIAN_POINT ( 'NONE',  ( -1.986727554457980105, -4.588431484561543705, -27.73511250061041977 ) ) ;
#1620 = ORIENTED_EDGE ( 'NONE', *, *, #894, .F. ) ;
#1621 = CARTESIAN_POINT ( 'NONE',  ( 5.000000000000000888, 0.000000000000000000, -36.00000000000000000 ) ) ;
#1622 = AXIS2_PLACEMENT_3D ( 'NONE', #2126, #591, #1934 ) ;
#1623 = CARTESIAN_POINT ( 'NONE',  ( 5.204658254173455845, 3.038752337365554279, -33.54001246594962993 ) ) ;
#1624 = CARTESIAN_POINT ( 'NONE',  ( 2.272191835612035415, -4.621008971207598570, 225.5189411482252808 ) ) ;
#1625 = CARTESIAN_POINT ( 'NONE',  ( 0.1319572327695462399, -4.999999999999999112, -26.00000000000001066 ) ) ;
#1626 = ORIENTED_EDGE ( 'NONE', *, *, #2484, .T. ) ;
#1627 = CARTESIAN_POINT ( 'NONE',  ( -0.5955001649849032130, 1.890039483248249885, 147.2936434415633471 ) ) ;
#1628 = FACE_OUTER_BOUND ( 'NONE', #1010, .T. ) ;
#1629 = CARTESIAN_POINT ( 'NONE',  ( 2.272191835612035415, -1.162406813843796849, 148.5240859310917187 ) ) ;
#1630 = EDGE_CURVE ( 'NONE', #2498, #197, #2734, .T. ) ;
#1631 = CARTESIAN_POINT ( 'NONE',  ( -2.272191835612035415, -0.7300225008427784212, 221.4880319244022360 ) ) ;
#1632 = CARTESIAN_POINT ( 'NONE',  ( -2.272191835612035415, 14.80275851229006179, 187.4110696385186827 ) ) ;
#1633 = EDGE_CURVE ( 'NONE', #2040, #980, #1894, .T. ) ;
#1634 = CARTESIAN_POINT ( 'NONE',  ( -1.220608875057227261, 1.563772130731093224, 147.3549523223055360 ) ) ;
#1635 = CARTESIAN_POINT ( 'NONE',  ( 2.135044989762139522, -0.2813662667487679681, -25.63073042672943558 ) ) ;
#1636 = CARTESIAN_POINT ( 'NONE',  ( -5.656854249492380582, -2.000000000000000000, -27.99999999999999645 ) ) ;
#1637 = CARTESIAN_POINT ( 'NONE',  ( 2.558925612422414009, 4.338640559072483249, -30.98093659958620805 ) ) ;
#1638 = CARTESIAN_POINT ( 'NONE',  ( 2.272191835612035415, -1.792446065618919615, 213.7491161415829879 ) ) ;
#1639 = CARTESIAN_POINT ( 'NONE',  ( 1.222015493781429818, -4.849624186671360526, -26.41145954736878565 ) ) ;
#1640 = ORIENTED_EDGE ( 'NONE', *, *, #2092, .T. ) ;
#1641 = CARTESIAN_POINT ( 'NONE',  ( -2.212709038277736351, -0.09236262150878787880, 147.7953171434597834 ) ) ;
#1642 = LINE ( 'NONE', #1783, #2513 ) ;
#1643 = CARTESIAN_POINT ( 'NONE',  ( -4.582575694955840717, -2.000000000000000000, -27.99999999999999645 ) ) ;
#1644 = CARTESIAN_POINT ( 'NONE',  ( -2.272191835612035415, -2.088808792393198388, 150.6512859668306703 ) ) ;
#1645 = CARTESIAN_POINT ( 'NONE',  ( -2.272191835612035415, 4.640085566700033581, 210.0066820477350120 ) ) ;
#1646 = DIRECTION ( 'NONE',  ( -1.000000000000000000, 0.000000000000000000, 0.000000000000000000 ) ) ;
#1647 = ADVANCED_FACE ( 'NONE', ( #1889, #1860 ), #2329, .F. ) ;
#1648 = CARTESIAN_POINT ( 'NONE',  ( 5.656854249492380582, -2.000000000000000000, -27.99999999999999645 ) ) ;
#1649 = DIRECTION ( 'NONE',  ( -1.000000000000000000, 0.000000000000000000, 0.000000000000000000 ) ) ;
#1650 =( LENGTH_UNIT ( ) NAMED_UNIT ( * ) SI_UNIT ( .MILLI., .METRE. ) );
#1651 = CIRCLE ( 'NONE', #2648, 5.000000000000000888 ) ;
#1652 = CARTESIAN_POINT ( 'NONE',  ( 2.272191835612035415, -4.690987122208455595, 223.7485438772157522 ) ) ;
#1653 = LINE ( 'NONE', #1712, #1606 ) ;
#1654 = CIRCLE ( 'NONE', #1605, 9.319608355999427829 ) ;
#1655 = ORIENTED_EDGE ( 'NONE', *, *, #649, .T. ) ;
#1656 = CARTESIAN_POINT ( 'NONE',  ( 1.505241496121252576, 5.808883848063232769, -26.67674066004153488 ) ) ;
#1657 = CARTESIAN_POINT ( 'NONE',  ( -4.666996312148117276, -1.795018229124381470, -27.10835482033569122 ) ) ;
#1658 = CARTESIAN_POINT ( 'NONE',  ( 0.000000000000000000, 0.000000000000000000, 17.00000000000000000 ) ) ;
#1659 = CARTESIAN_POINT ( 'NONE',  ( -2.272191835612035415, 1.865226333522857605, 224.6259959132765687 ) ) ;
#1660 = CARTESIAN_POINT ( 'NONE',  ( -2.132390185927834025, 0.2219402147641685863, 147.6973077291390837 ) ) ;
#1661 = CARTESIAN_POINT ( 'NONE',  ( 5.744414859531554285, -1.734186987360517573, -26.99520918351894139 ) ) ;
#1662 = CARTESIAN_POINT ( 'NONE',  ( -5.656854249492380582, 2.000000000000000000, -27.99999999999999645 ) ) ;
#1663 = ADVANCED_FACE ( 'NONE', ( #2553 ), #84, .F. ) ;
#1664 = CARTESIAN_POINT ( 'NONE',  ( 5.467562202767254576, -2.535398759456073847, -30.85546005043238438 ) ) ;
#1665 = CARTESIAN_POINT ( 'NONE',  ( 0.6793719149687935666, 2.600557964143842771, 146.9999999999999432 ) ) ;
#1666 = ORIENTED_EDGE ( 'NONE', *, *, #1830, .T. ) ;
#1667 = CARTESIAN_POINT ( 'NONE',  ( 2.272191835612034971, -0.7764599186660019470, 147.9999999999961346 ) ) ;
#1668 = CARTESIAN_POINT ( 'NONE',  ( 5.000000000000000888, 0.000000000000000000, -21.99999999999999645 ) ) ;
#1669 = VECTOR ( 'NONE', #1322, 1000.000000000000000 ) ;
#1670 = CARTESIAN_POINT ( 'NONE',  ( -2.272191835612035415, 0.04463310751246191144, 157.5753092049768895 ) ) ;
#1671 = CARTESIAN_POINT ( 'NONE',  ( -2.272191835612035415, 7.215673932188974682, 212.3043359858493773 ) ) ;
#1672 = EDGE_LOOP ( 'NONE', ( #645, #784, #1454, #2647, #1753 ) ) ;
#1673 = CARTESIAN_POINT ( 'NONE',  ( -1.862521737936187582, 0.8155319182477479556, 147.5303551438184968 ) ) ;
#1674 = LINE ( 'NONE', #2355, #2437 ) ;
#1675 = DIRECTION ( 'NONE',  ( 1.000000000000000000, 0.000000000000000000, 0.000000000000000000 ) ) ;
#1676 = AXIS2_PLACEMENT_3D ( 'NONE', #605, #873, #1733 ) ;
#1677 = DIRECTION ( 'NONE',  ( -0.000000000000000000, -0.000000000000000000, -1.000000000000000000 ) ) ;
#1678 = CARTESIAN_POINT ( 'NONE',  ( 0.03079396246349390756, 2.676733521462076659, 147.0000000000000284 ) ) ;
#1679 = ORIENTED_EDGE ( 'NONE', *, *, #2773, .F. ) ;
#1680 = CARTESIAN_POINT ( 'NONE',  ( -0.2524508147336495534, -4.042029323564511500, 147.0000000000000000 ) ) ;
#1681 = EDGE_CURVE ( 'NONE', #2843, #2515, #571, .T. ) ;
#1682 = CARTESIAN_POINT ( 'NONE',  ( 2.272191835612035415, 2.164413577240951181, 159.8706774191242914 ) ) ;
#1683 = CIRCLE ( 'NONE', #1445, 8.500000000000000000 ) ;
#1684 = EDGE_LOOP ( 'NONE', ( #2241, #1544, #722, #1261, #1482 ) ) ;
#1685 = EDGE_CURVE ( 'NONE', #1511, #231, #1428, .T. ) ;
#1686 = CARTESIAN_POINT ( 'NONE',  ( 3.499999999999998224, -4.873397172404484223, -36.00000000000000000 ) ) ;
#1687 = CARTESIAN_POINT ( 'NONE',  ( -2.272191835612035415, 2.164413577240951181, 159.8706774191242914 ) ) ;
#1688 = ORIENTED_EDGE ( 'NONE', *, *, #2014, .T. ) ;
#1689 = CARTESIAN_POINT ( 'NONE',  ( 3.030349817905271248, 0.5200428369820844221, 146.9999999999999432 ) ) ;
#1690 = CARTESIAN_POINT ( 'NONE',  ( -1.417981516152354349, -1.620942460456566092, -25.63499403524357589 ) ) ;
#1691 = CARTESIAN_POINT ( 'NONE',  ( -5.875503469642309184, 1.230444255528082342, -26.40216524516188201 ) ) ;
#1692 = ORIENTED_EDGE ( 'NONE', *, *, #1217, .T. ) ;
#1693 = CARTESIAN_POINT ( 'NONE',  ( 0.000000000000000000, 0.01244160262200446135, 0.000000000000000000 ) ) ;
#1694 = CARTESIAN_POINT ( 'NONE',  ( -0.4008445301032930175, 2.650506761028426084, 147.0000000000000568 ) ) ;
#1695 = ORIENTED_EDGE ( 'NONE', *, *, #567, .T. ) ;
#1696 = AXIS2_PLACEMENT_3D ( 'NONE', #1875, #1015, #326 ) ;
#1697 = CARTESIAN_POINT ( 'NONE',  ( 2.734758926893962716, -2.600748864501244206, 147.0000000000000853 ) ) ;
#1698 = CARTESIAN_POINT ( 'NONE',  ( 2.272191835612035415, -0.9177504536702094651, 222.8154879557174297 ) ) ;
#1699 = AXIS2_PLACEMENT_3D ( 'NONE', #863, #1517, #850 ) ;
#1700 = ADVANCED_FACE ( 'NONE', ( #1220 ), #304, .F. ) ;
#1701 = CIRCLE ( 'NONE', #1329, 6.000000000000000888 ) ;
#1702 = DIRECTION ( 'NONE',  ( 0.000000000000000000, 0.000000000000000000, 1.000000000000000000 ) ) ;
#1703 = CARTESIAN_POINT ( 'NONE',  ( -2.272191835612035415, 1.371077060595493613, 234.8409476308183343 ) ) ;
#1704 = VERTEX_POINT ( 'NONE', #1071 ) ;
#1705 = CARTESIAN_POINT ( 'NONE',  ( 3.103686646195173537, 0.3166174779790023597, 147.0000000000000284 ) ) ;
#1706 = CARTESIAN_POINT ( 'NONE',  ( -10.99999999999999289, 3.499999999999999112, -36.00000000000000000 ) ) ;
#1707 = FACE_BOUND ( 'NONE', #1186, .T. ) ;
#1708 = AXIS2_PLACEMENT_3D ( 'NONE', #2550, #958, #1409 ) ;
#1709 = ORIENTED_EDGE ( 'NONE', *, *, #2281, .T. ) ;
#1710 = CARTESIAN_POINT ( 'NONE',  ( 4.741615599777210477, 1.588394972735534427, -26.77772121626827584 ) ) ;
#1711 = LINE ( 'NONE', #2391, #1381 ) ;
#1712 = CARTESIAN_POINT ( 'NONE',  ( -2.148948431720242080, 2.631702818438919045E-16, -25.99999999999999645 ) ) ;
#1713 = ORIENTED_EDGE ( 'NONE', *, *, #2901, .T. ) ;
#1714 = DIRECTION ( 'NONE',  ( 1.000000000000000000, 0.000000000000000000, 0.000000000000000000 ) ) ;
#1715 = CARTESIAN_POINT ( 'NONE',  ( -2.272191835612035415, 0.8919059536201729976, 149.3394821207337486 ) ) ;
#1716 = CARTESIAN_POINT ( 'NONE',  ( 0.000000000000000000, 0.01244160262200446135, 12.00000000000000355 ) ) ;
#1717 = CARTESIAN_POINT ( 'NONE',  ( 2.272191835612035415, 8.321555384735528804, 171.4362460397375401 ) ) ;
#1718 = VERTEX_POINT ( 'NONE', #1978 ) ;
#1719 = CARTESIAN_POINT ( 'NONE',  ( 0.6817683574583458528, 2.600018707342367730, 146.9999999999999147 ) ) ;
#1720 = DIRECTION ( 'NONE',  ( 1.000000000000000000, 0.000000000000000000, 0.000000000000000000 ) ) ;
#1721 = CARTESIAN_POINT ( 'NONE',  ( -8.500000000000000000, 0.000000000000000000, 127.0000000000000000 ) ) ;
#1722 = VERTEX_POINT ( 'NONE', #2471 ) ;
#1723 = CYLINDRICAL_SURFACE ( 'NONE', #998, 4.132357188805564796 ) ;
#1724 = CARTESIAN_POINT ( 'NONE',  ( 2.258066196924192859, -1.064727916227085736, 148.0801647581824341 ) ) ;
#1725 = ORIENTED_EDGE ( 'NONE', *, *, #2702, .T. ) ;
#1726 = CARTESIAN_POINT ( 'NONE',  ( 2.148948431720242080, -4.189028672630723713E-14, -25.62983680463273828 ) ) ;
#1727 = CARTESIAN_POINT ( 'NONE',  ( -2.272191835612035415, 0.8263214137231766898, 153.0933122033198686 ) ) ;
#1728 = ORIENTED_EDGE ( 'NONE', *, *, #1326, .F. ) ;
#1729 = DIRECTION ( 'NONE',  ( -1.000000000000000000, 0.000000000000000000, 0.000000000000000000 ) ) ;
#1730 = CARTESIAN_POINT ( 'NONE',  ( 2.272191835612035415, -3.756898662136548772, 218.6475276676753765 ) ) ;
#1731 = VERTEX_POINT ( 'NONE', #2877 ) ;
#1732 = CARTESIAN_POINT ( 'NONE',  ( 3.268353807279314349, -0.3165167269163846053, 147.0000000000000284 ) ) ;
#1733 = DIRECTION ( 'NONE',  ( 1.000000000000000000, 0.000000000000000000, 0.000000000000000000 ) ) ;
#1734 = DIRECTION ( 'NONE',  ( 1.000000000000000000, 0.000000000000000000, 0.000000000000000000 ) ) ;
#1735 = EDGE_CURVE ( 'NONE', #2407, #2492, #950, .T. ) ;
#1736 = CARTESIAN_POINT ( 'NONE',  ( -6.000000000000000888, 0.000000000000000000, 87.00000000000001421 ) ) ;
#1737 = CARTESIAN_POINT ( 'NONE',  ( 2.161379374844677237, -3.251134395093350893, 147.0000000000000853 ) ) ;
#1738 = EDGE_CURVE ( 'NONE', #1536, #1718, #2853, .T. ) ;
#1739 = ORIENTED_EDGE ( 'NONE', *, *, #1520, .T. ) ;
#1740 = LINE ( 'NONE', #2678, #1274 ) ;
#1741 = CARTESIAN_POINT ( 'NONE',  ( 2.272191835612035415, 0.8296952599772654535, 229.0996556893304046 ) ) ;
#1742 = CARTESIAN_POINT ( 'NONE',  ( 1.588609776569340104, -5.786362109407542142, -26.77804121811966453 ) ) ;
#1743 = AXIS2_PLACEMENT_3D ( 'NONE', #1584, #2062, #50 ) ;
#1744 = ORIENTED_EDGE ( 'NONE', *, *, #407, .F. ) ;
#1745 = VERTEX_POINT ( 'NONE', #1405 ) ;
#1746 = FACE_OUTER_BOUND ( 'NONE', #2399, .T. ) ;
#1747 = CARTESIAN_POINT ( 'NONE',  ( -2.272191835612035415, -4.439408996699352628, 157.7954528957560854 ) ) ;
#1748 = AXIS2_PLACEMENT_3D ( 'NONE', #2016, #1787, #2 ) ;
#1749 =( GEOMETRIC_REPRESENTATION_CONTEXT ( 3 ) GLOBAL_UNCERTAINTY_ASSIGNED_CONTEXT ( ( #1424 ) ) GLOBAL_UNIT_ASSIGNED_CONTEXT ( ( #1034, #1938, #1490 ) ) REPRESENTATION_CONTEXT ( 'NONE', 'WORKASPACE' ) );
#1750 = CARTESIAN_POINT ( 'NONE',  ( 0.000000000000000000, 0.01244160262200446135, 12.00000000000000355 ) ) ;
#1751 = LINE ( 'NONE', #2658, #1170 ) ;
#1752 = CARTESIAN_POINT ( 'NONE',  ( 4.582575694955844270, 2.000000000000000000, -27.99999999999999645 ) ) ;
#1753 = ORIENTED_EDGE ( 'NONE', *, *, #1557, .F. ) ;
#1754 = CARTESIAN_POINT ( 'NONE',  ( 0.000000000000000000, 0.000000000000000000, -36.00000000000000000 ) ) ;
#1755 = CARTESIAN_POINT ( 'NONE',  ( -0.6805756679701981948, -3.981458311134271177, 147.0000000000000284 ) ) ;
#1756 = ADVANCED_FACE ( 'NONE', ( #61 ), #2306, .F. ) ;
#1757 = AXIS2_PLACEMENT_3D ( 'NONE', #156, #737, #2307 ) ;
#1758 = ORIENTED_EDGE ( 'NONE', *, *, #1573, .T. ) ;
#1759 = CARTESIAN_POINT ( 'NONE',  ( 2.272191835612035415, -0.7300225008427784212, 221.4880319244022360 ) ) ;
#1760 = CARTESIAN_POINT ( 'NONE',  ( 2.272191835612035415, 4.314171849281058790, 217.1912379750314983 ) ) ;
#1761 = CYLINDRICAL_SURFACE ( 'NONE', #1945, 2.000000000000001776 ) ;
#1762 = ORIENTED_EDGE ( 'NONE', *, *, #2806, .T. ) ;
#1763 = ORIENTED_EDGE ( 'NONE', *, *, #1124, .F. ) ;
#1764 = DIRECTION ( 'NONE',  ( -1.000000000000000000, 0.000000000000000000, 0.000000000000000000 ) ) ;
#1765 = CARTESIAN_POINT ( 'NONE',  ( -2.272191835612035415, -4.254556917136929961, 220.3174989239058732 ) ) ;
#1766 = DIRECTION ( 'NONE',  ( 1.000000000000000000, 0.000000000000000000, 0.000000000000000000 ) ) ;
#1767 = CARTESIAN_POINT ( 'NONE',  ( 1.733503683011271557, 4.690509787480297454, -26.99405318452782510 ) ) ;
#1768 = CARTESIAN_POINT ( 'NONE',  ( -2.000000000000000000, -4.582575694955842494, -27.99999999999999645 ) ) ;
#1769 = CARTESIAN_POINT ( 'NONE',  ( 1.314299576837959727, -2.745758094960569551, 148.4064722591285488 ) ) ;
#1770 = ORIENTED_EDGE ( 'NONE', *, *, #74, .T. ) ;
#1771 = CARTESIAN_POINT ( 'NONE',  ( 4.338640559072482361, -2.558925612422416229, -30.98093659958621515 ) ) ;
#1772 = CARTESIAN_POINT ( 'NONE',  ( -2.272191835612035415, 8.501452067673280766, 203.7509309988729740 ) ) ;
#1773 = FACE_OUTER_BOUND ( 'NONE', #1436, .T. ) ;
#1774 = ORIENTED_EDGE ( 'NONE', *, *, #2904, .T. ) ;
#1775 = EDGE_CURVE ( 'NONE', #807, #881, #718, .T. ) ;
#1776 = CARTESIAN_POINT ( 'NONE',  ( 1.383884868215255803, -2.694239591105939802, 148.3999487541481983 ) ) ;
#1777 = CARTESIAN_POINT ( 'NONE',  ( -5.656854249492380582, 2.000000000000000000, -27.99999999999999645 ) ) ;
#1778 = EDGE_CURVE ( 'NONE', #1292, #2428, #1837, .T. ) ;
#1779 = DIRECTION ( 'NONE',  ( -1.000000000000000000, 0.000000000000000000, 0.000000000000000000 ) ) ;
#1780 = DIRECTION ( 'NONE',  ( 1.000000000000000000, 0.000000000000000000, -0.000000000000000000 ) ) ;
#1781 = CARTESIAN_POINT ( 'NONE',  ( 2.558925612422413121, -4.338640559072483249, -30.98093659958620449 ) ) ;
#1782 = ORIENTED_EDGE ( 'NONE', *, *, #1874, .T. ) ;
#1783 = CARTESIAN_POINT ( 'NONE',  ( 2.000000000000000000, -10.99999999999999289, -27.99999999999999645 ) ) ;
#1784 = B_SPLINE_CURVE_WITH_KNOTS ( 'NONE', 3,
 ( #1362, #293, #2743, #1391, #525, #723, #1596, #928, #1172, #2074, #955, #1187, #2089, #310, #78, #969 ),
 .UNSPECIFIED., .F., .F.,
 ( 4, 2, 2, 2, 2, 2, 2, 4 ),
 ( 0.003160752024440587754, 0.003555230578415711530, 0.003949709132390835306, 0.004344187686365958215, 0.004738666240341082858, 0.005133144794316205767, 0.005527623348291329543, 0.006316580456241577095 ),
 .UNSPECIFIED. ) ;
#1785 = CARTESIAN_POINT ( 'NONE',  ( 0.000000000000000000, 0.000000000000000000, -36.00000000000000000 ) ) ;
#1786 = CARTESIAN_POINT ( 'NONE',  ( -2.272191835612035415, 3.148926033276155945, 226.9028075574364607 ) ) ;
#1787 = DIRECTION ( 'NONE',  ( 0.000000000000000000, -1.000000000000000000, 0.000000000000000000 ) ) ;
#1788 = EDGE_LOOP ( 'NONE', ( #2143, #42, #1666, #1688, #2826, #2635, #2118, #903, #135, #2464, #1762, #1626 ) ) ;
#1789 = CARTESIAN_POINT ( 'NONE',  ( 1.263757036263434275, -2.779595814335176218, 148.4105079922348409 ) ) ;
#1790 = CARTESIAN_POINT ( 'NONE',  ( 2.148093465178428474, 0.1538905927997249179, -25.62934819358747873 ) ) ;
#1791 = EDGE_CURVE ( 'NONE', #1892, #370, #1784, .T. ) ;
#1792 = VERTEX_POINT ( 'NONE', #1806 ) ;
#1793 = CARTESIAN_POINT ( 'NONE',  ( 8.000000000000000000, 0.000000000000000000, 17.00000000000000000 ) ) ;
#1794 = CARTESIAN_POINT ( 'NONE',  ( 2.272191835612035415, 0.4112441055422271785, 150.0545727344471345 ) ) ;
#1795 = CIRCLE ( 'NONE', #817, 5.000000000000000888 ) ;
#1796 = CARTESIAN_POINT ( 'NONE',  ( -1.795018229124381470, -4.666996312148116388, -27.10835482033568766 ) ) ;
#1797 = ORIENTED_EDGE ( 'NONE', *, *, #1520, .F. ) ;
#1798 = CARTESIAN_POINT ( 'NONE',  ( -1.478056350215511294, -2.618855126604942463, 148.3901601992795065 ) ) ;
#1799 = AXIS2_PLACEMENT_3D ( 'NONE', #1324, #1353, #2911 ) ;
#1800 = DIRECTION ( 'NONE',  ( -1.000000000000000000, 0.000000000000000000, 0.000000000000000000 ) ) ;
#1801 = CARTESIAN_POINT ( 'NONE',  ( -2.272191835612035415, 14.48363809428791349, 177.9747990616768334 ) ) ;
#1802 = VECTOR ( 'NONE', #224, 1000.000000000000000 ) ;
#1803 = CARTESIAN_POINT ( 'NONE',  ( 9.319608355999427829, 0.01244160262200560280, 0.000000000000000000 ) ) ;
#1804 = VERTEX_POINT ( 'NONE', #1868 ) ;
#1805 = ORIENTED_EDGE ( 'NONE', *, *, #1343, .T. ) ;
#1806 = CARTESIAN_POINT ( 'NONE',  ( 2.148948431720242080, 0.000000000000000000, -21.99999999999999645 ) ) ;
#1807 = CARTESIAN_POINT ( 'NONE',  ( -2.218693913685938934, -1.347294850110557496, 148.1534282864787713 ) ) ;
#1808 = CARTESIAN_POINT ( 'NONE',  ( 2.272191835612035415, 3.185968063087907254, 231.4470402582689701 ) ) ;
#1809 = DIRECTION ( 'NONE',  ( 0.000000000000000000, 0.000000000000000000, 1.000000000000000000 ) ) ;
#1810 = CARTESIAN_POINT ( 'NONE',  ( 2.272191835612035415, 0.8296952599772654535, 229.0996556893304046 ) ) ;
#1811 = CARTESIAN_POINT ( 'NONE',  ( -10.99999999999999289, 3.499999999999999112, -36.00000000000000000 ) ) ;
#1812 = ADVANCED_FACE ( 'NONE', ( #2757 ), #1852, .T. ) ;
#1813 = EDGE_LOOP ( 'NONE', ( #2721, #2864 ) ) ;
#1814 = FACE_OUTER_BOUND ( 'NONE', #2416, .T. ) ;
#1815 = AXIS2_PLACEMENT_3D ( 'NONE', #2344, #548, #1675 ) ;
#1816 = CARTESIAN_POINT ( 'NONE',  ( -2.148948431720242525, 0.002073186849220758684, -25.62983022195262350 ) ) ;
#1817 = CARTESIAN_POINT ( 'NONE',  ( -2.272191835612035415, -2.014082445578561753, 153.9250128151016384 ) ) ;
#1818 = CARTESIAN_POINT ( 'NONE',  ( 1.506361397436672300, -4.768642826873660923, -26.67803282268874909 ) ) ;
#1819 = ORIENTED_EDGE ( 'NONE', *, *, #79, .T. ) ;
#1820 = DIRECTION ( 'NONE',  ( -0.000000000000000000, 1.000000000000000000, -0.000000000000000000 ) ) ;
#1821 = CARTESIAN_POINT ( 'NONE',  ( -1.136876606837530668, -2.857597109592360685, 148.4198468786462115 ) ) ;
#1822 = CARTESIAN_POINT ( 'NONE',  ( 2.272191835612035415, -0.9177504536702094651, 222.8154879557174297 ) ) ;
#1823 = CIRCLE ( 'NONE', #552, 5.000000000000000888 ) ;
#1824 = FACE_OUTER_BOUND ( 'NONE', #1144, .T. ) ;
#1825 = CARTESIAN_POINT ( 'NONE',  ( 2.272191835612035415, 0.04463310751246191144, 157.5753092049768895 ) ) ;
#1826 = CARTESIAN_POINT ( 'NONE',  ( -1.010327442324679748, -4.902902785771185101, -26.25440302744857490 ) ) ;
#1827 = ORIENTED_EDGE ( 'NONE', *, *, #2495, .F. ) ;
#1828 = CARTESIAN_POINT ( 'NONE',  ( -9.450028458852640989E-14, 5.000000000000412115, -25.99999999999896971 ) ) ;
#1829 = AXIS2_PLACEMENT_3D ( 'NONE', #239, #1809, #2475 ) ;
#1830 = EDGE_CURVE ( 'NONE', #519, #1027, #2712, .T. ) ;
#1831 = ORIENTED_EDGE ( 'NONE', *, *, #1908, .F. ) ;
#1832 = CARTESIAN_POINT ( 'NONE',  ( -10.99999999999999289, 0.000000000000000000, 16.00000000000000000 ) ) ;
#1833 = CARTESIAN_POINT ( 'NONE',  ( -2.272191835612035415, -4.439408996699352628, 157.7954528957560854 ) ) ;
#1834 = EDGE_CURVE ( 'NONE', #277, #698, #249, .T. ) ;
#1835 = CARTESIAN_POINT ( 'NONE',  ( -6.000000000000000888, 7.347880794884120722E-16, 12.00000000000000355 ) ) ;
#1836 = ORIENTED_EDGE ( 'NONE', *, *, #1685, .T. ) ;
#1837 = LINE ( 'NONE', #1140, #2838 ) ;
#1838 = CARTESIAN_POINT ( 'NONE',  ( 1.935393414745305352, 5.679347912006959653, -27.47901766972167081 ) ) ;
#1839 = CARTESIAN_POINT ( 'NONE',  ( 2.272191835612035415, 7.002555342735435673, 164.5342744723551505 ) ) ;
#1840 = CARTESIAN_POINT ( 'NONE',  ( 0.000000000000000000, 0.000000000000000000, -36.00000000000000000 ) ) ;
#1841 = CARTESIAN_POINT ( 'NONE',  ( 2.272191835612035415, 10.43410438308161581, 200.5147630740695774 ) ) ;
#1842 = CARTESIAN_POINT ( 'NONE',  ( 2.272191835612035415, -0.8818805673005841728, 156.3947988082951781 ) ) ;
#1843 = ORIENTED_EDGE ( 'NONE', *, *, #2193, .F. ) ;
#1844 = CARTESIAN_POINT ( 'NONE',  ( -2.348280556900945282, -0.3828271503965640088, 147.0000000000000853 ) ) ;
#1845 = CIRCLE ( 'NONE', #573, 6.000000000000000888 ) ;
#1846 = EDGE_LOOP ( 'NONE', ( #826, #125, #556, #1158 ) ) ;
#1847 = CARTESIAN_POINT ( 'NONE',  ( -2.272191835612036304, -0.7764599185328172615, 147.9999999999638192 ) ) ;
#1848 = EDGE_CURVE ( 'NONE', #2150, #1053, #1941, .T. ) ;
#1849 = CARTESIAN_POINT ( 'NONE',  ( -2.272191835612035415, 0.1357181247047390960, 210.6098248299853708 ) ) ;
#1850 = CARTESIAN_POINT ( 'NONE',  ( 0.000000000000000000, 0.000000000000000000, 16.00000000000000000 ) ) ;
#1851 = ORIENTED_EDGE ( 'NONE', *, *, #1834, .F. ) ;
#1852 = CYLINDRICAL_SURFACE ( 'NONE', #247, 10.99999999999999289 ) ;
#1853 = ADVANCED_FACE ( 'NONE', ( #480 ), #2119, .F. ) ;
#1854 = CARTESIAN_POINT ( 'NONE',  ( 0.5208507034758973475, 5.978756211677892729, -26.06451009932289509 ) ) ;
#1855 = CIRCLE ( 'NONE', #580, 4.132357188805564796 ) ;
#1856 = CARTESIAN_POINT ( 'NONE',  ( -4.610475260416817100, -1.935021379014386200, -27.47755954814665813 ) ) ;
#1857 = VECTOR ( 'NONE', #2758, 1000.000000000000000 ) ;
#1858 = CARTESIAN_POINT ( 'NONE',  ( -2.272191835612035415, 14.80275851229006179, 187.4110696385186827 ) ) ;
#1859 = CARTESIAN_POINT ( 'NONE',  ( 2.272191835612035415, 2.511721819622345642, 155.3343010309499164 ) ) ;
#1860 = FACE_OUTER_BOUND ( 'NONE', #2727, .T. ) ;
#1861 = CARTESIAN_POINT ( 'NONE',  ( 1.321439116278013026, -1.717652743754277234, -25.63530228220569640 ) ) ;
#1862 = CARTESIAN_POINT ( 'NONE',  ( -5.656854249492380582, -1.999999999999999556, -27.73388820092367268 ) ) ;
#1863 = ORIENTED_EDGE ( 'NONE', *, *, #899, .T. ) ;
#1864 = CARTESIAN_POINT ( 'NONE',  ( -4.132357188805564796, 0.000000000000000000, 147.0000000000000284 ) ) ;
#1865 = CARTESIAN_POINT ( 'NONE',  ( 2.272191835612035415, -2.048913145616252596, 160.8351405386610509 ) ) ;
#1866 = CARTESIAN_POINT ( 'NONE',  ( 1.795421129379957570, -4.666836767193485613, -27.10930321654948827 ) ) ;
#1867 = ORIENTED_EDGE ( 'NONE', *, *, #2065, .F. ) ;
#1868 = CARTESIAN_POINT ( 'NONE',  ( 6.000000000000000888, 0.000000000000000000, -37.00000000000000000 ) ) ;
#1869 = DIRECTION ( 'NONE',  ( 1.000000000000000000, 0.000000000000000000, 0.000000000000000000 ) ) ;
#1870 = DIRECTION ( 'NONE',  ( -1.000000000000000000, 0.000000000000000000, 0.000000000000000000 ) ) ;
#1871 = EDGE_CURVE ( 'NONE', #451, #1731, #2346, .T. ) ;
#1872 = DIRECTION ( 'NONE',  ( 0.000000000000000000, 0.000000000000000000, -1.000000000000000000 ) ) ;
#1873 = CARTESIAN_POINT ( 'NONE',  ( -2.272191835612035415, 12.99419172039934622, 203.0665351482014671 ) ) ;
#1874 = EDGE_CURVE ( 'NONE', #1804, #2003, #1036, .T. ) ;
#1875 = CARTESIAN_POINT ( 'NONE',  ( -5.132357188805564796, 6.285324803351642465E-16, 139.1763269807084669 ) ) ;
#1876 = CARTESIAN_POINT ( 'NONE',  ( 0.000000000000000000, 0.000000000000000000, 138.8343068373827975 ) ) ;
#1877 = CARTESIAN_POINT ( 'NONE',  ( 5.966271815802568490, 0.6470201266451253153, -26.10297200332543710 ) ) ;
#1878 = LINE ( 'NONE', #2780, #2746 ) ;
#1879 = CARTESIAN_POINT ( 'NONE',  ( 2.272191835612035415, -2.729437366511529905, 230.6462394845818835 ) ) ;
#1880 = CARTESIAN_POINT ( 'NONE',  ( -0.1319572327695462954, 4.999999999999997335, -26.00000000000000355 ) ) ;
#1881 = ORIENTED_EDGE ( 'NONE', *, *, #518, .F. ) ;
#1882 = CARTESIAN_POINT ( 'NONE',  ( -3.997600702067305001, -3.064488671470529280, -33.67727291450948712 ) ) ;
#1883 = CARTESIAN_POINT ( 'NONE',  ( 1.008749080312655089, 5.919562816259831273, -26.25349750316043895 ) ) ;
#1884 = CARTESIAN_POINT ( 'NONE',  ( 6.000000000001068479, 3.219899006078681600E-13, -25.99999999999679545 ) ) ;
#1885 = B_SPLINE_CURVE_WITH_KNOTS ( 'NONE', 3,
 ( #2539, #786, #1890, #575, #1016, #2373, #1195, #1690, #99, #2571, #327, #355, #316, #2584, #961, #1918, #1004, #516, #1861, #2343, #85, #2791, #2821, #803, #988, #1635, #2598, #2763 ),
 .UNSPECIFIED., .F., .F.,
 ( 4, 2, 2, 2, 2, 2, 2, 2, 2, 2, 2, 2, 2, 4 ),
 ( 0.01175796545141555814, 0.01217779232328130429, 0.01259761919514705043, 0.01343727293887854272, 0.01385709981074428887, 0.01427692668261003328, 0.01469675355447577943, 0.01511658042634152557, 0.01595623417007301786, 0.01679588791380450669, 0.01721571478567025457, 0.01763554165753600245, 0.01805536852940174686, 0.01847519540126749127 ),
 .UNSPECIFIED. ) ;
#1886 = DIRECTION ( 'NONE',  ( -1.000000000000000000, 0.000000000000000000, 0.000000000000000000 ) ) ;
#1887 = CARTESIAN_POINT ( 'NONE',  ( -2.272191835612035415, 0.2789755453529164098, 150.4925353489915381 ) ) ;
#1888 = ADVANCED_FACE ( 'NONE', ( #1256 ), #2034, .T. ) ;
#1889 = FACE_BOUND ( 'NONE', #2723, .T. ) ;
#1890 = CARTESIAN_POINT ( 'NONE',  ( -2.135345563609861941, -0.2796094703519912406, -25.63072484352408509 ) ) ;
#1891 = LINE ( 'NONE', #2141, #640 ) ;
#1892 = VERTEX_POINT ( 'NONE', #2620 ) ;
#1893 = CARTESIAN_POINT ( 'NONE',  ( 4.582575694955842494, 2.000000000000000000, -27.86628071672377516 ) ) ;
#1894 = CIRCLE ( 'NONE', #994, 6.000000000000000888 ) ;
#1895 = CARTESIAN_POINT ( 'NONE',  ( 2.272191835612035415, -4.439408996699352628, 157.7954528957560854 ) ) ;
#1896 = CARTESIAN_POINT ( 'NONE',  ( 0.2516322107765914806, 2.666507887272490329, 146.9999999999999432 ) ) ;
#1897 = STYLED_ITEM ( 'NONE', ( #2259 ), #2242 ) ;
#1898 = VERTEX_POINT ( 'NONE', #1492 ) ;
#1899 = CARTESIAN_POINT ( 'NONE',  ( -10.99999999999999289, 3.499999999999999112, -36.00000000000000000 ) ) ;
#1900 = CARTESIAN_POINT ( 'NONE',  ( 3.499999999999998224, -4.873397172404484223, -36.00000000000000000 ) ) ;
#1901 = CARTESIAN_POINT ( 'NONE',  ( -2.272191835612035415, 10.43410438308161581, 200.5147630740695774 ) ) ;
#1902 = CARTESIAN_POINT ( 'NONE',  ( -2.272191835612035415, -2.259042779011218194, 152.6461477077538689 ) ) ;
#1903 = EDGE_LOOP ( 'NONE', ( #1280, #11, #2010, #690 ) ) ;
#1904 = CIRCLE ( 'NONE', #1708, 1.000000000000000888 ) ;
#1905 = CARTESIAN_POINT ( 'NONE',  ( -1.523568588475035179, 1.703484993483792787, 146.9999999999940314 ) ) ;
#1906 = CARTESIAN_POINT ( 'NONE',  ( 5.966135612255344611, -0.6480166022934609193, -26.10341467295124573 ) ) ;
#1907 = CARTESIAN_POINT ( 'NONE',  ( 4.873397172404480671, -3.500000000000000888, -36.00000000000000000 ) ) ;
#1908 = EDGE_CURVE ( 'NONE', #487, #920, #331, .T. ) ;
#1909 = DIRECTION ( 'NONE',  ( -1.000000000000000000, 0.000000000000000000, 0.000000000000000000 ) ) ;
#1910 = DIRECTION ( 'NONE',  ( 0.000000000000000000, 0.000000000000000000, 1.000000000000000000 ) ) ;
#1911 = ORIENTED_EDGE ( 'NONE', *, *, #1848, .F. ) ;
#1912 = CARTESIAN_POINT ( 'NONE',  ( 1.631476719825168509, -3.624394939091909240, 147.0000000000000284 ) ) ;
#1913 = CARTESIAN_POINT ( 'NONE',  ( 2.272191835612035415, -0.8818805673005841728, 156.3947988082951781 ) ) ;
#1914 = DIRECTION ( 'NONE',  ( 0.000000000000000000, -0.9828721869343218787, 0.1842885350501854425 ) ) ;
#1915 = CARTESIAN_POINT ( 'NONE',  ( -2.272191835612035415, 3.639330061284098417, 156.4501129942188982 ) ) ;
#1916 = VERTEX_POINT ( 'NONE', #92 ) ;
#1917 = CARTESIAN_POINT ( 'NONE',  ( -2.381766034528320031, -0.05926624147601441961, 147.0000000000235048 ) ) ;
#1918 = CARTESIAN_POINT ( 'NONE',  ( 0.2819396633358170479, -2.148739704973678499, -25.63667788684066906 ) ) ;
#1919 = CARTESIAN_POINT ( 'NONE',  ( 0.000000000000000000, 0.000000000000000000, -36.00000000000000000 ) ) ;
#1920 = CLOSED_SHELL ( 'NONE', ( #1700, #4, #373, #1020, #1396, #921, #1143, #2557, #1647, #2776, #1888, #1616, #2459, #269, #626, #774, #2337, #2177, #1812, #287, #918, #682, #369, #336, #2627, #2880, #1415, #2664, #1267, #662, #2868, #7, #233, #2448, #144, #611, #462, #283, #2123, #163, #98, #499, #1756, #2590, #1853, #219, #1251, #2393, #2317, #1663, #2537, #701, #1056, #1540, #986, #2610, #1380, #1947, #1018 ) ) ;
#1921 = CARTESIAN_POINT ( 'NONE',  ( 4.974369599000916686, 0.5220409315327685373, -26.06482018152328806 ) ) ;
#1922 = CARTESIAN_POINT ( 'NONE',  ( 2.483563291669394602, 1.459103253689357782, 146.9999999999999432 ) ) ;
#1923 = EDGE_LOOP ( 'NONE', ( #1284, #478 ) ) ;
#1924 = CARTESIAN_POINT ( 'NONE',  ( 1.033009290887518361, -3.887558380581929818, 146.9999999999999432 ) ) ;
#1925 = CARTESIAN_POINT ( 'NONE',  ( 2.272191835612035415, 1.995044199511702532, 148.5916358444575565 ) ) ;
#1926 = CIRCLE ( 'NONE', #696, 9.000000000000000000 ) ;
#1927 = ORIENTED_EDGE ( 'NONE', *, *, #1163, .F. ) ;
#1928 = B_SPLINE_CURVE_WITH_KNOTS ( 'NONE', 3,
 ( #1643, #1204, #323, #1856, #280, #1657, #2308, #957, #2120, #106, #566, #1189, #295, #2786, #2799, #542 ),
 .UNSPECIFIED., .F., .F.,
 ( 4, 2, 2, 2, 2, 2, 2, 4 ),
 ( 0.000000000000000000, 0.0003950940030550728729, 0.0007901880061101457459, 0.001185282009165218673, 0.001580376012220291492, 0.002370564018330438213, 0.002765658021385513851, 0.003160752024440589489 ),
 .UNSPECIFIED. ) ;
#1929 = CYLINDRICAL_SURFACE ( 'NONE', #302, 9.319608355999427829 ) ;
#1930 = CARTESIAN_POINT ( 'NONE',  ( 2.272191835612035415, -3.645345109230143876, 228.9799407558459166 ) ) ;
#1931 = ORIENTED_EDGE ( 'NONE', *, *, #1289, .F. ) ;
#1932 = CARTESIAN_POINT ( 'NONE',  ( 0.8181563486620433423, 1.804315335906548912, 147.3089412522056136 ) ) ;
#1933 = LINE ( 'NONE', #635, #1161 ) ;
#1934 = DIRECTION ( 'NONE',  ( 0.000000000000000000, 0.000000000000000000, 1.000000000000000000 ) ) ;
#1935 = ORIENTED_EDGE ( 'NONE', *, *, #587, .T. ) ;
#1936 = FACE_OUTER_BOUND ( 'NONE', #292, .T. ) ;
#1937 = DIRECTION ( 'NONE',  ( 1.000000000000000000, 0.000000000000000000, 0.000000000000000000 ) ) ;
#1938 =( NAMED_UNIT ( * ) PLANE_ANGLE_UNIT ( ) SI_UNIT ( $, .RADIAN. ) );
#1939 = ORIENTED_EDGE ( 'NONE', *, *, #1438, .F. ) ;
#1940 = EDGE_CURVE ( 'NONE', #1745, #104, #2523, .T. ) ;
#1941 = CIRCLE ( 'NONE', #1417, 10.99999999999999289 ) ;
#1942 = CARTESIAN_POINT ( 'NONE',  ( -3.063861090723374314, -1.960723004885209564, 147.0000000000001137 ) ) ;
#1943 = CARTESIAN_POINT ( 'NONE',  ( -2.272191835612035415, 1.233873952143233588, 149.0674949044575612 ) ) ;
#1944 = B_SPLINE_CURVE_WITH_KNOTS ( 'NONE', 3,
 ( #2586, #1893, #561, #788, #2793, #2115, #776, #1710, #1019, #117, #1006, #1473, #1921, #1416, #977, #2376 ),
 .UNSPECIFIED., .F., .F.,
 ( 4, 2, 2, 2, 2, 2, 2, 4 ),
 ( 0.000000000000000000, 0.0003950940030550727645, 0.0007901880061101455291, 0.001185282009165218239, 0.001580376012220291058, 0.002370564018330437346, 0.002765658021385512550, 0.003160752024440587754 ),
 .UNSPECIFIED. ) ;
#1945 = AXIS2_PLACEMENT_3D ( 'NONE', #2218, #880, #644 ) ;
#1946 = ORIENTED_EDGE ( 'NONE', *, *, #1534, .T. ) ;
#1947 = ADVANCED_FACE ( 'NONE', ( #981 ), #1134, .F. ) ;
#1948 = CARTESIAN_POINT ( 'NONE',  ( -1.589012114739980053, -5.786255013801848257, -26.77850518166273375 ) ) ;
#1949 = CARTESIAN_POINT ( 'NONE',  ( -2.272191835612035415, -0.7370551986982540882, 162.0573062066339389 ) ) ;
#1950 = ORIENTED_EDGE ( 'NONE', *, *, #1738, .F. ) ;
#1951 = CARTESIAN_POINT ( 'NONE',  ( 1.931300832725100003, 0.7153430525180394239, 147.5554372893552397 ) ) ;
#1952 = PLANE ( 'NONE',  #1543 ) ;
#1953 = CARTESIAN_POINT ( 'NONE',  ( 0.000000000000000000, 0.000000000000000000, 87.20000000000001705 ) ) ;
#1954 = CIRCLE ( 'NONE', #1472, 6.000000000000000888 ) ;
#1955 = ORIENTED_EDGE ( 'NONE', *, *, #2430, .T. ) ;
#1956 = PLANE ( 'NONE',  #2699 ) ;
#1957 = CARTESIAN_POINT ( 'NONE',  ( 1.870156086840949694, -1.556395389936463758, 146.9999999999878639 ) ) ;
#1958 = CARTESIAN_POINT ( 'NONE',  ( -3.144638943035636292, 0.1816954867002665563, 147.0000000000000284 ) ) ;
#1959 = VERTEX_POINT ( 'NONE', #763 ) ;
#1960 = CARTESIAN_POINT ( 'NONE',  ( 2.272191835612035415, -0.4654670895503471573, 226.6511931821869155 ) ) ;
#1961 = CARTESIAN_POINT ( 'NONE',  ( 2.272191835612035415, 3.347641656957026424, 147.8085670361449502 ) ) ;
#1962 = FACE_OUTER_BOUND ( 'NONE', #2082, .T. ) ;
#1963 = CARTESIAN_POINT ( 'NONE',  ( 2.272191835612035415, 4.008712414947216196, 204.4353268495445661 ) ) ;
#1964 = EDGE_CURVE ( 'NONE', #1536, #2810, #1255, .T. ) ;
#1965 = ORIENTED_EDGE ( 'NONE', *, *, #496, .F. ) ;
#1966 = CARTESIAN_POINT ( 'NONE',  ( 2.029725665698450143, 0.4688460507993954529, 147.6265642732268475 ) ) ;
#1967 = CARTESIAN_POINT ( 'NONE',  ( 0.000000000000000000, 0.000000000000000000, 16.00000000000000000 ) ) ;
#1968 = FACE_BOUND ( 'NONE', #911, .T. ) ;
#1969 = EDGE_CURVE ( 'NONE', #1959, #745, #15, .T. ) ;
#1970 = CYLINDRICAL_SURFACE ( 'NONE', #1699, 2.000000000000001776 ) ;
#1971 = CARTESIAN_POINT ( 'NONE',  ( -0.03664610581393813737, -4.051489625321446297, 147.0000000000000284 ) ) ;
#1972 = EDGE_LOOP ( 'NONE', ( #1230, #401, #2291, #1843 ) ) ;
#1973 = CARTESIAN_POINT ( 'NONE',  ( 2.272191835612034971, -1.317608322320911407, 148.8373097922896591 ) ) ;
#1974 = CARTESIAN_POINT ( 'NONE',  ( -2.272191835612035415, 18.67231801718737572, 184.9269470090028733 ) ) ;
#1975 = CARTESIAN_POINT ( 'NONE',  ( 1.322671832446049800, -5.853160693715425467, -26.49419275450522449 ) ) ;
#1976 = DIRECTION ( 'NONE',  ( -0.000000000000000000, -0.000000000000000000, -1.000000000000000000 ) ) ;
#1977 = CARTESIAN_POINT ( 'NONE',  ( 2.272191835612035415, -2.048913145616252596, 160.8351405386610509 ) ) ;
#1978 = CARTESIAN_POINT ( 'NONE',  ( -2.249297345327593511, -0.3980944416035478994, 147.8879141684690524 ) ) ;
#1979 = EDGE_CURVE ( 'NONE', #2040, #1745, #2216, .T. ) ;
#1980 = DIRECTION ( 'NONE',  ( -0.000000000000000000, 0.000000000000000000, -1.000000000000000000 ) ) ;
#1981 = CARTESIAN_POINT ( 'NONE',  ( 1.895890939650593188, 4.626936628639271021, -27.34983147241792167 ) ) ;
#1982 = EDGE_LOOP ( 'NONE', ( #844, #2164, #2890, #2248, #1758, #375 ) ) ;
#1983 = LINE ( 'NONE', #1736, #201 ) ;
#1984 = CARTESIAN_POINT ( 'NONE',  ( 0.2039321994825600004, -2.411102483543122066, 147.0000000000151488 ) ) ;
#1985 = CARTESIAN_POINT ( 'NONE',  ( 2.272191835612035415, 0.02980746607206101115, 218.7543684494687000 ) ) ;
#1986 = CARTESIAN_POINT ( 'NONE',  ( 2.272191835612035415, 17.42309470736656252, 174.4387064699322423 ) ) ;
#1987 = CYLINDRICAL_SURFACE ( 'NONE', #1371, 4.132357188805564796 ) ;
#1988 = AXIS2_PLACEMENT_3D ( 'NONE', #681, #2477, #1116 ) ;
#1989 = VERTEX_POINT ( 'NONE', #2887 ) ;
#1990 = DIRECTION ( 'NONE',  ( -1.000000000000000000, 0.000000000000000000, 0.000000000000000000 ) ) ;
#1991 = CARTESIAN_POINT ( 'NONE',  ( 2.272191835612035415, -3.861181645852904687, 158.6099220482373937 ) ) ;
#1992 = AXIS2_PLACEMENT_3D ( 'NONE', #964, #490, #1181 ) ;
#1993 = DIRECTION ( 'NONE',  ( 1.000000000000000000, 0.000000000000000000, 0.000000000000000000 ) ) ;
#1994 = DIRECTION ( 'NONE',  ( 0.000000000000000000, 0.000000000000000000, 1.000000000000000000 ) ) ;
#1995 = CARTESIAN_POINT ( 'NONE',  ( 4.132357188805564796, 5.060678004204289998E-16, 147.0000000000000284 ) ) ;
#1996 = CARTESIAN_POINT ( 'NONE',  ( -0.6795174571894582183, -2.324637400870423587, 146.9999999999909903 ) ) ;
#1997 = AXIS2_PLACEMENT_3D ( 'NONE', #694, #468, #1779 ) ;
#1998 = CARTESIAN_POINT ( 'NONE',  ( -10.99999999999999289, -3.500000000000000888, -36.00000000000000000 ) ) ;
#1999 = CARTESIAN_POINT ( 'NONE',  ( -2.272191835612035415, 7.002555342735435673, 164.5342744723551505 ) ) ;
#2000 = EDGE_CURVE ( 'NONE', #2150, #2783, #1740, .T. ) ;
#2001 = DIRECTION ( 'NONE',  ( -1.000000000000000000, 0.000000000000000000, 0.000000000000000000 ) ) ;
#2002 = ORIENTED_EDGE ( 'NONE', *, *, #2193, .T. ) ;
#2003 = VERTEX_POINT ( 'NONE', #432 ) ;
#2004 = CARTESIAN_POINT ( 'NONE',  ( -0.5208507034758973475, -5.978756211677892729, -26.06451009932289509 ) ) ;
#2005 = CARTESIAN_POINT ( 'NONE',  ( 2.077681092787147410, 0.5662881811377741270, -25.62803996582937671 ) ) ;
#2006 = AXIS2_PLACEMENT_3D ( 'NONE', #424, #1101, #2008 ) ;
#2007 = DIRECTION ( 'NONE',  ( 1.000000000000000000, -0.000000000000000000, -0.000000000000000000 ) ) ;
#2008 = DIRECTION ( 'NONE',  ( 1.000000000000000000, 0.000000000000000000, 0.000000000000000000 ) ) ;
#2009 = CARTESIAN_POINT ( 'NONE',  ( -1.588394972735534649, -4.741615599777210477, -26.77772121626827584 ) ) ;
#2010 = ORIENTED_EDGE ( 'NONE', *, *, #109, .F. ) ;
#2011 = LINE ( 'NONE', #1502, #862 ) ;
#2012 = CARTESIAN_POINT ( 'NONE',  ( 2.108166732463053972, -1.199152847987652759, 147.0000000000248406 ) ) ;
#2013 = CARTESIAN_POINT ( 'NONE',  ( 2.272191835612035415, -2.014082445578561753, 153.9250128151016384 ) ) ;
#2014 = EDGE_CURVE ( 'NONE', #1027, #487, #1651, .T. ) ;
#2015 = CARTESIAN_POINT ( 'NONE',  ( -2.272191835612035415, 1.806993303116308347, 230.2928596378216639 ) ) ;
#2016 = CARTESIAN_POINT ( 'NONE',  ( 0.7063997273682901534, 0.01244160262200446135, -28.26022638132937814 ) ) ;
#2017 = ORIENTED_EDGE ( 'NONE', *, *, #1871, .F. ) ;
#2018 = CARTESIAN_POINT ( 'NONE',  ( -2.091764537064109586, -1.765918546073416806, 148.2475255201067625 ) ) ;
#2019 = CARTESIAN_POINT ( 'NONE',  ( -0.1388541422953932514, 2.148997252179276174, -25.62303194580988830 ) ) ;
#2020 = CARTESIAN_POINT ( 'NONE',  ( -0.2648661127328561515, 5.995535001991518342, -26.01328571492538799 ) ) ;
#2021 = CARTESIAN_POINT ( 'NONE',  ( 2.272191835612035415, 2.242909545637126190, 225.7447716448249935 ) ) ;
#2022 = CARTESIAN_POINT ( 'NONE',  ( 2.272191835612035415, -2.014082445578561753, 153.9250128151016384 ) ) ;
#2023 = ORIENTED_EDGE ( 'NONE', *, *, #587, .F. ) ;
#2024 = DIRECTION ( 'NONE',  ( 1.000000000000000000, 0.000000000000000000, 0.000000000000000000 ) ) ;
#2025 = DIRECTION ( 'NONE',  ( 0.000000000000000000, 0.9999667786871668795, -0.008151166910998210516 ) ) ;
#2026 = CARTESIAN_POINT ( 'NONE',  ( -2.272191835612035415, -1.874206908896911328, 149.9606233485515361 ) ) ;
#2027 = CARTESIAN_POINT ( 'NONE',  ( 0.5219472507160490826, -5.978642411555453506, -26.06486207838725022 ) ) ;
#2028 = ORIENTED_EDGE ( 'NONE', *, *, #1319, .T. ) ;
#2029 = CARTESIAN_POINT ( 'NONE',  ( 1.131442413167478733, 1.627836948437321407, 147.3420232191753314 ) ) ;
#2030 = CARTESIAN_POINT ( 'NONE',  ( -0.1315959824422937019, -6.000000000000012434, -25.99999999999994316 ) ) ;
#2031 = CARTESIAN_POINT ( 'NONE',  ( 2.272191835612035415, 4.640085566700033581, 210.0066820477350120 ) ) ;
#2032 = EDGE_CURVE ( 'NONE', #167, #832, #2503, .T. ) ;
#2033 = B_SPLINE_CURVE_WITH_KNOTS ( 'NONE', 3,
 ( #1073, #2402, #184, #2225, #1981, #1279, #1767, #383, #2673, #2447, #213, #368, #1264, #1062, #2879, #2659 ),
 .UNSPECIFIED., .F., .F.,
 ( 4, 2, 2, 2, 2, 2, 2, 4 ),
 ( 0.000000000000000000, 0.0003950940030550727645, 0.0007901880061101455291, 0.001185282009165218239, 0.001580376012220291058, 0.002370564018330437346, 0.002765658021385512550, 0.003160752024440587754 ),
 .UNSPECIFIED. ) ;
#2034 = TOROIDAL_SURFACE ( 'NONE', #528, 0.7063997273682901534, 3.000000000000000444 ) ;
#2035 = FACE_BOUND ( 'NONE', #2358, .T. ) ;
#2036 = CARTESIAN_POINT ( 'NONE',  ( 2.272191835612035415, -0.8818805673005841728, 156.3947988082951781 ) ) ;
#2037 = CARTESIAN_POINT ( 'NONE',  ( 2.272191835612035415, 2.164413577240951181, 159.8706774191242914 ) ) ;
#2038 = VERTEX_POINT ( 'NONE', #2663 ) ;
#2039 = DIRECTION ( 'NONE',  ( 1.000000000000000000, 0.000000000000000000, 0.000000000000000000 ) ) ;
#2040 = VERTEX_POINT ( 'NONE', #891 ) ;
#2041 = CARTESIAN_POINT ( 'NONE',  ( -2.148924423283007812, 0.01036758842523980047, -25.62980388639368456 ) ) ;
#2042 = CARTESIAN_POINT ( 'NONE',  ( -2.272191835612035415, 9.230530691343631133, 166.9410745205528315 ) ) ;
#2043 = AXIS2_PLACEMENT_3D ( 'NONE', #1272, #842, #1729 ) ;
#2044 = CARTESIAN_POINT ( 'NONE',  ( -1.222015493781429596, 4.849624186671360526, -26.41145954736878565 ) ) ;
#2045 = VERTEX_POINT ( 'NONE', #2190 ) ;
#2046 = CARTESIAN_POINT ( 'NONE',  ( -0.1223296258445212698, 1.978884201367944184, 147.2786192044478071 ) ) ;
#2047 = B_SPLINE_CURVE_WITH_KNOTS ( 'NONE', 3,
 ( #2058, #1880, #1375, #463, #2261, #246, #1138, #2044, #939, #59, #1403, #2304, #2741, #2754, #953, #31 ),
 .UNSPECIFIED., .F., .F.,
 ( 4, 2, 2, 2, 2, 2, 2, 4 ),
 ( 0.003160752024440587754, 0.003555230578415711530, 0.003949709132390835306, 0.004344187686365958215, 0.004738666240341082858, 0.005133144794316205767, 0.005527623348291329543, 0.006316580456241577095 ),
 .UNSPECIFIED. ) ;
#2048 = CARTESIAN_POINT ( 'NONE',  ( 1.709248366376615147, -2.389531487517354780, 148.3577017510130815 ) ) ;
#2049 = FACE_OUTER_BOUND ( 'NONE', #380, .T. ) ;
#2050 = CARTESIAN_POINT ( 'NONE',  ( -1.733291110847803074, 5.744681837008466907, -26.99373650971420346 ) ) ;
#2051 = CARTESIAN_POINT ( 'NONE',  ( 2.272191835612035415, 0.8263214137231766898, 153.0933122033198686 ) ) ;
#2052 = EDGE_CURVE ( 'NONE', #705, #1027, #1367, .T. ) ;
#2053 = ORIENTED_EDGE ( 'NONE', *, *, #1105, .T. ) ;
#2054 = CARTESIAN_POINT ( 'NONE',  ( -2.050067502040768375, -3.343214583129872519, 146.9999999999999716 ) ) ;
#2055 = ORIENTED_EDGE ( 'NONE', *, *, #22, .F. ) ;
#2056 = CARTESIAN_POINT ( 'NONE',  ( 5.467562202767255464, 2.535398759456071627, -30.85546005043237727 ) ) ;
#2057 = CARTESIAN_POINT ( 'NONE',  ( -2.272191835612035415, -4.544383671224070831, 146.9999999999999716 ) ) ;
#2058 = CARTESIAN_POINT ( 'NONE',  ( -9.450028458852640989E-14, 5.000000000000412115, -25.99999999999896971 ) ) ;
#2059 = ORIENTED_EDGE ( 'NONE', *, *, #1180, .T. ) ;
#2060 = CARTESIAN_POINT ( 'NONE',  ( -3.038752337365557388, -5.204658254173454068, -33.54001246594963703 ) ) ;
#2061 = CARTESIAN_POINT ( 'NONE',  ( -4.690728668786340982, 1.732901819056397619, -26.99307210309572369 ) ) ;
#2062 = DIRECTION ( 'NONE',  ( -0.000000000000000000, -0.000000000000000000, -1.000000000000000000 ) ) ;
#2063 = CARTESIAN_POINT ( 'NONE',  ( 2.272191835612036304, -0.8242178585502369925, 148.0137268031385247 ) ) ;
#2064 = CARTESIAN_POINT ( 'NONE',  ( 2.272191835612035415, 4.544383671224070831, 146.9999999999999716 ) ) ;
#2065 = EDGE_CURVE ( 'NONE', #2682, #1516, #417, .T. ) ;
#2066 = CARTESIAN_POINT ( 'NONE',  ( 3.499999999999998224, -3.570714214271428322, -36.00000000000000000 ) ) ;
#2067 = ORIENTED_EDGE ( 'NONE', *, *, #2086, .T. ) ;
#2068 = CARTESIAN_POINT ( 'NONE',  ( -2.515296236962643484, -2.893155084887937711, 146.9999999999999432 ) ) ;
#2069 = EDGE_CURVE ( 'NONE', #370, #705, #2717, .T. ) ;
#2070 = CARTESIAN_POINT ( 'NONE',  ( -2.256793252858944943, -0.4607302298541037788, 147.9068846755274365 ) ) ;
#2071 = CARTESIAN_POINT ( 'NONE',  ( 2.272191835612035415, -2.281366202476908800, 151.9937724947160973 ) ) ;
#2072 = CARTESIAN_POINT ( 'NONE',  ( -4.338640559072483249, 2.558925612422414897, -30.98093659958621515 ) ) ;
#2073 = ORIENTED_EDGE ( 'NONE', *, *, #1003, .T. ) ;
#2074 = CARTESIAN_POINT ( 'NONE',  ( 4.768642826873662699, -1.506361397436672300, -26.67803282268874554 ) ) ;
#2075 = CARTESIAN_POINT ( 'NONE',  ( 0.000000000000000000, 0.000000000000000000, -37.00000000000000000 ) ) ;
#2076 = CARTESIAN_POINT ( 'NONE',  ( 2.272191835612035415, -2.259042779011218194, 152.6461477077538689 ) ) ;
#2077 = ORIENTED_EDGE ( 'NONE', *, *, #2790, .F. ) ;
#2078 = CARTESIAN_POINT ( 'NONE',  ( -2.272191835612035415, 1.806993303116308347, 230.2928596378216639 ) ) ;
#2079 = CARTESIAN_POINT ( 'NONE',  ( 2.272191835612035415, 13.23374938035294512, 173.5064424249461013 ) ) ;
#2080 = VECTOR ( 'NONE', #228, 1000.000000000000000 ) ;
#2081 = CARTESIAN_POINT ( 'NONE',  ( -0.3080641419925331248, 1.958944807336851612, 147.2819798750872735 ) ) ;
#2082 = EDGE_LOOP ( 'NONE', ( #1132, #1334, #1487, #2077 ) ) ;
#2083 = CARTESIAN_POINT ( 'NONE',  ( -5.725115037038461807, -1.796059244238658481, -27.11054576066073096 ) ) ;
#2084 = DIRECTION ( 'NONE',  ( 0.000000000000000000, 0.000000000000000000, -1.000000000000000000 ) ) ;
#2085 = CARTESIAN_POINT ( 'NONE',  ( 2.272191835612035415, 9.699125146045011192, 194.2820120865196145 ) ) ;
#2086 = EDGE_CURVE ( 'NONE', #2045, #1491, #475, .T. ) ;
#2087 = CARTESIAN_POINT ( 'NONE',  ( 9.450028458852640989E-14, -5.000000000000412115, -25.99999999999896971 ) ) ;
#2088 = ORIENTED_EDGE ( 'NONE', *, *, #194, .T. ) ;
#2089 = CARTESIAN_POINT ( 'NONE',  ( 4.666836767193482061, -1.795421129379957126, -27.10930321654947761 ) ) ;
#2090 = CARTESIAN_POINT ( 'NONE',  ( 0.000000000000000000, 3.185968063087907254, 231.4470402582689701 ) ) ;
#2091 = CIRCLE ( 'NONE', #2137, 0.2000000000000057288 ) ;
#2092 = EDGE_CURVE ( 'NONE', #1718, #1269, #2897, .T. ) ;
#2093 = CARTESIAN_POINT ( 'NONE',  ( 2.272191835612035415, -1.874206908896911328, 149.9606233485515361 ) ) ;
#2094 = CARTESIAN_POINT ( 'NONE',  ( -2.272191835612036304, -0.7764599185328172615, 147.9999999999638192 ) ) ;
#2095 = CARTESIAN_POINT ( 'NONE',  ( -2.272191835612035415, 0.02980746607206101115, 218.7543684494687000 ) ) ;
#2096 = CARTESIAN_POINT ( 'NONE',  ( 0.02537069708087057521, 1.983203861718939587, 147.2779148716685995 ) ) ;
#2097 = DIRECTION ( 'NONE',  ( 1.000000000000000000, 0.000000000000000000, 0.000000000000000000 ) ) ;
#2098 = CARTESIAN_POINT ( 'NONE',  ( -5.656854249492378806, 1.999999999999999556, -27.86677921617292952 ) ) ;
#2099 = AXIS2_PLACEMENT_3D ( 'NONE', #341, #2585, #1238 ) ;
#2100 = CYLINDRICAL_SURFACE ( 'NONE', #906, 9.000000000000000000 ) ;
#2101 = CARTESIAN_POINT ( 'NONE',  ( 2.272191835612035415, -5.672455284644620122, 149.2396048260385157 ) ) ;
#2102 = DIRECTION ( 'NONE',  ( 0.000000000000000000, 0.000000000000000000, 1.000000000000000000 ) ) ;
#2103 = VERTEX_POINT ( 'NONE', #907 ) ;
#2104 = EDGE_CURVE ( 'NONE', #248, #920, #2332, .T. ) ;
#2105 = CARTESIAN_POINT ( 'NONE',  ( 0.000000000000000000, 0.000000000000000000, 16.00000000000000000 ) ) ;
#2106 = DIRECTION ( 'NONE',  ( -0.000000000000000000, 1.000000000000000000, -0.000000000000000000 ) ) ;
#2107 = CARTESIAN_POINT ( 'NONE',  ( -1.414504942859599712, 1.623907441329351942, -25.62469119467335688 ) ) ;
#2108 = CARTESIAN_POINT ( 'NONE',  ( -2.272191835612035415, -0.8818805673005841728, 156.3947988082951781 ) ) ;
#2109 = CARTESIAN_POINT ( 'NONE',  ( -2.272191835612035415, -0.6648215952135517748, 147.7781262688308175 ) ) ;
#2110 =( BOUNDED_SURFACE ( )  B_SPLINE_SURFACE ( 3, 3, ( 
 ( #835, #1527, #2434, #2701, #1366, #498, #1600, #254, #1586, #2036, #1825, #37, #1130, #2254, #24, #2079, #1383, #2269, #1147, #1841, #1160, #664, #1338, #1618, #227, #2521, #67, #1395, #469, #1810, #2506, #456 ),
 ( #2064, #268, #2297, #680, #2490, #2733, #1176, #1794, #959, #240, #2051, #1859, #932, #1556, #710, #901, #695, #2718, #485, #2283, #917, #53, #282, #945, #2747, #727, #2461, #441, #2239, #1115, #2021, #1572 ),
 ( #9, #2476, #1352, #2368, #2817, #351, #83, #570, #1887, #1441, #2122, #1246, #1915, #741, #1206, #769, #2801, #1410, #2761, #1219, #1873, #513, #1671, #2580, #973, #2152, #2328, #2569, #137, #1659, #1026, #544 ),
 ( #2595, #2109, #531, #2775, #2787, #1000, #1902, #334, #124, #1466, #799, #1687, #754, #314, #2536, #1013, #97, #1632, #1453, #2310, #297, #1645, #108, #1192, #2095, #2551, #1426, #555, #2340, #985, #783, #325 ),
 ( #2351, #1233, #2135, #396, #1041, #2609, #857, #1747, #1318, #2850, #1949, #1509, #1525, #1291, #1260, #2182, #2166, #2876, #2196, #2656, #1496, #2398, #648, #1070, #1765, #379, #2863, #2415, #1273, #166, #1703, #634 ),
 ( #872, #1538, #2444, #2432, #422, #830, #1058, #2893, #1991, #1977, #1084, #410, #2384, #179, #1717, #2639, #2671, #1306, #2209, #843, #1963, #193, #2222, #1730, #602, #616, #208, #1930, #2833, #814, #586, #1481 ),
 ( #364, #149, #2624, #1614, #438, #914, #898, #482, #1336, #1598, #2730, #2501, #708, #1839, #225, #20, #2266, #2518, #251, #943, #1570, #2031, #693, #2473, #454, #883, #1822, #2457, #1393, #2745, #1350, #1808 ) ),
 .UNSPECIFIED., .T., .F., .F. ) 
 B_SPLINE_SURFACE_WITH_KNOTS ( ( 4, 3, 4 ),
 ( 4, 2, 2, 2, 2, 2, 2, 2, 2, 2, 2, 2, 2, 2, 2, 4 ),
 ( 0.000000000000000000, 0.5000000000000000000, 1.000000000000000000 ),
 ( 0.000000000000000000, 0.02420654388511447527, 0.04841308777022895055, 0.07261963165534342235, 0.09682617554045790109, 0.1452392633106868447, 0.1936523510809158022, 0.3001097930287718318, 0.4471493322103414769, 0.5941888713919111220, 0.6956416535439333693, 0.7970944356959555055, 0.8478208267719666846, 0.8985472178479777527, 0.9492736089239888209, 1.000000000000000000 ),
 .UNSPECIFIED. ) 
 GEOMETRIC_REPRESENTATION_ITEM ( )  RATIONAL_B_SPLINE_SURFACE ( (
 ( 1.000000000000000000, 1.000000000000000000, 1.000000000000000000, 1.000000000000000000, 1.000000000000000000, 1.000000000000000000, 1.000000000000000000, 1.000000000000000000, 1.000000000000000000, 1.000000000000000000, 1.000000000000000000, 1.000000000000000000, 1.000000000000000000, 1.000000000000000000, 1.000000000000000000, 1.000000000000000000, 1.000000000000000000, 1.000000000000000000, 1.000000000000000000, 1.000000000000000000, 1.000000000000000000, 1.000000000000000000, 1.000000000000000000, 1.000000000000000000, 1.000000000000000000, 1.000000000000000000, 1.000000000000000000, 1.000000000000000000, 1.000000000000000000, 1.000000000000000000, 1.000000000000000000, 1.000000000000000000),
 ( 0.3333333333333333703, 0.3333333333333333703, 0.3333333333333333703, 0.3333333333333333703, 0.3333333333333333703, 0.3333333333333333703, 0.3333333333333333703, 0.3333333333333333703, 0.3333333333333333703, 0.3333333333333333703, 0.3333333333333333703, 0.3333333333333333703, 0.3333333333333333703, 0.3333333333333333703, 0.3333333333333333703, 0.3333333333333333703, 0.3333333333333333703, 0.3333333333333333703, 0.3333333333333333703, 0.3333333333333333703, 0.3333333333333333703, 0.3333333333333333703, 0.3333333333333333703, 0.3333333333333333703, 0.3333333333333333703, 0.3333333333333333703, 0.3333333333333333703, 0.3333333333333333703, 0.3333333333333333703, 0.3333333333333333703, 0.3333333333333333703, 0.3333333333333333703),
 ( 0.3333333333333333703, 0.3333333333333333703, 0.3333333333333333703, 0.3333333333333333703, 0.3333333333333333703, 0.3333333333333333703, 0.3333333333333333703, 0.3333333333333333703, 0.3333333333333333703, 0.3333333333333333703, 0.3333333333333333703, 0.3333333333333333703, 0.3333333333333333703, 0.3333333333333333703, 0.3333333333333333703, 0.3333333333333333703, 0.3333333333333333703, 0.3333333333333333703, 0.3333333333333333703, 0.3333333333333333703, 0.3333333333333333703, 0.3333333333333333703, 0.3333333333333333703, 0.3333333333333333703, 0.3333333333333333703, 0.3333333333333333703, 0.3333333333333333703, 0.3333333333333333703, 0.3333333333333333703, 0.3333333333333333703, 0.3333333333333333703, 0.3333333333333333703),
 ( 1.000000000000000000, 1.000000000000000000, 1.000000000000000000, 1.000000000000000000, 1.000000000000000000, 1.000000000000000000, 1.000000000000000000, 1.000000000000000000, 1.000000000000000000, 1.000000000000000000, 1.000000000000000000, 1.000000000000000000, 1.000000000000000000, 1.000000000000000000, 1.000000000000000000, 1.000000000000000000, 1.000000000000000000, 1.000000000000000000, 1.000000000000000000, 1.000000000000000000, 1.000000000000000000, 1.000000000000000000, 1.000000000000000000, 1.000000000000000000, 1.000000000000000000, 1.000000000000000000, 1.000000000000000000, 1.000000000000000000, 1.000000000000000000, 1.000000000000000000, 1.000000000000000000, 1.000000000000000000),
 ( 0.3333333333333333703, 0.3333333333333333703, 0.3333333333333333703, 0.3333333333333333703, 0.3333333333333333703, 0.3333333333333333703, 0.3333333333333333703, 0.3333333333333333703, 0.3333333333333333703, 0.3333333333333333703, 0.3333333333333333703, 0.3333333333333333703, 0.3333333333333333703, 0.3333333333333333703, 0.3333333333333333703, 0.3333333333333333703, 0.3333333333333333703, 0.3333333333333333703, 0.3333333333333333703, 0.3333333333333333703, 0.3333333333333333703, 0.3333333333333333703, 0.3333333333333333703, 0.3333333333333333703, 0.3333333333333333703, 0.3333333333333333703, 0.3333333333333333703, 0.3333333333333333703, 0.3333333333333333703, 0.3333333333333333703, 0.3333333333333333703, 0.3333333333333333703),
 ( 0.3333333333333333703, 0.3333333333333333703, 0.3333333333333333703, 0.3333333333333333703, 0.3333333333333333703, 0.3333333333333333703, 0.3333333333333333703, 0.3333333333333333703, 0.3333333333333333703, 0.3333333333333333703, 0.3333333333333333703, 0.3333333333333333703, 0.3333333333333333703, 0.3333333333333333703, 0.3333333333333333703, 0.3333333333333333703, 0.3333333333333333703, 0.3333333333333333703, 0.3333333333333333703, 0.3333333333333333703, 0.3333333333333333703, 0.3333333333333333703, 0.3333333333333333703, 0.3333333333333333703, 0.3333333333333333703, 0.3333333333333333703, 0.3333333333333333703, 0.3333333333333333703, 0.3333333333333333703, 0.3333333333333333703, 0.3333333333333333703, 0.3333333333333333703),
 ( 1.000000000000000000, 1.000000000000000000, 1.000000000000000000, 1.000000000000000000, 1.000000000000000000, 1.000000000000000000, 1.000000000000000000, 1.000000000000000000, 1.000000000000000000, 1.000000000000000000, 1.000000000000000000, 1.000000000000000000, 1.000000000000000000, 1.000000000000000000, 1.000000000000000000, 1.000000000000000000, 1.000000000000000000, 1.000000000000000000, 1.000000000000000000, 1.000000000000000000, 1.000000000000000000, 1.000000000000000000, 1.000000000000000000, 1.000000000000000000, 1.000000000000000000, 1.000000000000000000, 1.000000000000000000, 1.000000000000000000, 1.000000000000000000, 1.000000000000000000, 1.000000000000000000, 1.000000000000000000) ) ) 
 REPRESENTATION_ITEM ( '' )  SURFACE ( )  );
#2111 = DIRECTION ( 'NONE',  ( -0.000000000000000000, 1.000000000000000000, -0.000000000000000000 ) ) ;
#2112 = CARTESIAN_POINT ( 'NONE',  ( 5.692648697798869506, -1.896458339444858421, -27.35146709008278521 ) ) ;
#2113 = CARTESIAN_POINT ( 'NONE',  ( 5.656854249492381470, 2.000000000000000000, -27.73388820092367624 ) ) ;
#2114 = ORIENTED_EDGE ( 'NONE', *, *, #1180, .F. ) ;
#2115 = CARTESIAN_POINT ( 'NONE',  ( 4.666996312148115500, 1.795018229124381026, -27.10835482033568411 ) ) ;
#2116 = CARTESIAN_POINT ( 'NONE',  ( -2.272191835612035415, -2.729437366511529905, 230.6462394845818835 ) ) ;
#2117 = PLANE ( 'NONE',  #2180 ) ;
#2118 = ORIENTED_EDGE ( 'NONE', *, *, #865, .T. ) ;
#2119 = PLANE ( 'NONE',  #154 ) ;
#2120 = CARTESIAN_POINT ( 'NONE',  ( -4.769051553390146303, -1.505059495803465763, -26.67657602296361929 ) ) ;
#2121 = DIRECTION ( 'NONE',  ( -0.000000000000000000, -0.000000000000000000, -1.000000000000000000 ) ) ;
#2122 = CARTESIAN_POINT ( 'NONE',  ( -2.272191835612035415, 0.8263214137231766898, 153.0933122033198686 ) ) ;
#2123 = ADVANCED_FACE ( 'NONE', ( #2288 ), #504, .F. ) ;
#2124 = CARTESIAN_POINT ( 'NONE',  ( -1.900118951988115201, 1.292310195543597828, 147.0000000000059401 ) ) ;
#2125 = CARTESIAN_POINT ( 'NONE',  ( 5.875503469642308296, -1.230444255528082342, -26.40216524516188201 ) ) ;
#2126 = CARTESIAN_POINT ( 'NONE',  ( 0.000000000000000000, -10.99999999999999289, -27.99999999999999645 ) ) ;
#2127 = AXIS2_PLACEMENT_3D ( 'NONE', #878, #2084, #1800 ) ;
#2128 = ORIENTED_EDGE ( 'NONE', *, *, #2389, .F. ) ;
#2129 = AXIS2_PLACEMENT_3D ( 'NONE', #805, #520, #578 ) ;
#2130 = CARTESIAN_POINT ( 'NONE',  ( -2.912791317174561190, 0.7865805135563078698, 147.0000000000001137 ) ) ;
#2131 = VERTEX_POINT ( 'NONE', #949 ) ;
#2132 = CARTESIAN_POINT ( 'NONE',  ( -4.338640559072483249, -2.558925612422414009, -30.98093659958620449 ) ) ;
#2133 = CARTESIAN_POINT ( 'NONE',  ( 2.272191835612035415, -2.088808792393198388, 150.6512859668306703 ) ) ;
#2134 = CARTESIAN_POINT ( 'NONE',  ( -2.272191835612035415, 3.185968063087907254, 231.4470402582689701 ) ) ;
#2135 = CARTESIAN_POINT ( 'NONE',  ( -2.272191835612035415, -5.672455284644620122, 149.2396048260385157 ) ) ;
#2136 = ORIENTED_EDGE ( 'NONE', *, *, #1611, .T. ) ;
#2137 = AXIS2_PLACEMENT_3D ( 'NONE', #52, #1351, #916 ) ;
#2138 = CARTESIAN_POINT ( 'NONE',  ( -1.235196375103967403, 2.417550253285978279, 147.0000000000001137 ) ) ;
#2139 = EDGE_CURVE ( 'NONE', #2161, #683, #1547, .T. ) ;
#2140 = CARTESIAN_POINT ( 'NONE',  ( 5.656854249492378806, -1.999999999999999556, -27.86677921617292952 ) ) ;
#2141 = CARTESIAN_POINT ( 'NONE',  ( -3.500000000000000888, -10.99999999999999289, -36.00000000000000000 ) ) ;
#2142 = EDGE_CURVE ( 'NONE', #277, #384, #2410, .T. ) ;
#2143 = ORIENTED_EDGE ( 'NONE', *, *, #846, .F. ) ;
#2144 = DIRECTION ( 'NONE',  ( 1.000000000000000000, 0.000000000000000000, 0.000000000000000000 ) ) ;
#2145 = CARTESIAN_POINT ( 'NONE',  ( 3.029715309754828390, 0.5218078931057097414, 147.0000000000000568 ) ) ;
#2146 = EDGE_LOOP ( 'NONE', ( #923, #1235, #729, #2563 ) ) ;
#2147 = CARTESIAN_POINT ( 'NONE',  ( -2.883664298063782105, -2.353331524147874720, 147.0000000000001137 ) ) ;
#2148 = CARTESIAN_POINT ( 'NONE',  ( 2.272191835612035415, 2.242909545637126190, 225.7447716448249935 ) ) ;
#2149 = CIRCLE ( 'NONE', #2333, 6.000000000000000888 ) ;
#2150 = VERTEX_POINT ( 'NONE', #1832 ) ;
#2151 = DIRECTION ( 'NONE',  ( -1.000000000000000000, 0.000000000000000000, 0.000000000000000000 ) ) ;
#2152 = CARTESIAN_POINT ( 'NONE',  ( -2.272191835612035415, 3.230942120522906968, 219.2275199715886913 ) ) ;
#2153 = ORIENTED_EDGE ( 'NONE', *, *, #2484, .F. ) ;
#2154 = CARTESIAN_POINT ( 'NONE',  ( 2.057896125676380361, 0.4264505938066273649, 147.6377660604821074 ) ) ;
#2155 = CARTESIAN_POINT ( 'NONE',  ( 0.000000000000000000, 0.000000000000000000, 139.1763269807084669 ) ) ;
#2156 = CARTESIAN_POINT ( 'NONE',  ( 5.853160693715425467, 1.322671832446049800, -26.49419275450522449 ) ) ;
#2157 = EDGE_CURVE ( 'NONE', #1164, #2515, #2884, .T. ) ;
#2158 = AXIS2_PLACEMENT_3D ( 'NONE', #195, #2199, #1766 ) ;
#2159 = CARTESIAN_POINT ( 'NONE',  ( 5.000000000000000888, 0.000000000000000000, -37.00001199999999812 ) ) ;
#2160 = EDGE_CURVE ( 'NONE', #2510, #431, #670, .T. ) ;
#2161 = VERTEX_POINT ( 'NONE', #2751 ) ;
#2162 = CARTESIAN_POINT ( 'NONE',  ( -3.234007159775571960, -1.329609557877047488, 147.0000000000000568 ) ) ;
#2163 = CARTESIAN_POINT ( 'NONE',  ( 2.272191835612035415, -0.4654670895503471573, 226.6511931821869155 ) ) ;
#2164 = ORIENTED_EDGE ( 'NONE', *, *, #1307, .F. ) ;
#2165 = LINE ( 'NONE', #2181, #1145 ) ;
#2166 = CARTESIAN_POINT ( 'NONE',  ( -2.272191835612035415, 11.54418148120926091, 181.5108916534213961 ) ) ;
#2167 = EDGE_LOOP ( 'NONE', ( #1048, #940, #1001, #637 ) ) ;
#2168 = CARTESIAN_POINT ( 'NONE',  ( 0.5905394223728294145, 2.197395861688051344, 146.9999999999909335 ) ) ;
#2169 = DIRECTION ( 'NONE',  ( -1.000000000000000000, 0.000000000000000000, 0.000000000000000000 ) ) ;
#2170 = PLANE ( 'NONE',  #2715 ) ;
#2171 = FACE_OUTER_BOUND ( 'NONE', #612, .T. ) ;
#2172 = DIRECTION ( 'NONE',  ( -0.000000000000000000, -0.000000000000000000, -1.000000000000000000 ) ) ;
#2173 = FACE_BOUND ( 'NONE', #472, .T. ) ;
#2174 = ORIENTED_EDGE ( 'NONE', *, *, #2669, .F. ) ;
#2175 = VECTOR ( 'NONE', #691, 1000.000000000000000 ) ;
#2176 = CARTESIAN_POINT ( 'NONE',  ( 0.000000000000000000, 0.000000000000000000, 17.00000000000000000 ) ) ;
#2177 = ADVANCED_FACE ( 'NONE', ( #2511 ), #1401, .T. ) ;
#2178 = CARTESIAN_POINT ( 'NONE',  ( 2.272191835612035415, -0.7851678150460874583, 225.3963435946056393 ) ) ;
#2179 = ORIENTED_EDGE ( 'NONE', *, *, #2445, .F. ) ;
#2180 = AXIS2_PLACEMENT_3D ( 'NONE', #539, #790, #1007 ) ;
#2181 = CARTESIAN_POINT ( 'NONE',  ( 2.000000000000000000, -10.99999999999999289, -27.99999999999999645 ) ) ;
#2182 = CARTESIAN_POINT ( 'NONE',  ( -2.272191835612035415, 10.93578560618904305, 177.5187179150780423 ) ) ;
#2183 = ORIENTED_EDGE ( 'NONE', *, *, #194, .F. ) ;
#2184 = CARTESIAN_POINT ( 'NONE',  ( 3.300092116906665485, -0.7524049038320347327, 146.9999999999999716 ) ) ;
#2185 = CARTESIAN_POINT ( 'NONE',  ( 0.000000000000000000, 0.000000000000000000, -37.00001199999999812 ) ) ;
#2186 = PLANE ( 'NONE',  #1296 ) ;
#2187 = AXIS2_PLACEMENT_3D ( 'NONE', #615, #378, #2383 ) ;
#2188 = DIRECTION ( 'NONE',  ( -1.000000000000000000, 8.881784197001252323E-16, 0.000000000000000000 ) ) ;
#2189 = CARTESIAN_POINT ( 'NONE',  ( 0.7539723700353344604, -3.031679694348915710, 148.4393644543192181 ) ) ;
#2190 = CARTESIAN_POINT ( 'NONE',  ( -5.000000000000000888, 6.123233995736766282E-16, -21.99999999999999645 ) ) ;
#2191 = CARTESIAN_POINT ( 'NONE',  ( -2.272191835612035415, 3.879562078637672329, 147.4523361962503714 ) ) ;
#2192 = CARTESIAN_POINT ( 'NONE',  ( 1.220984774029102882, -5.875475981279620896, -26.41065575134738097 ) ) ;
#2193 = EDGE_CURVE ( 'NONE', #895, #2843, #474, .T. ) ;
#2194 = CIRCLE ( 'NONE', #2006, 8.300000000000000711 ) ;
#2195 = CARTESIAN_POINT ( 'NONE',  ( -6.000000000000000888, 7.347880794884120722E-16, -37.00000000000000000 ) ) ;
#2196 = CARTESIAN_POINT ( 'NONE',  ( -2.272191835612035415, 9.699125146045011192, 194.2820120865196145 ) ) ;
#2197 = ORIENTED_EDGE ( 'NONE', *, *, #2740, .T. ) ;
#2198 = CARTESIAN_POINT ( 'NONE',  ( 2.171828862445505770, -1.054256731488080856, 146.9999999999999716 ) ) ;
#2199 = DIRECTION ( 'NONE',  ( -0.000000000000000000, -0.000000000000000000, -1.000000000000000000 ) ) ;
#2200 = DIRECTION ( 'NONE',  ( -0.000000000000000000, -0.000000000000000000, 1.000000000000000000 ) ) ;
#2201 = CARTESIAN_POINT ( 'NONE',  ( 0.000000000000000000, 0.000000000000000000, -21.99999999999999645 ) ) ;
#2202 = CARTESIAN_POINT ( 'NONE',  ( 0.6437219200030963595, -2.334700584983780747, 147.0000000000122498 ) ) ;
#2203 = CARTESIAN_POINT ( 'NONE',  ( 2.272191835612035415, 14.48363809428791349, 177.9747990616768334 ) ) ;
#2204 = CARTESIAN_POINT ( 'NONE',  ( 2.272191835612035415, 7.512225481430180096, 160.0158472295749732 ) ) ;
#2205 = CARTESIAN_POINT ( 'NONE',  ( 3.219899006078681600E-13, -6.000000000001068479, -25.99999999999679545 ) ) ;
#2206 = ORIENTED_EDGE ( 'NONE', *, *, #252, .F. ) ;
#2207 = CARTESIAN_POINT ( 'NONE',  ( -1.230444255528082342, -5.875503469642308296, -26.40216524516188201 ) ) ;
#2208 = CIRCLE ( 'NONE', #257, 4.132357188805564796 ) ;
#2209 = CARTESIAN_POINT ( 'NONE',  ( 2.272191835612035415, 9.699125146045011192, 194.2820120865196145 ) ) ;
#2210 = DIRECTION ( 'NONE',  ( -1.000000000000000000, 0.000000000000000000, 0.000000000000000000 ) ) ;
#2211 = DIRECTION ( 'NONE',  ( 0.9828721869343219897, 0.000000000000000000, 0.1842885350501851649 ) ) ;
#2212 = EDGE_CURVE ( 'NONE', #2576, #1745, #21, .T. ) ;
#2213 = CARTESIAN_POINT ( 'NONE',  ( -5.204658254173455845, -3.038752337365554723, -33.54001246594962282 ) ) ;
#2214 = CARTESIAN_POINT ( 'NONE',  ( 1.779111852972751873, -1.659658875585082738, 147.0000000000000853 ) ) ;
#2215 = VERTEX_POINT ( 'NONE', #1578 ) ;
#2216 = LINE ( 'NONE', #1998, #997 ) ;
#2217 = CARTESIAN_POINT ( 'NONE',  ( -2.272191835612035415, 9.144453008695327512, 209.4035392654846817 ) ) ;
#2218 = CARTESIAN_POINT ( 'NONE',  ( -10.99999999999999289, 0.000000000000000000, -27.99999999999999645 ) ) ;
#2219 = VECTOR ( 'NONE', #2326, 1000.000000000000000 ) ;
#2220 = EDGE_LOOP ( 'NONE', ( #689, #1946, #2742, #393, #1692, #2256, #2206, #2363, #2059, #444, #1457, #1369 ) ) ;
#2221 = CARTESIAN_POINT ( 'NONE',  ( -4.768642826873660923, 1.506361397436672300, -26.67803282268874909 ) ) ;
#2222 = CARTESIAN_POINT ( 'NONE',  ( 2.272191835612035415, -1.792446065618919615, 213.7491161415829879 ) ) ;
#2223 = VECTOR ( 'NONE', #2601, 1000.000000000000000 ) ;
#2224 = DIRECTION ( 'NONE',  ( 1.000000000000000000, 0.000000000000000000, 0.000000000000000000 ) ) ;
#2225 = CARTESIAN_POINT ( 'NONE',  ( 1.935021379014385978, 4.610475260416817100, -27.47755954814666168 ) ) ;
#2226 = PRODUCT_CONTEXT ( 'NONE', #2405, 'mechanical' ) ;
#2227 = EDGE_CURVE ( 'NONE', #2810, #2531, #529, .T. ) ;
#2228 = CARTESIAN_POINT ( 'NONE',  ( -1.935021379014386200, -4.610475260416817989, -27.47755954814666168 ) ) ;
#2229 = CARTESIAN_POINT ( 'NONE',  ( -4.873397172404484223, 3.499999999999999112, -36.00000000000000000 ) ) ;
#2230 = CIRCLE ( 'NONE', #1565, 4.132357188805564796 ) ;
#2231 = CARTESIAN_POINT ( 'NONE',  ( 1.238662904335336989, -3.813042988009558876, 147.0000000000000853 ) ) ;
#2232 = DIRECTION ( 'NONE',  ( 0.000000000000000000, 0.000000000000000000, 1.000000000000000000 ) ) ;
#2233 = CARTESIAN_POINT ( 'NONE',  ( -2.272191835612035415, 10.43410438308161581, 200.5147630740695774 ) ) ;
#2234 = CARTESIAN_POINT ( 'NONE',  ( 0.1314190259346204037, -5.999999999999987566, -26.00000000000003197 ) ) ;
#2235 = VERTEX_POINT ( 'NONE', #2543 ) ;
#2236 = CARTESIAN_POINT ( 'NONE',  ( -3.500000000000000888, -4.873397172404482447, -36.00000000000000000 ) ) ;
#2237 = CARTESIAN_POINT ( 'NONE',  ( 0.2799688311156615095, 2.148850394478814874, -25.62303240957193751 ) ) ;
#2238 = CARTESIAN_POINT ( 'NONE',  ( -1.005504201904590111, 5.916162871740164420, -26.26628137834067900 ) ) ;
#2239 = CARTESIAN_POINT ( 'NONE',  ( 2.272191835612035415, 1.798503187410832149, 222.6561468797919190 ) ) ;
#2240 = CARTESIAN_POINT ( 'NONE',  ( 9.450028458852640989E-14, -5.000000000000412115, -25.99999999999896971 ) ) ;
#2241 = ORIENTED_EDGE ( 'NONE', *, *, #2790, .T. ) ;
#2242 = MANIFOLD_SOLID_BREP ( 'Redondeo4', #1920 ) ;
#2243 = CARTESIAN_POINT ( 'NONE',  ( 1.033009290855257944, -3.887558380450343964, 146.9999999999999716 ) ) ;
#2244 = EDGE_CURVE ( 'NONE', #1959, #2582, #549, .T. ) ;
#2245 = DIRECTION ( 'NONE',  ( -1.000000000000000000, 0.000000000000000000, 0.000000000000000000 ) ) ;
#2246 = CARTESIAN_POINT ( 'NONE',  ( -2.272191835612035415, 11.54418148120926091, 181.5108916534213961 ) ) ;
#2247 = EDGE_CURVE ( 'NONE', #1511, #807, #2360, .T. ) ;
#2248 = ORIENTED_EDGE ( 'NONE', *, *, #1217, .F. ) ;
#2249 = CARTESIAN_POINT ( 'NONE',  ( 0.5251308354026800185, 1.911627597767903808, 147.2900169208339491 ) ) ;
#2250 = CARTESIAN_POINT ( 'NONE',  ( -4.974214383558138941, 0.5233331742002490516, -26.06521930429859779 ) ) ;
#2251 = CARTESIAN_POINT ( 'NONE',  ( -0.6889267034175357018, 2.040344367763263556, -25.62337509676257596 ) ) ;
#2252 = ORIENTED_EDGE ( 'NONE', *, *, #1778, .T. ) ;
#2253 = CARTESIAN_POINT ( 'NONE',  ( 2.262888381446511499, -1.016374361652610192, 148.0672158949786024 ) ) ;
#2254 = CARTESIAN_POINT ( 'NONE',  ( 2.272191835612035415, 7.002555342735435673, 164.5342744723551505 ) ) ;
#2255 = CARTESIAN_POINT ( 'NONE',  ( 0.000000000000000000, 0.01244160262200446135, 12.00000000000000355 ) ) ;
#2256 = ORIENTED_EDGE ( 'NONE', *, *, #2369, .T. ) ;
#2257 = CARTESIAN_POINT ( 'NONE',  ( -1.317680394888604223, -2.040808456229284751, 146.9999999999822080 ) ) ;
#2258 = ORIENTED_EDGE ( 'NONE', *, *, #2719, .T. ) ;
#2259 = PRESENTATION_STYLE_ASSIGNMENT (( #1373 ) ) ;
#2260 = CARTESIAN_POINT ( 'NONE',  ( -2.272191835612035415, -0.7370551986982540882, 162.0573062066339389 ) ) ;
#2261 = CARTESIAN_POINT ( 'NONE',  ( -0.6488066176157314402, 4.959259341915168484, -26.10356126549764255 ) ) ;
#2262 = ORIENTED_EDGE ( 'NONE', *, *, #109, .T. ) ;
#2263 = EDGE_CURVE ( 'NONE', #713, #2625, #1654, .T. ) ;
#2264 = CARTESIAN_POINT ( 'NONE',  ( -1.955278975160637867, 0.6363019210242870649, 147.5791506484673334 ) ) ;
#2265 = CARTESIAN_POINT ( 'NONE',  ( -1.608193057735858522, -2.497911325538219263, 148.3735127292152356 ) ) ;
#2266 = CARTESIAN_POINT ( 'NONE',  ( 2.272191835612035415, 14.48363809428791349, 177.9747990616768334 ) ) ;
#2267 = AXIS2_PLACEMENT_3D ( 'NONE', #2176, #1330, #671 ) ;
#2268 = CARTESIAN_POINT ( 'NONE',  ( -0.5219472507160490826, 5.978642411555453506, -26.06486207838725022 ) ) ;
#2269 = CARTESIAN_POINT ( 'NONE',  ( 2.272191835612035415, 14.80275851229006179, 187.4110696385186827 ) ) ;
#2270 = MECHANICAL_DESIGN_GEOMETRIC_PRESENTATION_REPRESENTATION (  '', ( #1897 ), #1323 ) ;
#2271 = CARTESIAN_POINT ( 'NONE',  ( 2.272191835612035415, 0.02980746607206101115, 218.7543684494687000 ) ) ;
#2272 = ORIENTED_EDGE ( 'NONE', *, *, #2353, .F. ) ;
#2273 = CARTESIAN_POINT ( 'NONE',  ( -1.089637726448714927, -2.884549022088622738, 148.4230954113929499 ) ) ;
#2274 = DIRECTION ( 'NONE',  ( 0.000000000000000000, 0.9828721869343218787, 0.1842885350501852759 ) ) ;
#2275 = CARTESIAN_POINT ( 'NONE',  ( -2.272191835612035415, 2.164413577240951181, 159.8706774191242914 ) ) ;
#2276 = CARTESIAN_POINT ( 'NONE',  ( 1.732901819056397619, -4.690728668786340982, -26.99307210309572369 ) ) ;
#2277 = ORIENTED_EDGE ( 'NONE', *, *, #646, .F. ) ;
#2278 = CARTESIAN_POINT ( 'NONE',  ( 0.03913393283152567792, 1.982532088335857701, 147.2780213391665427 ) ) ;
#2279 = CYLINDRICAL_SURFACE ( 'NONE', #775, 6.000000000000000888 ) ;
#2280 = CARTESIAN_POINT ( 'NONE',  ( 1.927256924221945278, 0.9609177715958147070, -25.62678938301601050 ) ) ;
#2281 = EDGE_CURVE ( 'NONE', #1704, #2045, #329, .T. ) ;
#2282 = CARTESIAN_POINT ( 'NONE',  ( -2.000000000000000000, 5.656854249492381470, -27.73388820092367624 ) ) ;
#2283 = CARTESIAN_POINT ( 'NONE',  ( 2.272191835612035415, 14.91060060335716564, 199.6216808065288717 ) ) ;
#2284 = CARTESIAN_POINT ( 'NONE',  ( 2.272191835612035415, 10.43410438308161581, 200.5147630740695774 ) ) ;
#2285 = ORIENTED_EDGE ( 'NONE', *, *, #2032, .F. ) ;
#2286 = CARTESIAN_POINT ( 'NONE',  ( -3.135117753799308904, -1.752338951666158273, 147.0000000000000284 ) ) ;
#2287 = ADVANCED_BREP_SHAPE_REPRESENTATION ( 'SensorPh', ( #2242, #1799 ), #1749 ) ;
#2288 = FACE_OUTER_BOUND ( 'NONE', #821, .T. ) ;
#2289 = CARTESIAN_POINT ( 'NONE',  ( 2.272191835612035415, -1.874206908896911328, 149.9606233485515361 ) ) ;
#2290 = CARTESIAN_POINT ( 'NONE',  ( 1.588193072881927792, -4.741679757418556740, -26.77750449190890691 ) ) ;
#2291 = ORIENTED_EDGE ( 'NONE', *, *, #2885, .T. ) ;
#2292 = CARTESIAN_POINT ( 'NONE',  ( -1.032581448230190935, 1.690837619543290593, 147.3298807719530146 ) ) ;
#2293 = FACE_OUTER_BOUND ( 'NONE', #2220, .T. ) ;
#2294 = CARTESIAN_POINT ( 'NONE',  ( 1.073433497970408101, 1.866956058893983972, -25.62392289886725649 ) ) ;
#2295 = AXIS2_PLACEMENT_3D ( 'NONE', #1876, #2778, #533 ) ;
#2296 = DIRECTION ( 'NONE',  ( 1.000000000000000000, -0.000000000000000000, -0.000000000000000000 ) ) ;
#2297 = CARTESIAN_POINT ( 'NONE',  ( 2.272191835612035415, 3.347641656957026424, 147.8085670361449502 ) ) ;
#2298 = CARTESIAN_POINT ( 'NONE',  ( -0.3989003057706596578, 2.650770852236284281, 146.9999999999999432 ) ) ;
#2299 = EDGE_CURVE ( 'NONE', #2783, #2525, #338, .T. ) ;
#2300 = ORIENTED_EDGE ( 'NONE', *, *, #535, .F. ) ;
#2301 = CARTESIAN_POINT ( 'NONE',  ( -5.853160693715426355, -1.322671832446050022, -26.49419275450523514 ) ) ;
#2302 = DIRECTION ( 'NONE',  ( -0.000000000000000000, -0.000000000000000000, -1.000000000000000000 ) ) ;
#2303 = CARTESIAN_POINT ( 'NONE',  ( 2.272191835612035415, -3.861181645852904687, 158.6099220482373937 ) ) ;
#2304 = CARTESIAN_POINT ( 'NONE',  ( -1.732901819056397619, 4.690728668786340982, -26.99307210309571659 ) ) ;
#2305 = EDGE_LOOP ( 'NONE', ( #91, #2067 ) ) ;
#2306 = PLANE ( 'NONE',  #2454 ) ;
#2307 = DIRECTION ( 'NONE',  ( 1.000000000000000000, 0.000000000000000000, 0.000000000000000000 ) ) ;
#2308 = CARTESIAN_POINT ( 'NONE',  ( -4.690509787480299231, -1.733503683011272001, -26.99405318452783931 ) ) ;
#2309 = CARTESIAN_POINT ( 'NONE',  ( -2.272191835612035415, -0.9177504536702094651, 222.8154879557174297 ) ) ;
#2310 = CARTESIAN_POINT ( 'NONE',  ( -2.272191835612035415, 10.43410438308161581, 200.5147630740695774 ) ) ;
#2311 = CIRCLE ( 'NONE', #430, 5.000000000000000888 ) ;
#2312 =( BOUNDED_CURVE ( )  B_SPLINE_CURVE ( 3, ( #2617, #970, #62, #595 ),
 .UNSPECIFIED., .F., .T. ) 
 B_SPLINE_CURVE_WITH_KNOTS ( ( 4, 4 ),
 ( 4.089562394972686477, 4.372552070930567858 ),
 .UNSPECIFIED. ) 
 CURVE ( )  GEOMETRIC_REPRESENTATION_ITEM ( )  RATIONAL_B_SPLINE_CURVE ( ( 1.000000000000000000, 0.9933375304027626251, 0.9933375304027626251, 1.000000000000000000 ) ) 
 REPRESENTATION_ITEM ( '' )  );
#2313 = CARTESIAN_POINT ( 'NONE',  ( -0.4719011216586924129, 1.925603891142004143, 147.2875292509549183 ) ) ;
#2314 = CARTESIAN_POINT ( 'NONE',  ( 5.661560759235100271, -1.986824135384557710, -27.73599220966960388 ) ) ;
#2315 = FACE_OUTER_BOUND ( 'NONE', #1355, .T. ) ;
#2316 = AXIS2_PLACEMENT_3D ( 'NONE', #259, #2025, #746 ) ;
#2317 = ADVANCED_FACE ( 'NONE', ( #1936 ), #1223, .F. ) ;
#2318 = EDGE_LOOP ( 'NONE', ( #1867, #55, #2262, #70 ) ) ;
#2319 = DIRECTION ( 'NONE',  ( -0.000000000000000000, -0.000000000000000000, -1.000000000000000000 ) ) ;
#2320 = CARTESIAN_POINT ( 'NONE',  ( 2.272191835612035415, -5.409991511642607165, 155.9528132947739607 ) ) ;
#2321 = CARTESIAN_POINT ( 'NONE',  ( 0.000000000000000000, 0.000000000000000000, -25.99999999999999645 ) ) ;
#2322 = ORIENTED_EDGE ( 'NONE', *, *, #933, .F. ) ;
#2323 = CARTESIAN_POINT ( 'NONE',  ( -0.8938878366866511715, 1.768133318892755712, 147.3155403746872025 ) ) ;
#2324 = CARTESIAN_POINT ( 'NONE',  ( -3.500000000000000888, 3.570714214271425657, -36.00000000000000000 ) ) ;
#2325 = AXIS2_PLACEMENT_3D ( 'NONE', #1793, #2535, #96 ) ;
#2326 = DIRECTION ( 'NONE',  ( -0.000000000000000000, 1.000000000000000000, -0.000000000000000000 ) ) ;
#2327 = FACE_OUTER_BOUND ( 'NONE', #1200, .T. ) ;
#2328 = CARTESIAN_POINT ( 'NONE',  ( -2.272191835612035415, 2.785508063867182305, 220.1120347632095786 ) ) ;
#2329 = CYLINDRICAL_SURFACE ( 'NONE', #200, 5.000000000000000888 ) ;
#2330 = DIRECTION ( 'NONE',  ( -0.000000000000000000, 1.000000000000000000, -0.000000000000000000 ) ) ;
#2331 = EDGE_LOOP ( 'NONE', ( #993, #1431, #1448, #2508 ) ) ;
#2332 =( BOUNDED_CURVE ( )  B_SPLINE_CURVE ( 3, ( #232, #2056, #1623, #1344 ),
 .UNSPECIFIED., .F., .T. ) 
 B_SPLINE_CURVE_WITH_KNOTS ( ( 4, 4 ),
 ( 1.910633236249018374, 2.193622912206899311 ),
 .UNSPECIFIED. ) 
 CURVE ( )  GEOMETRIC_REPRESENTATION_ITEM ( )  RATIONAL_B_SPLINE_CURVE ( ( 1.000000000000000000, 0.9933375304027626251, 0.9933375304027626251, 1.000000000000000000 ) ) 
 REPRESENTATION_ITEM ( '' )  );
#2333 = AXIS2_PLACEMENT_3D ( 'NONE', #772, #989, #534 ) ;
#2334 = CARTESIAN_POINT ( 'NONE',  ( -2.272191835612035415, 5.957608162806065089, 201.4078453416102832 ) ) ;
#2335 = VERTEX_POINT ( 'NONE', #88 ) ;
#2336 = DIRECTION ( 'NONE',  ( 1.000000000000000000, 0.000000000000000000, 0.000000000000000000 ) ) ;
#2337 = ADVANCED_FACE ( 'NONE', ( #1432 ), #2100, .T. ) ;
#2338 = CARTESIAN_POINT ( 'NONE',  ( 0.000000000000000000, 0.000000000000000000, -37.00000000000000000 ) ) ;
#2339 = CARTESIAN_POINT ( 'NONE',  ( 2.000000000000000000, -5.656854249492380582, -27.99999999999999645 ) ) ;
#2340 = CARTESIAN_POINT ( 'NONE',  ( -2.272191835612035415, -0.4654670895503471573, 226.6511931821869155 ) ) ;
#2341 = CIRCLE ( 'NONE', #44, 5.000000000000000888 ) ;
#2342 = CARTESIAN_POINT ( 'NONE',  ( -2.091445270081916163, 0.9826930891989756889, 146.9999999999939462 ) ) ;
#2343 = CARTESIAN_POINT ( 'NONE',  ( 1.618698581247290935, -1.420363508490599669, -25.63435472227088141 ) ) ;
#2344 = CARTESIAN_POINT ( 'NONE',  ( 0.000000000000000000, 0.000000000000000000, -37.00000000000000000 ) ) ;
#2345 = FACE_OUTER_BOUND ( 'NONE', #2318, .T. ) ;
#2346 = B_SPLINE_CURVE_WITH_KNOTS ( 'NONE', 3,
 ( #2813, #2797, #2381, #322, #582, #1697, #1477, #2605, #827, #105, #1912, #1242, #1924, #780, #346, #551, #1680, #2395, #2591, #376, #565, #119, #1227, #2364, #2827, #2347, #2147, #1942, #808, #2162, #361, #146, #1461, #133 ),
 .UNSPECIFIED., .F., .F.,
 ( 4, 2, 2, 2, 2, 2, 2, 2, 2, 2, 2, 2, 2, 2, 2, 2, 4 ),
 ( 0.001511155478931660093, 0.002166867252927963134, 0.002822579026924266175, 0.003478290800920569650, 0.004134002574916872258, 0.004789714348913175733, 0.005445426122909479208, 0.006101137896905781816, 0.006756849670902085291, 0.007412561444898388766, 0.008068273218894691373, 0.008723984992890995716, 0.009379696766887298323, 0.01003540854088360093, 0.01069112031487990354, 0.01134683208887620788, 0.01200254386287251049 ),
 .UNSPECIFIED. ) ;
#2347 = CARTESIAN_POINT ( 'NONE',  ( -2.774318735830979321, -2.540001842144475663, 147.0000000000000000 ) ) ;
#2348 = CARTESIAN_POINT ( 'NONE',  ( -1.073767457850699714, 1.866676815384985977, -25.62392378174908814 ) ) ;
#2349 = EDGE_CURVE ( 'NONE', #1316, #1892, #1944, .T. ) ;
#2350 = CARTESIAN_POINT ( 'NONE',  ( -2.272191835612035415, -0.7851678150460874583, 225.3963435946056393 ) ) ;
#2351 = CARTESIAN_POINT ( 'NONE',  ( -2.272191835612035415, -4.544383671224070831, 146.9999999999999716 ) ) ;
#2352 = ORIENTED_EDGE ( 'NONE', *, *, #496, .T. ) ;
#2353 = EDGE_CURVE ( 'NONE', #1792, #2335, #767, .T. ) ;
#2354 = CARTESIAN_POINT ( 'NONE',  ( -1.349059975336705408, 1.457933412146625862, 147.3766331078970779 ) ) ;
#2355 = CARTESIAN_POINT ( 'NONE',  ( 8.500000000000000000, 0.000000000000000000, 127.0000000000000000 ) ) ;
#2356 = CARTESIAN_POINT ( 'NONE',  ( 5.656854249492380582, 2.000000000000000000, -27.99999999999999645 ) ) ;
#2357 = TOROIDAL_SURFACE ( 'NONE', #1226, 8.300000000000000711, 0.2000000000000000111 ) ;
#2358 = EDGE_LOOP ( 'NONE', ( #1171, #1797 ) ) ;
#2359 = DIRECTION ( 'NONE',  ( -1.000000000000000000, 0.000000000000000000, 0.000000000000000000 ) ) ;
#2360 = CIRCLE ( 'NONE', #1044, 6.000000000000000888 ) ;
#2361 = ORIENTED_EDGE ( 'NONE', *, *, #1166, .T. ) ;
#2362 = CARTESIAN_POINT ( 'NONE',  ( 1.855928285048971782, 2.059510287273982332, 146.9999999999999147 ) ) ;
#2363 = ORIENTED_EDGE ( 'NONE', *, *, #1343, .F. ) ;
#2364 = CARTESIAN_POINT ( 'NONE',  ( -2.370110740096253554, -3.053516674644462192, 147.0000000000000000 ) ) ;
#2365 = CARTESIAN_POINT ( 'NONE',  ( 2.272191835612035415, 0.6024315281768862773, 217.3487172603578017 ) ) ;
#2366 = ORIENTED_EDGE ( 'NONE', *, *, #1630, .F. ) ;
#2367 = CARTESIAN_POINT ( 'NONE',  ( 0.000000000000000000, 0.000000000000000000, -37.00000000000000000 ) ) ;
#2368 = CARTESIAN_POINT ( 'NONE',  ( -2.272191835612035415, 2.409013150198885178, 148.3774207801014313 ) ) ;
#2369 = EDGE_CURVE ( 'NONE', #1916, #2731, #1878, .T. ) ;
#2370 = ORIENTED_EDGE ( 'NONE', *, *, #2212, .F. ) ;
#2371 = VECTOR ( 'NONE', #2296, 1000.000000000000000 ) ;
#2372 = CARTESIAN_POINT ( 'NONE',  ( 2.227804417238075985, -0.1673365801739557790, 147.8168037576271558 ) ) ;
#2373 = CARTESIAN_POINT ( 'NONE',  ( -1.878600307692239513, -1.080365593888777509, -25.63327154007466291 ) ) ;
#2374 = DIRECTION ( 'NONE',  ( 1.000000000000000000, 0.000000000000000000, 0.000000000000000000 ) ) ;
#2375 = EDGE_CURVE ( 'NONE', #1151, #243, #1594, .T. ) ;
#2376 = CARTESIAN_POINT ( 'NONE',  ( 5.000000000000412115, -9.450028417493610361E-14, -25.99999999999896971 ) ) ;
#2377 = CARTESIAN_POINT ( 'NONE',  ( -3.500000000000000888, -10.99999999999999289, -36.00000000000000000 ) ) ;
#2378 = CARTESIAN_POINT ( 'NONE',  ( -3.231382463906050440, -0.2466164358180717997, 147.0000000000000284 ) ) ;
#2379 = CIRCLE ( 'NONE', #1301, 8.000000000000000000 ) ;
#2380 = EDGE_LOOP ( 'NONE', ( #762, #2704, #345, #1275 ) ) ;
#2381 = CARTESIAN_POINT ( 'NONE',  ( 3.174163175471698572, -1.613113173418662116, 147.0000000000000568 ) ) ;
#2382 = CARTESIAN_POINT ( 'NONE',  ( 2.272191835612035415, 14.91060060335716564, 199.6216808065288717 ) ) ;
#2383 = DIRECTION ( 'NONE',  ( 1.000000000000000000, 0.000000000000000000, 0.000000000000000000 ) ) ;
#2384 = CARTESIAN_POINT ( 'NONE',  ( 2.272191835612035415, 3.074258690965611773, 165.5224156063182761 ) ) ;
#2385 = ORIENTED_EDGE ( 'NONE', *, *, #607, .T. ) ;
#2386 = CARTESIAN_POINT ( 'NONE',  ( 1.115216933330793081, 1.987767302134408220, 147.0000000000275406 ) ) ;
#2387 = PLANE ( 'NONE',  #2818 ) ;
#2388 = CARTESIAN_POINT ( 'NONE',  ( 6.000000000000000888, 0.000000000000000000, -37.00000000000000000 ) ) ;
#2389 = EDGE_CURVE ( 'NONE', #2807, #1722, #1312, .T. ) ;
#2390 = CARTESIAN_POINT ( 'NONE',  ( 10.99999999999999289, 1.347111479062087616E-15, 0.000000000000000000 ) ) ;
#2391 = CARTESIAN_POINT ( 'NONE',  ( 8.500000000000000000, 1.040949779275250140E-15, 127.0000000000000000 ) ) ;
#2392 = CARTESIAN_POINT ( 'NONE',  ( -3.002012163131962730, 0.5898064272320149293, 146.9999999999999716 ) ) ;
#2393 = ADVANCED_FACE ( 'NONE', ( #2345 ), #1970, .F. ) ;
#2394 = ORIENTED_EDGE ( 'NONE', *, *, #1449, .F. ) ;
#2395 = CARTESIAN_POINT ( 'NONE',  ( -0.6805756680206132003, -3.981458311763024671, 146.9999999999999716 ) ) ;
#2396 = CARTESIAN_POINT ( 'NONE',  ( 2.272191835612035415, 10.13950599795173524, 162.4459030013681797 ) ) ;
#2397 = DIRECTION ( 'NONE',  ( -0.000000000000000000, -0.000000000000000000, -1.000000000000000000 ) ) ;
#2398 = CARTESIAN_POINT ( 'NONE',  ( -2.272191835612035415, 0.1357181247047390960, 210.6098248299853708 ) ) ;
#2399 = EDGE_LOOP ( 'NONE', ( #229, #1567, #927, #1931 ) ) ;
#2400 = CARTESIAN_POINT ( 'NONE',  ( 1.493742618271555189, 2.290565554226026368, 146.9999999999998579 ) ) ;
#2401 = FACE_OUTER_BOUND ( 'NONE', #2167, .T. ) ;
#2402 = CARTESIAN_POINT ( 'NONE',  ( 2.000000000000000000, 4.582575694955842494, -27.86628071672377516 ) ) ;
#2403 = FACE_OUTER_BOUND ( 'NONE', #2305, .T. ) ;
#2404 = CARTESIAN_POINT ( 'NONE',  ( 3.174163176017321675, -1.613113173586322668, 147.0000000000000853 ) ) ;
#2405 = APPLICATION_CONTEXT ( 'automotive_design' ) ;
#2406 = EDGE_CURVE ( 'NONE', #1603, #659, #198, .T. ) ;
#2407 = VERTEX_POINT ( 'NONE', #2435 ) ;
#2408 = VECTOR ( 'NONE', #1553, 1000.000000000000227 ) ;
#2409 = CARTESIAN_POINT ( 'NONE',  ( 2.148912415320150870, 0.01244160262200445441, -25.62979730129358913 ) ) ;
#2410 =( BOUNDED_CURVE ( )  B_SPLINE_CURVE ( 3, ( #732, #685, #1637, #73 ),
 .UNSPECIFIED., .F., .F. ) 
 B_SPLINE_CURVE_WITH_KNOTS ( ( 4, 4 ),
 ( 3.936991483773937262, 4.300872134317201834 ),
 .UNSPECIFIED. ) 
 CURVE ( )  GEOMETRIC_REPRESENTATION_ITEM ( )  RATIONAL_B_SPLINE_CURVE ( ( 1.000000000000000000, 0.9889963102553599450, 0.9889963102553599450, 1.000000000000000000 ) ) 
 REPRESENTATION_ITEM ( '' )  );
#2411 = CARTESIAN_POINT ( 'NONE',  ( 2.272191835612035415, 9.144453008695327512, 209.4035392654846817 ) ) ;
#2412 = VECTOR ( 'NONE', #428, 1000.000000000000000 ) ;
#2413 = VECTOR ( 'NONE', #118, 1000.000000000000000 ) ;
#2414 = CARTESIAN_POINT ( 'NONE',  ( -1.986824135384557710, -5.661560759235100271, -27.73599220966960388 ) ) ;
#2415 = CARTESIAN_POINT ( 'NONE',  ( -2.272191835612035415, -3.645345109230143876, 228.9799407558459166 ) ) ;
#2416 = EDGE_LOOP ( 'NONE', ( #1505, #397, #1782, #1935, #2596, #1770, #1805, #1560, #1494, #439, #132, #2619 ) ) ;
#2417 = CARTESIAN_POINT ( 'NONE',  ( 0.6843395096756529350, 1.860067343318529742, 147.2988490333752907 ) ) ;
#2418 = DIRECTION ( 'NONE',  ( -1.000000000000000000, 0.000000000000000000, 0.000000000000000000 ) ) ;
#2419 = CARTESIAN_POINT ( 'NONE',  ( -6.000000000001068479, -3.212551123474245490E-13, -25.99999999999679545 ) ) ;
#2420 = CIRCLE ( 'NONE', #214, 9.319608355999427829 ) ;
#2421 = EDGE_LOOP ( 'NONE', ( #2272, #2881 ) ) ;
#2422 = FACE_BOUND ( 'NONE', #2421, .T. ) ;
#2423 = CARTESIAN_POINT ( 'NONE',  ( -0.4977726768571766880, -3.103846702505102861, 148.4469441626404205 ) ) ;
#2424 = ORIENTED_EDGE ( 'NONE', *, *, #2065, .T. ) ;
#2425 = CARTESIAN_POINT ( 'NONE',  ( 2.272191835612035415, -0.9177504536702094651, 222.8154879557174297 ) ) ;
#2426 = CARTESIAN_POINT ( 'NONE',  ( 2.272191835612035415, 3.879562078637672329, 147.4523361962503714 ) ) ;
#2427 = CARTESIAN_POINT ( 'NONE',  ( 0.000000000000000000, -10.99999999999999289, -27.99999999999999645 ) ) ;
#2428 = VERTEX_POINT ( 'NONE', #2675 ) ;
#2429 = ORIENTED_EDGE ( 'NONE', *, *, #479, .T. ) ;
#2430 = EDGE_CURVE ( 'NONE', #1898, #1528, #111, .T. ) ;
#2431 = DIRECTION ( 'NONE',  ( -0.000000000000000000, -0.000000000000000000, -1.000000000000000000 ) ) ;
#2432 = CARTESIAN_POINT ( 'NONE',  ( 2.272191835612035415, -6.157426967992707389, 151.5438259170016408 ) ) ;
#2433 = DIRECTION ( 'NONE',  ( -0.000000000000000000, 1.000000000000000000, -0.000000000000000000 ) ) ;
#2434 = CARTESIAN_POINT ( 'NONE',  ( 2.272191835612035415, -1.162406813843796849, 148.5240859310917187 ) ) ;
#2435 = CARTESIAN_POINT ( 'NONE',  ( 9.319608355999427829, 0.01244160262200560280, 12.00000000000000355 ) ) ;
#2436 = CARTESIAN_POINT ( 'NONE',  ( 1.285537906136183350, -2.061212044768783613, 147.0000000000244427 ) ) ;
#2437 = VECTOR ( 'NONE', #1208, 1000.000000000000227 ) ;
#2438 = ORIENTED_EDGE ( 'NONE', *, *, #515, .F. ) ;
#2439 = DIRECTION ( 'NONE',  ( -1.000000000000000000, 1.776356839400250465E-15, 0.000000000000000000 ) ) ;
#2440 = CARTESIAN_POINT ( 'NONE',  ( -2.272191835612035415, 2.782632458531028451E-16, 147.0000000000000284 ) ) ;
#2441 = DIRECTION ( 'NONE',  ( -0.000000000000000000, 1.000000000000000000, -0.000000000000000000 ) ) ;
#2442 = EDGE_LOOP ( 'NONE', ( #2689, #2589, #262, #1965 ) ) ;
#2443 = CARTESIAN_POINT ( 'NONE',  ( 0.8684438717989905188, -2.987994731431218298, 148.4346295940519838 ) ) ;
#2444 = CARTESIAN_POINT ( 'NONE',  ( 2.272191835612035415, -5.672455284644620122, 149.2396048260385157 ) ) ;
#2445 = EDGE_CURVE ( 'NONE', #2593, #749, #1983, .T. ) ;
#2446 = FACE_OUTER_BOUND ( 'NONE', #1982, .T. ) ;
#2447 = CARTESIAN_POINT ( 'NONE',  ( 1.231208478031237341, 4.849778644724782595, -26.40289445582459749 ) ) ;
#2448 = ADVANCED_FACE ( 'NONE', ( #2422, #2403 ), #654, .T. ) ;
#2449 = DIRECTION ( 'NONE',  ( -1.000000000000000000, 1.224646799147353207E-16, 0.000000000000000000 ) ) ;
#2450 = CARTESIAN_POINT ( 'NONE',  ( 2.133578462370454343, -1.656214936997192133, 148.2245418058386122 ) ) ;
#2451 = DIRECTION ( 'NONE',  ( 1.000000000000000000, -0.000000000000000000, -0.000000000000000000 ) ) ;
#2452 = CARTESIAN_POINT ( 'NONE',  ( -2.272191835612035415, 3.230942120522906968, 219.2275199715886913 ) ) ;
#2453 = DIRECTION ( 'NONE',  ( 0.9828721869343219897, 0.000000000000000000, 0.1842885350501851649 ) ) ;
#2454 = AXIS2_PLACEMENT_3D ( 'NONE', #941, #494, #750 ) ;
#2455 = VERTEX_POINT ( 'NONE', #836 ) ;
#2456 = CARTESIAN_POINT ( 'NONE',  ( 2.229357368267338213, -1.352600333137740085, 148.1572556893360968 ) ) ;
#2457 = CARTESIAN_POINT ( 'NONE',  ( 2.272191835612035415, -0.7851678150460874583, 225.3963435946056393 ) ) ;
#2458 = CIRCLE ( 'NONE', #1185, 1.000000000000000000 ) ;
#2459 = ADVANCED_FACE ( 'NONE', ( #2882 ), #1723, .T. ) ;
#2460 = CARTESIAN_POINT ( 'NONE',  ( -1.322671832446049800, 5.853160693715425467, -26.49419275450522449 ) ) ;
#2461 = CARTESIAN_POINT ( 'NONE',  ( 2.272191835612035415, 2.785508063867182305, 220.1120347632095786 ) ) ;
#2462 = CARTESIAN_POINT ( 'NONE',  ( -1.895890939650593632, -4.626936628639271021, -27.34983147241792878 ) ) ;
#2463 = EDGE_CURVE ( 'NONE', #1292, #888, #426, .T. ) ;
#2464 = ORIENTED_EDGE ( 'NONE', *, *, #755, .T. ) ;
#2465 = AXIS2_PLACEMENT_3D ( 'NONE', #23, #944, #253 ) ;
#2466 = CARTESIAN_POINT ( 'NONE',  ( 0.9026409674392115168, -2.974538282359963759, 148.4332367362291052 ) ) ;
#2467 = CARTESIAN_POINT ( 'NONE',  ( 2.272191835612035415, 3.185968063087907254, 231.4470402582689701 ) ) ;
#2468 = CARTESIAN_POINT ( 'NONE',  ( -2.272191835612035415, 1.817105334859558274, 164.4070538072986380 ) ) ;
#2469 = CARTESIAN_POINT ( 'NONE',  ( 0.000000000000000000, 0.000000000000000000, 17.00000000000000000 ) ) ;
#2470 = ORIENTED_EDGE ( 'NONE', *, *, #2846, .T. ) ;
#2471 = CARTESIAN_POINT ( 'NONE',  ( -2.000000000000000000, -4.582575694955842494, -27.99999999999999645 ) ) ;
#2472 = CARTESIAN_POINT ( 'NONE',  ( -2.272191835618376121, -0.9198925618801289117, 148.0412260592057692 ) ) ;
#2473 = CARTESIAN_POINT ( 'NONE',  ( 2.272191835612035415, 0.6024315281768862773, 217.3487172603578017 ) ) ;
#2474 = AXIS2_PLACEMENT_3D ( 'NONE', #100, #1444, #1017 ) ;
#2475 = DIRECTION ( 'NONE',  ( 1.000000000000000000, 0.000000000000000000, -0.000000000000000000 ) ) ;
#2476 = CARTESIAN_POINT ( 'NONE',  ( -2.272191835612035415, 3.879562078637672329, 147.4523361962503714 ) ) ;
#2477 = DIRECTION ( 'NONE',  ( 0.000000000000000000, 0.000000000000000000, 1.000000000000000000 ) ) ;
#2478 = ORIENTED_EDGE ( 'NONE', *, *, #2212, .T. ) ;
#2479 = CARTESIAN_POINT ( 'NONE',  ( -1.716185813933515325, -1.725708337379286972, 146.9999999999999432 ) ) ;
#2480 = EDGE_CURVE ( 'NONE', #416, #2891, #1558, .T. ) ;
#2481 = ORIENTED_EDGE ( 'NONE', *, *, #1202, .T. ) ;
#2482 = CARTESIAN_POINT ( 'NONE',  ( 0.000000000000000000, 0.000000000000000000, 16.00000000000000000 ) ) ;
#2483 = CARTESIAN_POINT ( 'NONE',  ( -2.272191835612035415, -5.796606357097052076, 154.9200500849745765 ) ) ;
#2484 = EDGE_CURVE ( 'NONE', #197, #2576, #1795, .T. ) ;
#2485 = CARTESIAN_POINT ( 'NONE',  ( 1.006871895346926671, -4.898814714331438225, -26.26708580043669627 ) ) ;
#2486 = ORIENTED_EDGE ( 'NONE', *, *, #2577, .T. ) ;
#2487 = CARTESIAN_POINT ( 'NONE',  ( 0.000000000000000000, 0.000000000000000000, 16.00000000000000000 ) ) ;
#2488 = CARTESIAN_POINT ( 'NONE',  ( -1.264114131619445747, -2.779474060541322178, 148.4105964982028638 ) ) ;
#2489 = CARTESIAN_POINT ( 'NONE',  ( -0.6470201266451253153, 5.966271815802568490, -26.10297200332543710 ) ) ;
#2490 = CARTESIAN_POINT ( 'NONE',  ( 2.272191835612035415, 1.995044199511702532, 148.5916358444575565 ) ) ;
#2491 = DIRECTION ( 'NONE',  ( -1.000000000000000000, 0.000000000000000000, 0.000000000000000000 ) ) ;
#2492 = VERTEX_POINT ( 'NONE', #155 ) ;
#2493 = CARTESIAN_POINT ( 'NONE',  ( -2.200686284705739570, -1.033573626715234894, 147.0000000000000284 ) ) ;
#2494 = DIRECTION ( 'NONE',  ( 0.000000000000000000, -0.1842885350501852759, 0.9828721869343218787 ) ) ;
#2495 = EDGE_CURVE ( 'NONE', #2235, #2040, #2541, .T. ) ;
#2496 = CARTESIAN_POINT ( 'NONE',  ( -2.272191835612035415, -0.7851678150460874583, 225.3963435946056393 ) ) ;
#2497 = CARTESIAN_POINT ( 'NONE',  ( -3.500000000000000888, -3.570714214271425657, -36.00000000000000000 ) ) ;
#2498 = VERTEX_POINT ( 'NONE', #2229 ) ;
#2499 = CARTESIAN_POINT ( 'NONE',  ( -2.535398759456073847, -5.467562202767254576, -30.85546005043238438 ) ) ;
#2500 = CARTESIAN_POINT ( 'NONE',  ( -4.741679757418556740, 1.588193072881927792, -26.77750449190890691 ) ) ;
#2501 = CARTESIAN_POINT ( 'NONE',  ( 2.272191835612035415, 2.164413577240951181, 159.8706774191242914 ) ) ;
#2502 = AXIS2_PLACEMENT_3D ( 'NONE', #2707, #2274, #2494 ) ;
#2503 = B_SPLINE_CURVE_WITH_KNOTS ( 'NONE', 3,
 ( #1726, #866, #1300, #1531, #2409 ),
 .UNSPECIFIED., .F., .F.,
 ( 4, 1, 4 ),
 ( 0.005039486646602668249, 0.005045621815144361866, 0.005051756983686055483 ),
 .UNSPECIFIED. ) ;
#2504 = AXIS2_PLACEMENT_3D ( 'NONE', #2633, #1076, #2449 ) ;
#2505 = CARTESIAN_POINT ( 'NONE',  ( -3.219899006078681600E-13, 6.000000000001068479, -25.99999999999679545 ) ) ;
#2506 = CARTESIAN_POINT ( 'NONE',  ( 2.272191835612035415, 1.806993303116308347, 230.2928596378216639 ) ) ;
#2507 = CARTESIAN_POINT ( 'NONE',  ( -2.000000000000000000, -4.582575694955842494, -27.99999999999999645 ) ) ;
#2508 = ORIENTED_EDGE ( 'NONE', *, *, #2263, .T. ) ;
#2509 = CARTESIAN_POINT ( 'NONE',  ( -1.966055458148382451, -2.027451087601377822, 148.2978688102085414 ) ) ;
#2510 = VERTEX_POINT ( 'NONE', #1103 ) ;
#2511 = FACE_OUTER_BOUND ( 'NONE', #1464, .T. ) ;
#2512 = CARTESIAN_POINT ( 'NONE',  ( 2.272191835612035415, -3.756898662136548772, 218.6475276676753765 ) ) ;
#2513 = VECTOR ( 'NONE', #2676, 1000.000000000000000 ) ;
#2514 = DIRECTION ( 'NONE',  ( 1.000000000000000000, -0.000000000000000000, -0.000000000000000000 ) ) ;
#2515 = VERTEX_POINT ( 'NONE', #1529 ) ;
#2516 = CARTESIAN_POINT ( 'NONE',  ( -0.4381404491004255441, 1.933025134745250284, 147.2863618055464485 ) ) ;
#2517 = CARTESIAN_POINT ( 'NONE',  ( 1.734186987360517573, 5.744414859531554285, -26.99520918351894139 ) ) ;
#2518 = CARTESIAN_POINT ( 'NONE',  ( 2.272191835612035415, 14.80275851229006179, 187.4110696385186827 ) ) ;
#2519 = EDGE_CURVE ( 'NONE', #1316, #248, #2011, .T. ) ;
#2520 = FACE_OUTER_BOUND ( 'NONE', #51, .T. ) ;
#2521 = CARTESIAN_POINT ( 'NONE',  ( 2.272191835612035415, -0.7300225008427784212, 221.4880319244022360 ) ) ;
#2522 = EDGE_CURVE ( 'NONE', #745, #2103, #1049, .T. ) ;
#2523 =( BOUNDED_CURVE ( )  B_SPLINE_CURVE ( 3, ( #1215, #1882, #2132, #2784 ),
 .UNSPECIFIED., .F., .F. ) 
 B_SPLINE_CURVE_WITH_KNOTS ( ( 4, 4 ),
 ( 3.936991483773937262, 4.300872134317201834 ),
 .UNSPECIFIED. ) 
 CURVE ( )  GEOMETRIC_REPRESENTATION_ITEM ( )  RATIONAL_B_SPLINE_CURVE ( ( 1.000000000000000000, 0.9889963102553599450, 0.9889963102553599450, 1.000000000000000000 ) ) 
 REPRESENTATION_ITEM ( '' )  );
#2524 = CARTESIAN_POINT ( 'NONE',  ( -1.031649958393885402, 2.498335908978899234, 147.0000000000000853 ) ) ;
#2525 = VERTEX_POINT ( 'NONE', #2390 ) ;
#2526 = CARTESIAN_POINT ( 'NONE',  ( -5.916162871740166196, -1.005504201904590111, -26.26628137834068610 ) ) ;
#2527 = ORIENTED_EDGE ( 'NONE', *, *, #2299, .F. ) ;
#2528 = CARTESIAN_POINT ( 'NONE',  ( -2.272191835609237653, -0.7131570765619180685, 147.9818052107380879 ) ) ;
#2529 = CARTESIAN_POINT ( 'NONE',  ( 2.272191835612035415, 1.371077060595493391, 234.8409476308183343 ) ) ;
#2530 = CYLINDRICAL_SURFACE ( 'NONE', #2558, 2.148948431720242080 ) ;
#2531 = VERTEX_POINT ( 'NONE', #1265 ) ;
#2532 = CARTESIAN_POINT ( 'NONE',  ( -1.626049463782734739, 1.165311349712876421, 147.4424617514516171 ) ) ;
#2533 = CARTESIAN_POINT ( 'NONE',  ( 1.230444255528082342, 5.875503469642308296, -26.40216524516188201 ) ) ;
#2534 = CARTESIAN_POINT ( 'NONE',  ( 2.272191835612035415, -2.281366202476908800, 151.9937724947160973 ) ) ;
#2535 = DIRECTION ( 'NONE',  ( 0.000000000000000000, -1.000000000000000000, 0.000000000000000000 ) ) ;
#2536 = CARTESIAN_POINT ( 'NONE',  ( -2.272191835612035415, 9.230530691343631133, 166.9410745205528315 ) ) ;
#2537 = ADVANCED_FACE ( 'NONE', ( #2171 ), #1956, .F. ) ;
#2538 = DIRECTION ( 'NONE',  ( 1.000000000000000000, 0.000000000000000000, 0.000000000000000000 ) ) ;
#2539 = CARTESIAN_POINT ( 'NONE',  ( -2.148948431720242080, -1.612916508861262741E-15, -25.62983680463273828 ) ) ;
#2540 = CARTESIAN_POINT ( 'NONE',  ( -1.419386413012230896, -1.973854577996322357, 147.0000000000153761 ) ) ;
#2541 =( BOUNDED_CURVE ( )  B_SPLINE_CURVE ( 3, ( #2855, #2661, #2213, #1327 ),
 .UNSPECIFIED., .F., .T. ) 
 B_SPLINE_CURVE_WITH_KNOTS ( ( 4, 4 ),
 ( 1.910633236249018596, 2.193622912206899311 ),
 .UNSPECIFIED. ) 
 CURVE ( )  GEOMETRIC_REPRESENTATION_ITEM ( )  RATIONAL_B_SPLINE_CURVE ( ( 1.000000000000000000, 0.9933375304027626251, 0.9933375304027626251, 1.000000000000000000 ) ) 
 REPRESENTATION_ITEM ( '' )  );
#2542 = ORIENTED_EDGE ( 'NONE', *, *, #2519, .T. ) ;
#2543 = CARTESIAN_POINT ( 'NONE',  ( -5.656854249492380582, -2.000000000000000000, -27.99999999999999645 ) ) ;
#2544 = CARTESIAN_POINT ( 'NONE',  ( 2.272191835612035415, -3.645345109230143876, 228.9799407558459166 ) ) ;
#2545 = CARTESIAN_POINT ( 'NONE',  ( 2.000000000000000000, -5.656854249492380582, -27.99999999999999645 ) ) ;
#2546 = ORIENTED_EDGE ( 'NONE', *, *, #899, .F. ) ;
#2547 = DIRECTION ( 'NONE',  ( -0.000000000000000000, 1.000000000000000000, -0.000000000000000000 ) ) ;
#2548 = DIRECTION ( 'NONE',  ( -0.000000000000000000, -0.000000000000000000, -1.000000000000000000 ) ) ;
#2549 = CARTESIAN_POINT ( 'NONE',  ( -2.148102781758984392, 0.1522814338968019598, -25.62935330274847701 ) ) ;
#2550 = CARTESIAN_POINT ( 'NONE',  ( 5.132357188805564796, 0.000000000000000000, 139.1763269807084669 ) ) ;
#2551 = CARTESIAN_POINT ( 'NONE',  ( -2.272191835612035415, -0.7300225008427784212, 221.4880319244022360 ) ) ;
#2552 = VECTOR ( 'NONE', #1270, 1000.000000000000000 ) ;
#2553 = FACE_OUTER_BOUND ( 'NONE', #1347, .T. ) ;
#2554 = CARTESIAN_POINT ( 'NONE',  ( 5.725230414547491264, -1.795700456685766166, -27.10971406932706174 ) ) ;
#2555 = CYLINDRICAL_SURFACE ( 'NONE', #1815, 6.000000000000000888 ) ;
#2556 = AXIS2_PLACEMENT_3D ( 'NONE', #289, #2738, #1387 ) ;
#2557 = ADVANCED_FACE ( 'NONE', ( #1522 ), #910, .F. ) ;
#2558 = AXIS2_PLACEMENT_3D ( 'NONE', #2321, #46, #492 ) ;
#2559 = DIRECTION ( 'NONE',  ( 0.000000000000000000, 0.000000000000000000, -1.000000000000000000 ) ) ;
#2560 = CARTESIAN_POINT ( 'NONE',  ( 2.272191835612035415, -0.6648215952135513307, 147.7781262688308175 ) ) ;
#2561 = DIRECTION ( 'NONE',  ( -0.000000000000000000, -0.000000000000000000, 1.000000000000000000 ) ) ;
#2562 = APPLICATION_CONTEXT ( 'automotive_design' ) ;
#2563 = ORIENTED_EDGE ( 'NONE', *, *, #57, .F. ) ;
#2564 = DIRECTION ( 'NONE',  ( -0.000000000000000000, -0.000000000000000000, 1.000000000000000000 ) ) ;
#2565 = DIRECTION ( 'NONE',  ( 1.000000000000000000, 0.000000000000000000, -0.000000000000000000 ) ) ;
#2566 = AXIS2_PLACEMENT_3D ( 'NONE', #2075, #2785, #93 ) ;
#2567 = CARTESIAN_POINT ( 'NONE',  ( -2.077242037117624562, 0.5679601560123946902, -25.62803466440790956 ) ) ;
#2568 = CARTESIAN_POINT ( 'NONE',  ( -10.99999999999999289, -3.500000000000000888, -36.00000000000000000 ) ) ;
#2569 = CARTESIAN_POINT ( 'NONE',  ( -2.272191835612035415, 2.075009479137967183, 221.8127464333653904 ) ) ;
#2570 = CARTESIAN_POINT ( 'NONE',  ( -2.697178762328764190, 1.165756647582774974, 146.9999999999999716 ) ) ;
#2571 = CARTESIAN_POINT ( 'NONE',  ( -1.076481806577834321, -1.865144942987428500, -25.63577284367765330 ) ) ;
#2572 = CARTESIAN_POINT ( 'NONE',  ( -5.679347912006959653, 1.935393414745305352, -27.47901766972167081 ) ) ;
#2573 = CARTESIAN_POINT ( 'NONE',  ( 5.656854249492380582, -2.000000000000000000, -27.99999999999999645 ) ) ;
#2574 = EDGE_CURVE ( 'NONE', #487, #1316, #212, .T. ) ;
#2575 = CARTESIAN_POINT ( 'NONE',  ( 1.296784761076915204, 2.390241914468653306, 147.0000000000001705 ) ) ;
#2576 = VERTEX_POINT ( 'NONE', #190 ) ;
#2577 = EDGE_CURVE ( 'NONE', #451, #2455, #2458, .T. ) ;
#2578 = LINE ( 'NONE', #553, #1042 ) ;
#2579 = CARTESIAN_POINT ( 'NONE',  ( -2.272191835612035415, -2.014082445578561753, 153.9250128151016384 ) ) ;
#2580 = CARTESIAN_POINT ( 'NONE',  ( -2.272191835612035415, 4.961761718490320661, 216.0499068530401701 ) ) ;
#2581 = AXIS2_PLACEMENT_3D ( 'NONE', #2155, #1249, #1221 ) ;
#2582 = VERTEX_POINT ( 'NONE', #450 ) ;
#2583 = CARTESIAN_POINT ( 'NONE',  ( -2.293824670422516032, 1.674375307845769267, 147.0000000000000284 ) ) ;
#2584 = CARTESIAN_POINT ( 'NONE',  ( -0.2809579778111182535, -2.135125803432200708, -25.63663442388860858 ) ) ;
#2585 = DIRECTION ( 'NONE',  ( -0.1524385931724185073, -0.9883129440170325131, 0.000000000000000000 ) ) ;
#2586 = CARTESIAN_POINT ( 'NONE',  ( 4.582575694955844270, 2.000000000000000000, -27.99999999999999645 ) ) ;
#2587 = AXIS2_PLACEMENT_3D ( 'NONE', #113, #1470, #2097 ) ;
#2588 = DIRECTION ( 'NONE',  ( 0.000000000000000000, 0.000000000000000000, 1.000000000000000000 ) ) ;
#2589 = ORIENTED_EDGE ( 'NONE', *, *, #2773, .T. ) ;
#2590 = ADVANCED_FACE ( 'NONE', ( #1315 ), #1761, .F. ) ;
#2591 = CARTESIAN_POINT ( 'NONE',  ( -0.8949738869398060626, -3.929353736203384795, 146.9999999999999716 ) ) ;
#2592 = CARTESIAN_POINT ( 'NONE',  ( -1.306200694346051572, 1.712103569508829581, -25.62441235511994364 ) ) ;
#2593 = VERTEX_POINT ( 'NONE', #406 ) ;
#2594 = DIRECTION ( 'NONE',  ( 1.000000000000000000, 0.000000000000000000, 0.000000000000000000 ) ) ;
#2595 = CARTESIAN_POINT ( 'NONE',  ( -2.272191835612035415, 2.782632458531028451E-16, 147.0000000000000284 ) ) ;
#2596 = ORIENTED_EDGE ( 'NONE', *, *, #2375, .T. ) ;
#2597 = CARTESIAN_POINT ( 'NONE',  ( 2.336487765017009721, 0.2411540826253905645, 147.0000000000060538 ) ) ;
#2598 = CARTESIAN_POINT ( 'NONE',  ( 2.148948431720239416, -0.1418285847387401599, -25.63028713172534978 ) ) ;
#2599 = CARTESIAN_POINT ( 'NONE',  ( -5.966135612255343723, 0.6480166022934611414, -26.10341467295124573 ) ) ;
#2600 = AXIS2_PLACEMENT_3D ( 'NONE', #874, #1500, #2895 ) ;
#2601 = DIRECTION ( 'NONE',  ( 0.000000000000000000, 0.000000000000000000, 1.000000000000000000 ) ) ;
#2602 = CARTESIAN_POINT ( 'NONE',  ( 0.000000000000000000, 0.000000000000000000, 87.00000000000001421 ) ) ;
#2603 = PRODUCT_DEFINITION_FORMATION_WITH_SPECIFIED_SOURCE ( 'ANY', '', #1075, .NOT_KNOWN. ) ;
#2604 = ORIENTED_EDGE ( 'NONE', *, *, #1573, .F. ) ;
#2605 = CARTESIAN_POINT ( 'NONE',  ( 2.323324148342335249, -3.101021575839248978, 147.0000000000000000 ) ) ;
#2606 = CARTESIAN_POINT ( 'NONE',  ( 2.272191835612035415, 1.806993303116308347, 230.2928596378216639 ) ) ;
#2607 = AXIS2_PLACEMENT_3D ( 'NONE', #633, #2431, #1990 ) ;
#2608 = DIRECTION ( 'NONE',  ( 0.000000000000000000, 0.000000000000000000, -1.000000000000000000 ) ) ;
#2609 = CARTESIAN_POINT ( 'NONE',  ( -2.272191835612035415, -5.796606357097052076, 154.9200500849745765 ) ) ;
#2610 = ADVANCED_FACE ( 'NONE', ( #854 ), #1372, .T. ) ;
#2611 = ORIENTED_EDGE ( 'NONE', *, *, #39, .T. ) ;
#2612 = CARTESIAN_POINT ( 'NONE',  ( 2.290243555224495520, -0.7847428032921339724, 147.0000000000923706 ) ) ;
#2613 = DIRECTION ( 'NONE',  ( -1.000000000000000000, 0.000000000000000000, 0.000000000000000000 ) ) ;
#2614 = CARTESIAN_POINT ( 'NONE',  ( -5.661560759235100271, 1.986824135384557710, -27.73599220966960388 ) ) ;
#2615 = ORIENTED_EDGE ( 'NONE', *, *, #1775, .T. ) ;
#2616 = CARTESIAN_POINT ( 'NONE',  ( 9.000000000000000000, 1.102182119232617714E-15, 18.00000000000000355 ) ) ;
#2617 = CARTESIAN_POINT ( 'NONE',  ( 3.499999999999998224, 4.873397172404484223, -36.00000000000000000 ) ) ;
#2618 = FACE_BOUND ( 'NONE', #493, .T. ) ;
#2619 = ORIENTED_EDGE ( 'NONE', *, *, #1633, .T. ) ;
#2620 = CARTESIAN_POINT ( 'NONE',  ( 5.000000000000412115, -9.450028417493610361E-14, -25.99999999999896971 ) ) ;
#2621 = CARTESIAN_POINT ( 'NONE',  ( -2.272191835612035415, 0.4112441055422271785, 150.0545727344471345 ) ) ;
#2622 = B_SPLINE_CURVE_WITH_KNOTS ( 'NONE', 3,
 ( #1156, #466, #1349, #2250, #929, #250, #2670, #421, #1597, #2221, #2500, #2061, #481, #1098, #1378, #237 ),
 .UNSPECIFIED., .F., .F.,
 ( 4, 2, 2, 2, 2, 2, 2, 4 ),
 ( 0.003160752024440589489, 0.003555230578415713265, 0.003949709132390837041, 0.004344187686365961684, 0.004738666240341085460, 0.005133144794316209236, 0.005527623348291333880, 0.006316580456241580564 ),
 .UNSPECIFIED. ) ;
#2623 = DIRECTION ( 'NONE',  ( 0.000000000000000000, 0.000000000000000000, -1.000000000000000000 ) ) ;
#2624 = CARTESIAN_POINT ( 'NONE',  ( 2.272191835612035415, -1.162406813843796849, 148.5240859310917187 ) ) ;
#2625 = VERTEX_POINT ( 'NONE', #1803 ) ;
#2626 = CARTESIAN_POINT ( 'NONE',  ( 2.737517992229725028, 1.102519640689730629, 146.9999999999999432 ) ) ;
#2627 = ADVANCED_FACE ( 'NONE', ( #1773 ), #204, .T. ) ;
#2628 = FACE_OUTER_BOUND ( 'NONE', #1014, .T. ) ;
#2629 = CARTESIAN_POINT ( 'NONE',  ( -5.978756211677892729, 0.5208507034758982357, -26.06451009932289509 ) ) ;
#2630 = B_SPLINE_CURVE_WITH_KNOTS ( 'NONE', 3,
 ( #2094, #530, #107, #798, #1644, #999, #543, #2579, #281, #2108, #1670, #1394, #554, #2816, #740, #1012, #1425, #1858, #2760, #1901, #2800, #782, #1452, #984, #1440, #1631, #2309, #2350, #296, #123, #2078, #2134 ),
 .UNSPECIFIED., .F., .F.,
 ( 4, 2, 2, 2, 2, 2, 2, 2, 2, 2, 2, 2, 2, 2, 2, 4 ),
 ( 0.01055603153687329626, 0.02420654388511447527, 0.04841308777022895055, 0.07261963165534342235, 0.09682617554045788721, 0.1452392633106868447, 0.1936523510809158022, 0.3001097930287718318, 0.4471493322103414769, 0.5941888713919111220, 0.6956416535439333693, 0.7970944356959555055, 0.8478208267719666846, 0.8985472178479777527, 0.9492736089239888209, 1.000000000000000000 ),
 .UNSPECIFIED. ) ;
#2631 = PRODUCT_DEFINITION ( 'UNKNOWN', '', #2603, #1190 ) ;
#2632 = ORIENTED_EDGE ( 'NONE', *, *, #1871, .T. ) ;
#2633 = CARTESIAN_POINT ( 'NONE',  ( -8.300000000000000711, 1.016456843292303031E-15, 87.20000000000001705 ) ) ;
#2634 = CARTESIAN_POINT ( 'NONE',  ( 0.2917649291372215181, -3.139580036883297343, 148.4505955889604820 ) ) ;
#2635 = ORIENTED_EDGE ( 'NONE', *, *, #2349, .T. ) ;
#2636 = DIRECTION ( 'NONE',  ( 0.000000000000000000, 0.000000000000000000, 1.000000000000000000 ) ) ;
#2637 = CARTESIAN_POINT ( 'NONE',  ( -2.272191835612035415, 7.512225481430180096, 160.0158472295749732 ) ) ;
#2638 = FACE_OUTER_BOUND ( 'NONE', #1846, .T. ) ;
#2639 = CARTESIAN_POINT ( 'NONE',  ( 2.272191835612035415, 10.93578560618904305, 177.5187179150780423 ) ) ;
#2640 = EDGE_LOOP ( 'NONE', ( #838, #26, #593, #800 ) ) ;
#2641 = CARTESIAN_POINT ( 'NONE',  ( 1.276634356549509741, 1.890071886757337172, 147.0000000000177636 ) ) ;
#2642 = CYLINDRICAL_SURFACE ( 'NONE', #1676, 2.148948431720242080 ) ;
#2643 = FACE_OUTER_BOUND ( 'NONE', #2690, .T. ) ;
#2644 = ORIENTED_EDGE ( 'NONE', *, *, #716, .T. ) ;
#2645 = CARTESIAN_POINT ( 'NONE',  ( -0.1286650908308097918, -2.416150442465156534, 146.9999999999789679 ) ) ;
#2646 = VECTOR ( 'NONE', #2564, 1000.000000000000000 ) ;
#2647 = ORIENTED_EDGE ( 'NONE', *, *, #1964, .T. ) ;
#2648 = AXIS2_PLACEMENT_3D ( 'NONE', #1785, #2232, #1054 ) ;
#2649 = CARTESIAN_POINT ( 'NONE',  ( 2.272191835612035415, 14.80275851229006179, 187.4110696385186827 ) ) ;
#2650 = CARTESIAN_POINT ( 'NONE',  ( 2.272191835612035415, 2.711613933285028200, 213.0267260637161826 ) ) ;
#2651 = AXIS2_PLACEMENT_3D ( 'NONE', #2427, #2441, #1346 ) ;
#2652 = CARTESIAN_POINT ( 'NONE',  ( 1.733291110847803074, -5.744681837008466907, -26.99373650971420346 ) ) ;
#2653 = ORIENTED_EDGE ( 'NONE', *, *, #794, .F. ) ;
#2654 = AXIS2_PLACEMENT_3D ( 'NONE', #979, #1154, #308 ) ;
#2655 = CARTESIAN_POINT ( 'NONE',  ( 0.000000000000000000, 0.000000000000000000, 139.1763269807084669 ) ) ;
#2656 = CARTESIAN_POINT ( 'NONE',  ( -2.272191835612035415, 5.957608162806065089, 201.4078453416102832 ) ) ;
#2657 = CARTESIAN_POINT ( 'NONE',  ( 2.177559949270106099, 0.01378996395678142028, 147.7622655241823963 ) ) ;
#2658 = CARTESIAN_POINT ( 'NONE',  ( -9.319608355999427829, 0.01244160262200446135, 12.00000000000000355 ) ) ;
#2659 = CARTESIAN_POINT ( 'NONE',  ( -9.450028458852640989E-14, 5.000000000000412115, -25.99999999999896971 ) ) ;
#2660 = ORIENTED_EDGE ( 'NONE', *, *, #1074, .F. ) ;
#2661 = CARTESIAN_POINT ( 'NONE',  ( -5.467562202767254576, -2.535398759456072515, -30.85546005043237727 ) ) ;
#2662 = CARTESIAN_POINT ( 'NONE',  ( -0.8949738866651858471, -3.929353735588289265, 146.9999999999999432 ) ) ;
#2663 = CARTESIAN_POINT ( 'NONE',  ( 8.300000000000000711, 0.000000000000000000, 87.00000000000001421 ) ) ;
#2664 = ADVANCED_FACE ( 'NONE', ( #1095 ), #1987, .T. ) ;
#2665 = CARTESIAN_POINT ( 'NONE',  ( 2.272191835612035415, 3.230942120522906968, 219.2275199715886913 ) ) ;
#2666 = CARTESIAN_POINT ( 'NONE',  ( 4.582575694955844270, 2.000000000000000000, -27.99999999999999645 ) ) ;
#2667 = ORIENTED_EDGE ( 'NONE', *, *, #252, .T. ) ;
#2668 = ORIENTED_EDGE ( 'NONE', *, *, #1319, .F. ) ;
#2669 = EDGE_CURVE ( 'NONE', #2802, #832, #115, .T. ) ;
#2670 = CARTESIAN_POINT ( 'NONE',  ( -4.898814714331438225, 1.006871895346926671, -26.26708580043669627 ) ) ;
#2671 = CARTESIAN_POINT ( 'NONE',  ( 2.272191835612035415, 11.54418148120926091, 181.5108916534213961 ) ) ;
#2672 = CARTESIAN_POINT ( 'NONE',  ( 0.000000000000000000, 0.000000000000000000, 16.00000000000000000 ) ) ;
#2673 = CARTESIAN_POINT ( 'NONE',  ( 1.505059495803465985, 4.769051553390145415, -26.67657602296361929 ) ) ;
#2674 = ORIENTED_EDGE ( 'NONE', *, *, #1234, .F. ) ;
#2675 = CARTESIAN_POINT ( 'NONE',  ( -2.000000000000000000, 5.656854249492377917, -27.99999999999999645 ) ) ;
#2676 = DIRECTION ( 'NONE',  ( -0.000000000000000000, 1.000000000000000000, -0.000000000000000000 ) ) ;
#2677 = ORIENTED_EDGE ( 'NONE', *, *, #968, .T. ) ;
#2678 = CARTESIAN_POINT ( 'NONE',  ( -10.99999999999999289, 0.000000000000000000, 16.00000000000000000 ) ) ;
#2679 = CARTESIAN_POINT ( 'NONE',  ( -2.272191835612035415, -2.259042779011218194, 152.6461477077538689 ) ) ;
#2680 = DIRECTION ( 'NONE',  ( -0.000000000000000000, -0.000000000000000000, -1.000000000000000000 ) ) ;
#2681 = EDGE_CURVE ( 'NONE', #2593, #1340, #1845, .T. ) ;
#2682 = VERTEX_POINT ( 'NONE', #2205 ) ;
#2683 = CARTESIAN_POINT ( 'NONE',  ( 1.606745983203439421, -2.499446023921474413, 148.3736016883154889 ) ) ;
#2684 = CARTESIAN_POINT ( 'NONE',  ( 0.9485630791317101185, 1.933301773600890394, -25.62371326613554245 ) ) ;
#2685 = EDGE_CURVE ( 'NONE', #2428, #436, #1501, .T. ) ;
#2686 = CARTESIAN_POINT ( 'NONE',  ( 2.000000000000000000, 4.582575694955844270, -27.99999999999999645 ) ) ;
#2687 = DIRECTION ( 'NONE',  ( 1.000000000000000000, 0.000000000000000000, 0.000000000000000000 ) ) ;
#2688 = LINE ( 'NONE', #54, #2080 ) ;
#2689 = ORIENTED_EDGE ( 'NONE', *, *, #2069, .F. ) ;
#2690 = EDGE_LOOP ( 'NONE', ( #159, #1640, #2737, #17, #2831 ) ) ;
#2691 = CARTESIAN_POINT ( 'NONE',  ( 1.940242120448671503, -2.071462332980301468, 148.3058750610846346 ) ) ;
#2692 = CARTESIAN_POINT ( 'NONE',  ( 2.272191835612035415, 13.87286696617290538, 192.3793002053788541 ) ) ;
#2693 = CARTESIAN_POINT ( 'NONE',  ( -2.272191835612035415, 6.492885204040693026, 169.0527017151353846 ) ) ;
#2694 = CARTESIAN_POINT ( 'NONE',  ( -2.000000000000000000, 5.656854249492377917, -27.99999999999999645 ) ) ;
#2695 = VECTOR ( 'NONE', #1820, 1000.000000000000000 ) ;
#2696 = ORIENTED_EDGE ( 'NONE', *, *, #2885, .F. ) ;
#2697 = CARTESIAN_POINT ( 'NONE',  ( 1.986824135384557710, 5.661560759235100271, -27.73599220966960388 ) ) ;
#2698 = LINE ( 'NONE', #238, #2408 ) ;
#2699 = AXIS2_PLACEMENT_3D ( 'NONE', #385, #2453, #893 ) ;
#2700 = CARTESIAN_POINT ( 'NONE',  ( -10.99999999999999289, 0.000000000000000000, -27.99999999999999645 ) ) ;
#2701 = CARTESIAN_POINT ( 'NONE',  ( 2.272191835612035415, -1.874206908896911328, 149.9606233485515361 ) ) ;
#2702 = EDGE_CURVE ( 'NONE', #2682, #2215, #636, .T. ) ;
#2703 = CARTESIAN_POINT ( 'NONE',  ( -1.505059495803465985, -4.769051553390145415, -26.67657602296361929 ) ) ;
#2704 = ORIENTED_EDGE ( 'NONE', *, *, #1326, .T. ) ;
#2705 = VECTOR ( 'NONE', #2548, 1000.000000000000000 ) ;
#2706 = CARTESIAN_POINT ( 'NONE',  ( -6.000000000001068479, -3.212551123474245490E-13, -25.99999999999679545 ) ) ;
#2707 = CARTESIAN_POINT ( 'NONE',  ( -10.99999999999999289, 3.499999999999999112, -36.00000000000000000 ) ) ;
#2708 = CARTESIAN_POINT ( 'NONE',  ( -2.272191835612035415, -2.088808792393198388, 150.6512859668306703 ) ) ;
#2709 = CARTESIAN_POINT ( 'NONE',  ( 0.000000000000000000, 0.000000000000000000, 127.0000000000000000 ) ) ;
#2710 = ORIENTED_EDGE ( 'NONE', *, *, #1940, .F. ) ;
#2711 = ORIENTED_EDGE ( 'NONE', *, *, #1979, .F. ) ;
#2712 = LINE ( 'NONE', #736, #2175 ) ;
#2713 = CARTESIAN_POINT ( 'NONE',  ( -1.500877627639513490, -2.598643164614567791, 148.3873015397001041 ) ) ;
#2714 = CARTESIAN_POINT ( 'NONE',  ( 0.000000000000000000, 0.000000000000000000, -36.00000000000000000 ) ) ;
#2715 = AXIS2_PLACEMENT_3D ( 'NONE', #413, #2211, #886 ) ;
#2716 = CARTESIAN_POINT ( 'NONE',  ( 2.269941012481261566, -0.9199984606128978060, 148.0408624117437739 ) ) ;
#2717 =( BOUNDED_CURVE ( )  B_SPLINE_CURVE ( 3, ( #447, #1771, #2860, #1167 ),
 .UNSPECIFIED., .F., .T. ) 
 B_SPLINE_CURVE_WITH_KNOTS ( ( 4, 4 ),
 ( 1.982313172862384842, 2.346193823405650303 ),
 .UNSPECIFIED. ) 
 CURVE ( )  GEOMETRIC_REPRESENTATION_ITEM ( )  RATIONAL_B_SPLINE_CURVE ( ( 1.000000000000000000, 0.9889963102553599450, 0.9889963102553599450, 1.000000000000000000 ) ) 
 REPRESENTATION_ITEM ( '' )  );
#2718 = CARTESIAN_POINT ( 'NONE',  ( 2.272191835612035415, 18.67231801718737572, 184.9269470090028733 ) ) ;
#2719 = EDGE_CURVE ( 'NONE', #1516, #223, #562, .T. ) ;
#2720 = CARTESIAN_POINT ( 'NONE',  ( 2.272191835612035415, -0.7300225008427784212, 221.4880319244022360 ) ) ;
#2721 = ORIENTED_EDGE ( 'NONE', *, *, #1039, .T. ) ;
#2722 = CARTESIAN_POINT ( 'NONE',  ( -1.896527054913388577, -1.522212031800532550, 146.9999999999999147 ) ) ;
#2723 = EDGE_LOOP ( 'NONE', ( #150, #1420, #816, #2128, #2183 ) ) ;
#2724 = CARTESIAN_POINT ( 'NONE',  ( 0.000000000000000000, 0.000000000000000000, 127.0000000000000000 ) ) ;
#2725 = CARTESIAN_POINT ( 'NONE',  ( -2.272191835612035415, 0.02980746607206101115, 218.7543684494687000 ) ) ;
#2726 = CARTESIAN_POINT ( 'NONE',  ( 1.945631980193779142, -4.607181998951087820, -27.46893751296138930 ) ) ;
#2727 = EDGE_LOOP ( 'NONE', ( #2546, #2769, #2478, #1128, #1539, #1709, #458, #122, #666, #622, #1149, #2851 ) ) ;
#2728 = DIRECTION ( 'NONE',  ( 1.000000000000000000, 0.000000000000000000, 0.000000000000000000 ) ) ;
#2729 = CARTESIAN_POINT ( 'NONE',  ( 1.963220905034673391, -2.031290627136842719, 148.2986407658580390 ) ) ;
#2730 = CARTESIAN_POINT ( 'NONE',  ( 2.272191835612035415, 0.04463310751246191144, 157.5753092049768895 ) ) ;
#2731 = VERTEX_POINT ( 'NONE', #1835 ) ;
#2732 = CARTESIAN_POINT ( 'NONE',  ( 2.258066196924193747, -1.064727916227085958, 148.0801647581824341 ) ) ;
#2733 = CARTESIAN_POINT ( 'NONE',  ( 2.272191835612035415, 1.233873952143233588, 149.0674949044575612 ) ) ;
#2734 = LINE ( 'NONE', #1811, #1460 ) ;
#2735 = ORIENTED_EDGE ( 'NONE', *, *, #2244, .F. ) ;
#2736 = CARTESIAN_POINT ( 'NONE',  ( -2.774318737452193595, -2.540001842954997979, 146.9999999999999432 ) ) ;
#2737 = ORIENTED_EDGE ( 'NONE', *, *, #483, .T. ) ;
#2738 = DIRECTION ( 'NONE',  ( 0.000000000000000000, 0.000000000000000000, 1.000000000000000000 ) ) ;
#2739 = CARTESIAN_POINT ( 'NONE',  ( -2.272191835612035415, -5.672455284644620122, 149.2396048260385157 ) ) ;
#2740 = EDGE_CURVE ( 'NONE', #2103, #2582, #298, .T. ) ;
#2741 = CARTESIAN_POINT ( 'NONE',  ( -1.795421129379957126, 4.666836767193482061, -27.10930321654947761 ) ) ;
#2742 = ORIENTED_EDGE ( 'NONE', *, *, #407, .T. ) ;
#2743 = CARTESIAN_POINT ( 'NONE',  ( 4.994601417792691400, -0.2657875508717730262, -26.01339210474766261 ) ) ;
#2744 = LINE ( 'NONE', #823, #1857 ) ;
#2745 = CARTESIAN_POINT ( 'NONE',  ( 2.272191835612035415, 0.8296952599772654535, 229.0996556893304046 ) ) ;
#2746 = VECTOR ( 'NONE', #759, 1000.000000000000000 ) ;
#2747 = CARTESIAN_POINT ( 'NONE',  ( 2.272191835612035415, 4.314171849281058790, 217.1912379750314983 ) ) ;
#2748 = CARTESIAN_POINT ( 'NONE',  ( 2.272191835612035415, 8.501452067673280766, 203.7509309988729740 ) ) ;
#2749 = ORIENTED_EDGE ( 'NONE', *, *, #2000, .F. ) ;
#2750 = CARTESIAN_POINT ( 'NONE',  ( -1.620667876578050892, -1.814289786408573191, 146.9999999999849933 ) ) ;
#2751 = CARTESIAN_POINT ( 'NONE',  ( -2.148912415320150870, 0.01244160262200472503, -25.62979730129359268 ) ) ;
#2752 = CARTESIAN_POINT ( 'NONE',  ( -2.272191835612035415, 1.371077060595493613, 234.8409476308183343 ) ) ;
#2753 = AXIS2_PLACEMENT_3D ( 'NONE', #871, #2397, #1764 ) ;
#2754 = CARTESIAN_POINT ( 'NONE',  ( -1.945631980193779365, 4.607181998951085156, -27.46893751296138575 ) ) ;
#2755 = ORIENTED_EDGE ( 'NONE', *, *, #425, .T. ) ;
#2756 = EDGE_CURVE ( 'NONE', #2731, #40, #523, .T. ) ;
#2757 = FACE_OUTER_BOUND ( 'NONE', #342, .T. ) ;
#2758 = DIRECTION ( 'NONE',  ( 0.000000000000000000, 0.000000000000000000, 1.000000000000000000 ) ) ;
#2759 = FACE_OUTER_BOUND ( 'NONE', #1672, .T. ) ;
#2760 = CARTESIAN_POINT ( 'NONE',  ( -2.272191835612035415, 13.87286696617290538, 192.3793002053788541 ) ) ;
#2761 = CARTESIAN_POINT ( 'NONE',  ( -2.272191835612035415, 18.04660878630079424, 190.4765883242380653 ) ) ;
#2762 = CARTESIAN_POINT ( 'NONE',  ( 0.000000000000000000, 0.000000000000000000, -36.00000000000000000 ) ) ;
#2763 = CARTESIAN_POINT ( 'NONE',  ( 2.148948431720242080, -4.189028672630723713E-14, -25.62983680463273828 ) ) ;
#2764 = CARTESIAN_POINT ( 'NONE',  ( -3.231382463906045999, -0.2466164358180707172, 147.0000000000001137 ) ) ;
#2765 = B_SPLINE_CURVE_WITH_KNOTS ( 'NONE', 3,
 ( #453, #897, #2697, #1838, #311, #956, #2517, #764, #1656, #2533, #1883, #751, #1854, #1474, #1203, #1173 ),
 .UNSPECIFIED., .F., .F.,
 ( 4, 2, 2, 2, 2, 2, 2, 4 ),
 ( 0.000000000000000000, 0.0003937486715539293531, 0.0007874973431078587062, 0.001181246014661788005, 0.001574994686215717412, 0.002362492029323569505, 0.002756240700877493274, 0.003149989372431417911 ),
 .UNSPECIFIED. ) ;
#2766 = CARTESIAN_POINT ( 'NONE',  ( -2.249297345327593511, -0.3980944416035478994, 147.8879141684690524 ) ) ;
#2767 = CARTESIAN_POINT ( 'NONE',  ( 2.272191835612035415, 5.957608162806065089, 201.4078453416102832 ) ) ;
#2768 = CARTESIAN_POINT ( 'NONE',  ( 0.8924628715687695779, -4.921251189515330360, -26.20530227512985633 ) ) ;
#2769 = ORIENTED_EDGE ( 'NONE', *, *, #846, .T. ) ;
#2770 = DIRECTION ( 'NONE',  ( -0.000000000000000000, -0.000000000000000000, -1.000000000000000000 ) ) ;
#2771 = CARTESIAN_POINT ( 'NONE',  ( -4.132357188805564796, 0.000000000000000000, 147.0000000000000284 ) ) ;
#2772 = CARTESIAN_POINT ( 'NONE',  ( 2.272191835612035415, 3.356794376124855983, 160.9862643002685729 ) ) ;
#2773 = EDGE_CURVE ( 'NONE', #370, #243, #261, .T. ) ;
#2774 = FACE_OUTER_BOUND ( 'NONE', #1563, .T. ) ;
#2775 = CARTESIAN_POINT ( 'NONE',  ( -2.272191835612035415, -1.874206908896911328, 149.9606233485515361 ) ) ;
#2776 = ADVANCED_FACE ( 'NONE', ( #704 ), #2530, .T. ) ;
#2777 = CARTESIAN_POINT ( 'NONE',  ( -1.939255574030938956, 0.6700600276682630030, 147.5697423305436189 ) ) ;
#2778 = DIRECTION ( 'NONE',  ( -0.000000000000000000, -0.000000000000000000, -1.000000000000000000 ) ) ;
#2779 = DIRECTION ( 'NONE',  ( -0.000000000000000000, -0.000000000000000000, -1.000000000000000000 ) ) ;
#2780 = CARTESIAN_POINT ( 'NONE',  ( -6.000000000000000888, 7.347880794884120722E-16, -37.00000000000000000 ) ) ;
#2781 = CARTESIAN_POINT ( 'NONE',  ( 2.272191835612035415, 0.000000000000000000, 147.0000000000000284 ) ) ;
#2782 = CARTESIAN_POINT ( 'NONE',  ( -4.582575694955840717, 2.000000000000000000, -27.99999999999999645 ) ) ;
#2783 = VERTEX_POINT ( 'NONE', #291 ) ;
#2784 = CARTESIAN_POINT ( 'NONE',  ( -4.582575694955840717, -2.000000000000000000, -27.99999999999999645 ) ) ;
#2785 = DIRECTION ( 'NONE',  ( -0.000000000000000000, -0.000000000000000000, 1.000000000000000000 ) ) ;
#2786 = CARTESIAN_POINT ( 'NONE',  ( -4.994768352867068550, -0.2629995111359121895, -26.01297234010760207 ) ) ;
#2787 = CARTESIAN_POINT ( 'NONE',  ( -2.272191835612035415, -2.088808792393198388, 150.6512859668306703 ) ) ;
#2788 = AXIS2_PLACEMENT_3D ( 'NONE', #1162, #486, #471 ) ;
#2789 = CARTESIAN_POINT ( 'NONE',  ( -2.249297345327597064, -0.3980944416035477884, 147.8879141684689955 ) ) ;
#2790 = EDGE_CURVE ( 'NONE', #436, #698, #1701, .T. ) ;
#2791 = CARTESIAN_POINT ( 'NONE',  ( 1.865398083311016642, -1.076106398373595008, -25.63325819308881748 ) ) ;
#2792 = CYLINDRICAL_SURFACE ( 'NONE', #1622, 2.000000000000001776 ) ;
#2793 = CARTESIAN_POINT ( 'NONE',  ( 4.626936628639271021, 1.895890939650593188, -27.34983147241792167 ) ) ;
#2794 = CARTESIAN_POINT ( 'NONE',  ( 2.272191835612035415, 11.54418148120926091, 181.5108916534213961 ) ) ;
#2795 = FACE_OUTER_BOUND ( 'NONE', #1923, .T. ) ;
#2796 = ORIENTED_EDGE ( 'NONE', *, *, #1003, .F. ) ;
#2797 = CARTESIAN_POINT ( 'NONE',  ( 3.221195444742596337, -1.402172783707497539, 147.0000000000000284 ) ) ;
#2798 = CIRCLE ( 'NONE', #2848, 6.000000000000000888 ) ;
#2799 = CARTESIAN_POINT ( 'NONE',  ( -5.000000000000008882, -0.1321631069711340090, -25.99999999999997868 ) ) ;
#2800 = CARTESIAN_POINT ( 'NONE',  ( -2.272191835612035415, 8.501452067673280766, 203.7509309988729740 ) ) ;
#2801 = CARTESIAN_POINT ( 'NONE',  ( -2.272191835612035415, 17.42309470736656252, 174.4387064699322423 ) ) ;
#2802 = VERTEX_POINT ( 'NONE', #966 ) ;
#2803 = CARTESIAN_POINT ( 'NONE',  ( 0.000000000000000000, 0.000000000000000000, -37.00001199999999812 ) ) ;
#2804 = CARTESIAN_POINT ( 'NONE',  ( 6.000000000000012434, -0.1315959824422937019, -25.99999999999994316 ) ) ;
#2805 = CARTESIAN_POINT ( 'NONE',  ( 5.934856853242417962, 0.8902294961668303364, -26.20421557290260495 ) ) ;
#2806 = EDGE_CURVE ( 'NONE', #2131, #197, #1106, .T. ) ;
#2807 = VERTEX_POINT ( 'NONE', #2497 ) ;
#2808 = AXIS2_PLACEMENT_3D ( 'NONE', #1030, #1471, #2374 ) ;
#2809 = DIRECTION ( 'NONE',  ( 0.000000000000000000, 0.000000000000000000, 1.000000000000000000 ) ) ;
#2810 = VERTEX_POINT ( 'NONE', #477 ) ;
#2811 = DIRECTION ( 'NONE',  ( 1.000000000000000000, 0.000000000000000000, 0.000000000000000000 ) ) ;
#2812 = ORIENTED_EDGE ( 'NONE', *, *, #354, .F. ) ;
#2813 = CARTESIAN_POINT ( 'NONE',  ( 3.247580058281229753, -1.184877530158350067, 147.0000000000000284 ) ) ;
#2814 = CARTESIAN_POINT ( 'NONE',  ( 2.272191835612035415, 0.04463310751246191144, 157.5753092049768895 ) ) ;
#2815 = EDGE_LOOP ( 'NONE', ( #206, #1927, #652, #408, #1385 ) ) ;
#2816 = CARTESIAN_POINT ( 'NONE',  ( -2.272191835612035415, 7.002555342735435673, 164.5342744723551505 ) ) ;
#2817 = CARTESIAN_POINT ( 'NONE',  ( -2.272191835612035415, 1.995044199511702532, 148.5916358444575565 ) ) ;
#2818 = AXIS2_PLACEMENT_3D ( 'NONE', #367, #1980, #2210 ) ;
#2819 = EDGE_LOOP ( 'NONE', ( #420, #1241, #1214, #1298 ) ) ;
#2820 = CARTESIAN_POINT ( 'NONE',  ( -1.061911150446283036, 2.015610931369951953, 146.9999999999822649 ) ) ;
#2821 = CARTESIAN_POINT ( 'NONE',  ( 1.931369417835986591, -0.9526829060819598238, -25.63286528787762109 ) ) ;
#2822 = CARTESIAN_POINT ( 'NONE',  ( -5.725230414547491264, 1.795700456685765500, -27.10971406932706174 ) ) ;
#2823 = CARTESIAN_POINT ( 'NONE',  ( 0.000000000000000000, 0.000000000000000000, -21.99999999999999645 ) ) ;
#2824 = AXIS2_PLACEMENT_3D ( 'NONE', #2185, #819, #1993 ) ;
#2825 = CARTESIAN_POINT ( 'NONE',  ( 6.000000000000000888, 7.347880794884120722E-16, 87.00000000000001421 ) ) ;
#2826 = ORIENTED_EDGE ( 'NONE', *, *, #2574, .T. ) ;
#2827 = CARTESIAN_POINT ( 'NONE',  ( -2.515296238583846211, -2.893155085698498219, 146.9999999999999716 ) ) ;
#2828 =( BOUNDED_SURFACE ( )  B_SPLINE_SURFACE ( 3, 2, ( 
 ( #1546, #1050, #1724 ),
 ( #610, #2012, #446 ),
 ( #2404, #2913, #639 ),
 ( #218, #1957, #2450 ),
 ( #1530, #2214, #1503 ),
 ( #429, #172, #2691 ),
 ( #668, #1104, #386 ),
 ( #1077, #2436, #890 ),
 ( #1737, #1282, #187 ),
 ( #875, #1562, #1769 ),
 ( #415, #864, #1328 ),
 ( #2231, #2202, #2466 ),
 ( #2243, #1342, #2189 ),
 ( #2856, #837, #1065 ),
 ( #655, #1984, #2634 ),
 ( #1971, #2870, #2883 ),
 ( #851, #2645, #624 ),
 ( #1755, #1518, #2423 ),
 ( #2662, #1311, #199 ),
 ( #1091, #1996, #2900 ),
 ( #459, #962, #2273 ),
 ( #1150, #1118, #1386 ),
 ( #2054, #273, #1798 ),
 ( #1604, #2257, #904 ),
 ( #2068, #2540, #1133 ),
 ( #2736, #2750, #2509 ),
 ( #473, #2479, #1165 ),
 ( #56, #2722, #699 ),
 ( #2286, #71, #1589 ),
 ( #714, #2493, #1370 ),
 ( #948, #1576, #517 ),
 ( #2764, #1844, #744 ) ),
 .UNSPECIFIED., .F., .F., .T. ) 
 B_SPLINE_SURFACE_WITH_KNOTS ( ( 4, 2, 2, 2, 2, 2, 2, 2, 2, 2, 2, 2, 2, 2, 2, 4 ),
 ( 3, 3 ),
 ( 0.000000000000000000, 0.0006463278195924507990, 0.001292655639184901598, 0.001938983458777352505, 0.002585311278369803196, 0.003231639097962254320, 0.003877966917554705011, 0.004524294737147155701, 0.005170622556739606392, 0.005816950376332057082, 0.006463278195924508640, 0.007109606015516959331, 0.007755933835109410021, 0.008402261654701859844, 0.009048589474294311402, 0.01034124511347921278 ),
 ( 0.000000000000000000, 1.000000000000000000 ),
 .UNSPECIFIED. ) 
 GEOMETRIC_REPRESENTATION_ITEM ( )  RATIONAL_B_SPLINE_SURFACE ( (
 ( 1.000000000000000000, 0.6781722649215009557, 1.000000000000000000),
 ( 1.000000000000000000, 0.6630592282040587149, 1.000000000000000000),
 ( 1.000000000000000000, 0.6489287525187356076, 1.000000000000000000),
 ( 1.000000000000000000, 0.6228158381288600998, 1.000000000000000000),
 ( 1.000000000000000000, 0.6107279047456756205, 1.000000000000000000),
 ( 1.000000000000000000, 0.5892182414464520734, 1.000000000000000000),
 ( 1.000000000000000000, 0.5798844072186086773, 1.000000000000000000),
 ( 1.000000000000000000, 0.5635365587958491851, 1.000000000000000000),
 ( 1.000000000000000000, 0.5564871848737837912, 1.000000000000000000),
 ( 1.000000000000000000, 0.5447917641026935875, 1.000000000000000000),
 ( 1.000000000000000000, 0.5400531820938351268, 1.000000000000000000),
 ( 1.000000000000000000, 0.5323499475423724148, 1.000000000000000000),
 ( 1.000000000000000000, 0.5294544095394396743, 1.000000000000000000),
 ( 1.000000000000000000, 0.5253561508258685064, 1.000000000000000000),
 ( 1.000000000000000000, 0.5241205963421765590, 1.000000000000000000),
 ( 1.000000000000000000, 0.5232392712519006173, 1.000000000000000000),
 ( 1.000000000000000000, 0.5235865889240720605, 1.000000000000000000),
 ( 1.000000000000000000, 0.5258604484265823054, 1.000000000000000000),
 ( 1.000000000000000000, 0.5278249214607902973, 1.000000000000000000),
 ( 1.000000000000000000, 0.5334495246589262551, 1.000000000000000000),
 ( 1.000000000000000000, 0.5370980478563781579, 1.000000000000000000),
 ( 1.000000000000000000, 0.5464828346479250198, 1.000000000000000000),
 ( 1.000000000000000000, 0.5522376577072306558, 1.000000000000000000),
 ( 1.000000000000000000, 0.5658802761273754589, 1.000000000000000000),
 ( 1.000000000000000000, 0.5738175469037924969, 1.000000000000000000),
 ( 1.000000000000000000, 0.5925821654376450809, 1.000000000000000000),
 ( 1.000000000000000000, 0.6030944278207978071, 1.000000000000000000),
 ( 1.000000000000000000, 0.6266448139247836613, 1.000000000000000000),
 ( 1.000000000000000000, 0.6398545210496953128, 1.000000000000000000),
 ( 1.000000000000000000, 0.6820545754371734049, 1.000000000000000000),
 ( 1.000000000000000000, 0.7138512095989697492, 1.000000000000000000),
 ( 1.000000000000000000, 0.7456828519991182125, 1.000000000000000000) ) ) 
 REPRESENTATION_ITEM ( '' )  SURFACE ( )  );
#2829 = EDGE_CURVE ( 'NONE', #1022, #1292, #2047, .T. ) ;
#2830 = CARTESIAN_POINT ( 'NONE',  ( 2.272191835612035415, 3.639330061284098417, 156.4501129942188982 ) ) ;
#2831 = ORIENTED_EDGE ( 'NONE', *, *, #1964, .F. ) ;
#2832 = DIRECTION ( 'NONE',  ( -1.000000000000000000, 0.000000000000000000, 0.000000000000000000 ) ) ;
#2833 = CARTESIAN_POINT ( 'NONE',  ( 2.272191835612035415, -2.729437366511529905, 230.6462394845818835 ) ) ;
#2834 = ORIENTED_EDGE ( 'NONE', *, *, #1105, .F. ) ;
#2835 = CARTESIAN_POINT ( 'NONE',  ( 0.8908689095088271337, 2.544625098187018430, 147.0000000000001137 ) ) ;
#2836 = DIRECTION ( 'NONE',  ( -0.000000000000000000, -0.000000000000000000, -1.000000000000000000 ) ) ;
#2837 = CARTESIAN_POINT ( 'NONE',  ( 5.808548910947095578, 1.506555817730222069, -26.67818087281430905 ) ) ;
#2838 = VECTOR ( 'NONE', #2547, 1000.000000000000000 ) ;
#2839 = DIRECTION ( 'NONE',  ( -1.000000000000000000, 0.000000000000000000, 0.000000000000000000 ) ) ;
#2840 = CARTESIAN_POINT ( 'NONE',  ( 0.000000000000000000, 0.000000000000000000, 0.000000000000000000 ) ) ;
#2841 = PRESENTATION_LAYER_ASSIGNMENT (  '', '', ( #1897 ) ) ;
#2842 = FACE_OUTER_BOUND ( 'NONE', #508, .T. ) ;
#2843 = VERTEX_POINT ( 'NONE', #926 ) ;
#2844 = DIRECTION ( 'NONE',  ( -0.9828721869343218787, 0.000000000000000000, 0.1842885350501854425 ) ) ;
#2845 = CARTESIAN_POINT ( 'NONE',  ( 2.272191835612035415, 1.865226333522857605, 224.6259959132765687 ) ) ;
#2846 = EDGE_CURVE ( 'NONE', #1340, #87, #824, .T. ) ;
#2847 = ORIENTED_EDGE ( 'NONE', *, *, #1484, .T. ) ;
#2848 = AXIS2_PLACEMENT_3D ( 'NONE', #1083, #1702, #2892 ) ;
#2849 = DIRECTION ( 'NONE',  ( -1.000000000000000000, 0.000000000000000000, -0.000000000000000000 ) ) ;
#2850 = CARTESIAN_POINT ( 'NONE',  ( -2.272191835612035415, -2.048913145616252596, 160.8351405386610509 ) ) ;
#2851 = ORIENTED_EDGE ( 'NONE', *, *, #1830, .F. ) ;
#2852 = CARTESIAN_POINT ( 'NONE',  ( 1.361232446063224799, 1.469950453989990802, 147.3733875811010989 ) ) ;
#2853 = B_SPLINE_CURVE_WITH_KNOTS ( 'NONE', 3,
 ( #1045, #1469, #2372, #2154, #1951, #140, #2852, #1028, #1932, #1377, #1421, #2278, #2046, #2516, #1627, #2323, #2292, #706, #33, #2532, #1612, #509, #2264, #1201, #1641, #263 ),
 .UNSPECIFIED., .F., .F.,
 ( 4, 2, 2, 2, 2, 2, 2, 2, 2, 2, 2, 2, 4 ),
 ( 0.01472726411760444734, 0.01569024258967862198, 0.01665322106175279315, 0.01761619953382696779, 0.01809768876986405511, 0.01857917800590114243, 0.01906066724193822629, 0.01954215647797531361, 0.02002364571401240093, 0.02050513495004948825, 0.02098662418608657210, 0.02146811342212365942, 0.02243109189419783406 ),
 .UNSPECIFIED. ) ;
#2854 = PLANE ( 'NONE',  #801 ) ;
#2855 = CARTESIAN_POINT ( 'NONE',  ( -5.656854249492380582, -2.000000000000000000, -27.99999999999999645 ) ) ;
#2856 = CARTESIAN_POINT ( 'NONE',  ( 0.6145966325310757705, -3.994514926479677097, 146.9999999999999716 ) ) ;
#2857 = CARTESIAN_POINT ( 'NONE',  ( -2.572607639915024613, 1.344403884904483037, 147.0000000000000284 ) ) ;
#2858 = CIRCLE ( 'NONE', #2474, 2.148948431720242080 ) ;
#2859 = ORIENTED_EDGE ( 'NONE', *, *, #1979, .T. ) ;
#2860 = CARTESIAN_POINT ( 'NONE',  ( 3.997600702067302336, -3.064488671470532832, -33.67727291450950133 ) ) ;
#2861 = CARTESIAN_POINT ( 'NONE',  ( 2.272191835612035415, 15.53171315451684542, 169.4941669348141602 ) ) ;
#2862 = FACE_BOUND ( 'NONE', #1575, .T. ) ;
#2863 = CARTESIAN_POINT ( 'NONE',  ( -2.272191835612035415, -4.621008971207598570, 225.5189411482252808 ) ) ;
#2864 = ORIENTED_EDGE ( 'NONE', *, *, #321, .T. ) ;
#2865 = CARTESIAN_POINT ( 'NONE',  ( 2.288424721753360647, -0.7603134759331583448, 147.9986439441019286 ) ) ;
#2866 = DIRECTION ( 'NONE',  ( 0.000000000000000000, 0.000000000000000000, 1.000000000000000000 ) ) ;
#2867 = CARTESIAN_POINT ( 'NONE',  ( 6.000000000000000888, 7.347880794884120722E-16, 87.00000000000001421 ) ) ;
#2868 = ADVANCED_FACE ( 'NONE', ( #2173, #2795 ), #2117, .T. ) ;
#2869 = CARTESIAN_POINT ( 'NONE',  ( -3.064488671470531944, 3.997600702067303224, -33.67727291450950133 ) ) ;
#2870 = CARTESIAN_POINT ( 'NONE',  ( -0.01893175502720480241, -2.419445590753490194, 146.9999999999848797 ) ) ;
#2871 = ORIENTED_EDGE ( 'NONE', *, *, #2000, .T. ) ;
#2872 = CARTESIAN_POINT ( 'NONE',  ( 2.272191835612035415, -1.791103050249993389, 154.5512286986144659 ) ) ;
#2873 = CARTESIAN_POINT ( 'NONE',  ( 2.272191835612035415, 3.185968063087907254, 231.4470402582689701 ) ) ;
#2874 = CARTESIAN_POINT ( 'NONE',  ( 1.506555817730222069, -5.808548910947095578, -26.67818087281430905 ) ) ;
#2875 = CARTESIAN_POINT ( 'NONE',  ( 3.570714214271422549, -3.500000000000000888, -36.00000000000000000 ) ) ;
#2876 = CARTESIAN_POINT ( 'NONE',  ( -2.272191835612035415, 10.93319900739274964, 189.8951922680345206 ) ) ;
#2877 = CARTESIAN_POINT ( 'NONE',  ( -3.231382463906050440, -0.2466164358180717997, 147.0000000000000284 ) ) ;
#2878 = DIRECTION ( 'NONE',  ( 0.000000000000000000, 0.000000000000000000, 1.000000000000000000 ) ) ;
#2879 = CARTESIAN_POINT ( 'NONE',  ( 0.1321631069711346751, 5.000000000000008882, -25.99999999999998579 ) ) ;
#2880 = ADVANCED_FACE ( 'NONE', ( #2842, #2618 ), #1021, .F. ) ;
#2881 = ORIENTED_EDGE ( 'NONE', *, *, #1089, .F. ) ;
#2882 = FACE_OUTER_BOUND ( 'NONE', #1972, .T. ) ;
#2883 = CARTESIAN_POINT ( 'NONE',  ( -0.02679709171633153086, -3.157841400751496330, 148.4524417187928691 ) ) ;
#2884 = CIRCLE ( 'NONE', #1992, 4.192664568019655036 ) ;
#2885 = EDGE_CURVE ( 'NONE', #659, #2843, #1137, .T. ) ;
#2886 = VECTOR ( 'NONE', #609, 1000.000000000000000 ) ;
#2887 = CARTESIAN_POINT ( 'NONE',  ( 2.000000000000000000, 5.656854249492380582, -27.99999999999999645 ) ) ;
#2888 = CARTESIAN_POINT ( 'NONE',  ( 2.272191835612035415, -0.7300225008427784212, 221.4880319244022360 ) ) ;
#2889 = CARTESIAN_POINT ( 'NONE',  ( -3.500000000000000888, 4.873397172404482447, -36.00000000000000000 ) ) ;
#2890 = ORIENTED_EDGE ( 'NONE', *, *, #1037, .F. ) ;
#2891 = VERTEX_POINT ( 'NONE', #1051 ) ;
#2892 = DIRECTION ( 'NONE',  ( 1.000000000000000000, 0.000000000000000000, 0.000000000000000000 ) ) ;
#2893 = CARTESIAN_POINT ( 'NONE',  ( 2.272191835612035415, -4.439408996699352628, 157.7954528957560854 ) ) ;
#2894 = DIRECTION ( 'NONE',  ( -1.000000000000000000, 0.000000000000000000, 0.000000000000000000 ) ) ;
#2895 = DIRECTION ( 'NONE',  ( -1.000000000000000000, 1.224646799147351482E-16, 0.000000000000000000 ) ) ;
#2896 = TOROIDAL_SURFACE ( 'NONE', #1615, 8.000000000000000000, 1.000000000000000000 ) ;
#2897 = B_SPLINE_CURVE_WITH_KNOTS ( 'NONE', 3,
 ( #2766, #2070, #43, #937, #2528, #1847 ),
 .UNSPECIFIED., .F., .F.,
 ( 4, 2, 4 ),
 ( 0.006880091723454313454, 0.007077378730243301212, 0.007274665737032288970 ),
 .UNSPECIFIED. ) ;
#2898 = ORIENTED_EDGE ( 'NONE', *, *, #1681, .T. ) ;
#2899 = DIRECTION ( 'NONE',  ( -1.000000000000000000, 0.000000000000000000, -0.000000000000000000 ) ) ;
#2900 = CARTESIAN_POINT ( 'NONE',  ( -0.9493314899485097991, -2.953975394741674254, 148.4308790276087393 ) ) ;
#2901 = EDGE_CURVE ( 'NONE', #1731, #451, #1231, .T. ) ;
#2902 = CARTESIAN_POINT ( 'NONE',  ( 2.272191835612035415, 0.8296952599772654535, 229.0996556893304046 ) ) ;
#2903 = CARTESIAN_POINT ( 'NONE',  ( -2.272191835612035415, 3.074258690965611773, 165.5224156063182761 ) ) ;
#2904 = EDGE_CURVE ( 'NONE', #683, #2335, #1653, .T. ) ;
#2905 = AXIS2_PLACEMENT_3D ( 'NONE', #1919, #787, #1649 ) ;
#2906 = ORIENTED_EDGE ( 'NONE', *, *, #2829, .T. ) ;
#2907 = FACE_OUTER_BOUND ( 'NONE', #60, .T. ) ;
#2908 = CARTESIAN_POINT ( 'NONE',  ( 1.613955804335618360, 1.425708368133510540, -25.62531808195623739 ) ) ;
#2909 = CARTESIAN_POINT ( 'NONE',  ( 0.000000000000000000, 0.000000000000000000, 147.0000000000000284 ) ) ;
#2910 = CARTESIAN_POINT ( 'NONE',  ( 0.000000000000000000, 0.000000000000000000, 18.00000000000000355 ) ) ;
#2911 = DIRECTION ( 'NONE',  ( 1.000000000000000000, 0.000000000000000000, 0.000000000000000000 ) ) ;
#2912 = CARTESIAN_POINT ( 'NONE',  ( 2.272191835612035415, 13.87286696617290538, 192.3793002053788541 ) ) ;
#2913 = CARTESIAN_POINT ( 'NONE',  ( 2.034140083005714139, -1.325690712308752239, 147.0000000000117666 ) ) ;
#2914 = CARTESIAN_POINT ( 'NONE',  ( 2.272191835612035415, 2.711613933285028200, 213.0267260637161826 ) ) ;
ENDSEC;
END-ISO-10303-21;
